2026-07-21 23:07:43,266 | INFO | celeba_ood | ======================================================================
2026-07-21 23:07:43,266 | INFO | celeba_ood | Ensemble experiment : celeba_ood_cp128
2026-07-21 23:07:43,266 | INFO | celeba_ood | Config              : configs/celeba_ood_cutpaste128.yaml
2026-07-21 23:07:43,266 | INFO | celeba_ood | Output dir          : outputs/celeba_ood/cp128_20260721_230657_6787580
2026-07-21 23:07:43,266 | INFO | celeba_ood | Device              : cuda
2026-07-21 23:07:43,266 | INFO | celeba_ood | Ensemble size       : 10   seeds = [42, 43, 44, 45, 46, 47, 48, 49, 50, 51]
2026-07-21 23:07:43,266 | INFO | celeba_ood | Decomposition agg   : p95
2026-07-21 23:07:43,287 | INFO | celeba_ood | GPU                 : NVIDIA A40  (torch 2.5.1+cu121, cuda 12.1)
2026-07-21 23:07:43,287 | INFO | celeba_ood | ======================================================================
2026-07-21 23:07:55,108 | INFO | celeba_ood | OOD attributes: Eyeglasses  →  in-dist=189406  ood=13193 images
2026-07-21 23:07:55,332 | INFO | celeba_ood | Train pos rates: Male=39.0%  Arched_Eyebrows=28.4%  Bushy_Eyebrows=14.9%  Narrow_Eyes=11.9%  Bags_Under_Eyes=20.9%  Smiling=48.7%  Young=79.9%
2026-07-21 23:07:55,332 | INFO | celeba_ood | val_ratio=0 → no validation split: 170465 in-dist images train, 18941 held out for test_in (no early stopping, full schedule).
2026-07-21 23:07:55,352 | INFO | celeba_ood | Dataloaders  train=170465  val=0  test_in=18941  test_ood=13193
2026-07-21 23:07:55,353 | INFO | celeba_ood | ######################################################################
2026-07-21 23:07:55,353 | INFO | celeba_ood | # MODEL 1/10   (seed=42, channels=[32, 64, 128, 256, 256], kernel=3)
2026-07-21 23:07:55,353 | INFO | celeba_ood | ######################################################################
2026-07-21 23:07:56,102 | INFO | celeba_ood | Model        : FacialCNN  (981,802 params)
2026-07-21 23:07:56,102 | INFO | celeba_ood | ======================================================================
2026-07-21 23:07:56,102 | INFO | celeba_ood | TRAINING — combined CE(gender) + BCE(attrs) loss
2026-07-21 23:07:56,102 | INFO | celeba_ood | ======================================================================
2026-07-21 23:07:56,103 | INFO | celeba_ood | CutPaste pretext on: {'prob': 0.5, 'area_range': (0.05, 0.15), 'aspect_range': (0.3, 3.3), 'scar_prob': 0.0}  loss_weight=0.5
2026-07-21 23:07:56,103 | INFO | celeba_ood | No validation set — running the full 20-epoch schedule with no early stopping; final-epoch weights are kept.
2026-07-21 23:15:13,413 | INFO | celeba_ood | epoch   1/20  train_loss=0.9964  train_gender_acc=92.7%  train_attr_acc=[76.3 87.5 88.2 80.7 82.8 83.0]%  (437.3s)
2026-07-21 23:16:09,023 | INFO | celeba_ood | epoch   2/20  train_loss=0.7189  train_gender_acc=96.5%  train_attr_acc=[80.0 90.6 89.0 82.9 90.7 86.0]%  (55.6s)
2026-07-21 23:17:04,685 | INFO | celeba_ood | epoch   3/20  train_loss=0.6575  train_gender_acc=97.3%  train_attr_acc=[81.5 91.2 89.6 83.5 91.6 87.0]%  (55.7s)
2026-07-21 23:18:00,392 | INFO | celeba_ood | epoch   4/20  train_loss=0.6235  train_gender_acc=97.6%  train_attr_acc=[82.5 91.4 89.7 84.3 92.0 87.9]%  (55.7s)
2026-07-21 23:18:56,303 | INFO | celeba_ood | epoch   5/20  train_loss=0.6010  train_gender_acc=97.9%  train_attr_acc=[83.3 91.7 89.8 84.2 92.4 88.2]%  (55.9s)
2026-07-21 23:19:52,204 | INFO | celeba_ood | epoch   6/20  train_loss=0.5809  train_gender_acc=98.2%  train_attr_acc=[83.6 91.7 90.3 84.6 92.7 88.7]%  (55.9s)
2026-07-21 23:20:47,829 | INFO | celeba_ood | epoch   7/20  train_loss=0.5700  train_gender_acc=98.3%  train_attr_acc=[83.9 91.9 90.2 84.7 92.8 88.9]%  (55.6s)
2026-07-21 23:21:43,628 | INFO | celeba_ood | epoch   8/20  train_loss=0.5598  train_gender_acc=98.4%  train_attr_acc=[83.9 91.9 90.3 84.9 92.9 89.2]%  (55.8s)
2026-07-21 23:22:39,376 | INFO | celeba_ood | epoch   9/20  train_loss=0.5499  train_gender_acc=98.5%  train_attr_acc=[84.4 92.1 90.2 84.9 93.2 89.4]%  (55.7s)
2026-07-21 23:23:34,975 | INFO | celeba_ood | epoch  10/20  train_loss=0.5359  train_gender_acc=98.7%  train_attr_acc=[84.8 92.2 90.3 85.2 93.4 89.6]%  (55.6s)
2026-07-21 23:24:30,625 | INFO | celeba_ood | epoch  11/20  train_loss=0.5254  train_gender_acc=98.8%  train_attr_acc=[84.8 92.3 90.6 85.4 93.4 89.8]%  (55.6s)
2026-07-21 23:25:25,672 | INFO | celeba_ood | epoch  12/20  train_loss=0.5205  train_gender_acc=98.9%  train_attr_acc=[84.9 92.4 90.3 85.7 93.7 90.0]%  (55.0s)
2026-07-21 23:26:19,971 | INFO | celeba_ood | epoch  13/20  train_loss=0.5094  train_gender_acc=99.0%  train_attr_acc=[85.1 92.6 90.7 85.6 93.7 90.1]%  (54.3s)
2026-07-21 23:27:14,716 | INFO | celeba_ood | epoch  14/20  train_loss=0.4976  train_gender_acc=99.1%  train_attr_acc=[85.5 92.7 90.8 85.9 93.8 90.5]%  (54.7s)
2026-07-21 23:28:09,975 | INFO | celeba_ood | epoch  15/20  train_loss=0.4913  train_gender_acc=99.2%  train_attr_acc=[85.8 92.7 90.8 86.0 94.0 90.6]%  (55.3s)
2026-07-21 23:29:04,164 | INFO | celeba_ood | epoch  16/20  train_loss=0.4797  train_gender_acc=99.3%  train_attr_acc=[85.8 92.8 90.9 86.5 94.1 90.9]%  (54.2s)
2026-07-21 23:29:58,209 | INFO | celeba_ood | epoch  17/20  train_loss=0.4726  train_gender_acc=99.3%  train_attr_acc=[86.0 93.0 90.9 86.4 94.3 91.1]%  (54.0s)
2026-07-21 23:30:53,147 | INFO | celeba_ood | epoch  18/20  train_loss=0.4624  train_gender_acc=99.4%  train_attr_acc=[86.4 93.1 90.9 86.6 94.6 91.3]%  (54.9s)
2026-07-21 23:31:48,786 | INFO | celeba_ood | epoch  19/20  train_loss=0.4554  train_gender_acc=99.5%  train_attr_acc=[86.5 93.1 91.1 86.7 94.5 91.5]%  (55.6s)
2026-07-21 23:32:44,631 | INFO | celeba_ood | epoch  20/20  train_loss=0.4465  train_gender_acc=99.5%  train_attr_acc=[86.7 93.3 91.4 87.1 94.7 91.7]%  (55.8s)
2026-07-21 23:32:44,632 | INFO | celeba_ood | Training done in 1488.5s
2026-07-21 23:32:44,843 | INFO | celeba_ood | ======================================================================
2026-07-21 23:32:44,843 | INFO | celeba_ood | PHASE 2 — training per-block reconstruction decoders
2026-07-21 23:32:44,843 | INFO | celeba_ood | ======================================================================
2026-07-21 23:32:44,844 | INFO | celeba_ood |   decoder L0: in=(C=32, H=64) → out=(3, 128, 128)  params=8,275
2026-07-21 23:32:44,844 | INFO | celeba_ood |   decoder L1: in=(C=64, H=32) → out=(3, 128, 128)  params=41,107
2026-07-21 23:32:44,844 | INFO | celeba_ood |   decoder L2: in=(C=128, H=16) → out=(3, 128, 128)  params=172,307
2026-07-21 23:32:44,844 | INFO | celeba_ood |   decoder L3: in=(C=256, H=8) → out=(3, 128, 128)  params=696,851
2026-07-21 23:32:44,844 | INFO | celeba_ood |   decoder L4: in=(C=256, H=8) → out=(3, 128, 128)  params=696,851
2026-07-21 23:34:36,432 | INFO | celeba_ood | [decoders] epoch   1/25  train=0.0484  per_block(train)=[0.0034 0.0054 0.0077 0.0117 0.0202]  (111.6s)
2026-07-21 23:36:26,770 | INFO | celeba_ood | [decoders] epoch   2/25  train=0.0278  per_block(train)=[0.0007 0.0019 0.0040 0.0067 0.0146]  (110.3s)
2026-07-21 23:38:17,151 | INFO | celeba_ood | [decoders] epoch   3/25  train=0.0261  per_block(train)=[0.0006 0.0018 0.0038 0.0063 0.0136]  (110.4s)
2026-07-21 23:40:07,524 | INFO | celeba_ood | [decoders] epoch   4/25  train=0.0251  per_block(train)=[0.0006 0.0017 0.0037 0.0061 0.0131]  (110.4s)
2026-07-21 23:41:57,853 | INFO | celeba_ood | [decoders] epoch   5/25  train=0.0246  per_block(train)=[0.0006 0.0017 0.0036 0.0060 0.0127]  (110.3s)
2026-07-21 23:43:48,247 | INFO | celeba_ood | [decoders] epoch   6/25  train=0.0240  per_block(train)=[0.0005 0.0016 0.0035 0.0058 0.0125]  (110.4s)
2026-07-21 23:45:38,563 | INFO | celeba_ood | [decoders] epoch   7/25  train=0.0238  per_block(train)=[0.0005 0.0016 0.0035 0.0058 0.0123]  (110.3s)
2026-07-21 23:47:28,933 | INFO | celeba_ood | [decoders] epoch   8/25  train=0.0235  per_block(train)=[0.0005 0.0016 0.0035 0.0057 0.0122]  (110.4s)
2026-07-21 23:49:19,259 | INFO | celeba_ood | [decoders] epoch   9/25  train=0.0233  per_block(train)=[0.0005 0.0016 0.0034 0.0057 0.0120]  (110.3s)
2026-07-21 23:51:09,563 | INFO | celeba_ood | [decoders] epoch  10/25  train=0.0231  per_block(train)=[0.0005 0.0016 0.0034 0.0056 0.0119]  (110.3s)
2026-07-21 23:52:59,908 | INFO | celeba_ood | [decoders] epoch  11/25  train=0.0229  per_block(train)=[0.0005 0.0016 0.0034 0.0056 0.0119]  (110.3s)
2026-07-21 23:54:50,237 | INFO | celeba_ood | [decoders] epoch  12/25  train=0.0227  per_block(train)=[0.0005 0.0016 0.0034 0.0055 0.0118]  (110.3s)
2026-07-21 23:56:40,579 | INFO | celeba_ood | [decoders] epoch  13/25  train=0.0226  per_block(train)=[0.0005 0.0016 0.0034 0.0055 0.0117]  (110.3s)
2026-07-21 23:58:30,923 | INFO | celeba_ood | [decoders] epoch  14/25  train=0.0225  per_block(train)=[0.0005 0.0016 0.0034 0.0055 0.0117]  (110.3s)
2026-07-22 00:00:21,228 | INFO | celeba_ood | [decoders] epoch  15/25  train=0.0224  per_block(train)=[0.0005 0.0015 0.0033 0.0055 0.0116]  (110.3s)
2026-07-22 00:02:11,565 | INFO | celeba_ood | [decoders] epoch  16/25  train=0.0223  per_block(train)=[0.0005 0.0015 0.0033 0.0054 0.0115]  (110.3s)
2026-07-22 00:04:01,866 | INFO | celeba_ood | [decoders] epoch  17/25  train=0.0222  per_block(train)=[0.0004 0.0015 0.0033 0.0054 0.0115]  (110.3s)
2026-07-22 00:05:52,205 | INFO | celeba_ood | [decoders] epoch  18/25  train=0.0222  per_block(train)=[0.0004 0.0015 0.0033 0.0054 0.0115]  (110.3s)
2026-07-22 00:07:42,526 | INFO | celeba_ood | [decoders] epoch  19/25  train=0.0221  per_block(train)=[0.0004 0.0015 0.0033 0.0054 0.0114]  (110.3s)
2026-07-22 00:09:32,878 | INFO | celeba_ood | [decoders] epoch  20/25  train=0.0220  per_block(train)=[0.0004 0.0015 0.0033 0.0054 0.0114]  (110.4s)
2026-07-22 00:11:23,236 | INFO | celeba_ood | [decoders] epoch  21/25  train=0.0220  per_block(train)=[0.0004 0.0015 0.0033 0.0054 0.0113]  (110.4s)
2026-07-22 00:13:13,570 | INFO | celeba_ood | [decoders] epoch  22/25  train=0.0219  per_block(train)=[0.0004 0.0015 0.0033 0.0053 0.0113]  (110.3s)
2026-07-22 00:15:03,909 | INFO | celeba_ood | [decoders] epoch  23/25  train=0.0219  per_block(train)=[0.0004 0.0015 0.0033 0.0053 0.0113]  (110.3s)
2026-07-22 00:16:54,224 | INFO | celeba_ood | [decoders] epoch  24/25  train=0.0219  per_block(train)=[0.0004 0.0015 0.0033 0.0053 0.0113]  (110.3s)
2026-07-22 00:18:44,513 | INFO | celeba_ood | [decoders] epoch  25/25  train=0.0218  per_block(train)=[0.0004 0.0015 0.0033 0.0053 0.0112]  (110.3s)
2026-07-22 00:18:44,514 | INFO | celeba_ood | Decoder training done in 2759.7s
2026-07-22 00:18:44,543 | INFO | celeba_ood | ======================================================================
2026-07-22 00:18:44,543 | INFO | celeba_ood | EVALUATION — per-attribute accuracy + OOD AUROC
2026-07-22 00:18:44,543 | INFO | celeba_ood | ======================================================================
2026-07-22 00:18:44,543 | INFO | celeba_ood | Collecting predictions on test_in...
2026-07-22 00:19:27,099 | INFO | celeba_ood |   test_in size = 18941, OOD score (attr entropy) mean = 0.2452
2026-07-22 00:19:27,099 | INFO | celeba_ood | Collecting predictions on test_ood (Eyeglasses)...
2026-07-22 00:19:39,436 | INFO | celeba_ood |   test_ood size = 13193, OOD score (attr entropy) mean = 0.2949
2026-07-22 00:19:39,580 | INFO | celeba_ood | Per-attribute accuracy (in-distribution test set):
2026-07-22 00:19:39,580 | INFO | celeba_ood |   Male/Female : 63.03%
2026-07-22 00:19:39,580 | INFO | celeba_ood |   Arched_Eyebrows       : 75.05%
2026-07-22 00:19:39,580 | INFO | celeba_ood |   Bushy_Eyebrows        : 82.29%
2026-07-22 00:19:39,580 | INFO | celeba_ood |   Narrow_Eyes           : 89.78%
2026-07-22 00:19:39,580 | INFO | celeba_ood |   Bags_Under_Eyes       : 71.26%
2026-07-22 00:19:39,580 | INFO | celeba_ood |   Smiling               : 70.98%
2026-07-22 00:19:39,580 | INFO | celeba_ood |   Young                 : 87.63%
2026-07-22 00:19:39,580 | INFO | celeba_ood | OOD AUROC (in-dist vs Eyeglasses):
2026-07-22 00:19:39,580 | INFO | celeba_ood |   score_entropy_gender     AUROC = 0.2958  (in_mean=0.122, ood_mean=0.004)
2026-07-22 00:19:39,580 | INFO | celeba_ood |   score_entropy_attrs      AUROC = 0.6701  (in_mean=0.245, ood_mean=0.295)
2026-07-22 00:20:45,442 | INFO | celeba_ood | Wrote per-block plots: per_block_breakdown.png, recons_only.png, activations.png, fusion_overlay.png
2026-07-22 00:20:45,444 | INFO | celeba_ood | Summary written to outputs/celeba_ood/cp128_20260721_230657_6787580/model_0/summary.json
2026-07-22 00:20:45,446 | INFO | celeba_ood | model 1/10 done in 4370.1s
2026-07-22 00:20:45,455 | INFO | celeba_ood | ######################################################################
2026-07-22 00:20:45,455 | INFO | celeba_ood | # MODEL 2/10   (seed=43, channels=[24, 48, 96, 192, 384], kernel=3)
2026-07-22 00:20:45,455 | INFO | celeba_ood | ######################################################################
2026-07-22 00:20:45,486 | INFO | celeba_ood | Model        : FacialCNN  (887,266 params)
2026-07-22 00:20:45,486 | INFO | celeba_ood | ======================================================================
2026-07-22 00:20:45,486 | INFO | celeba_ood | TRAINING — combined CE(gender) + BCE(attrs) loss
2026-07-22 00:20:45,486 | INFO | celeba_ood | ======================================================================
2026-07-22 00:20:45,486 | INFO | celeba_ood | CutPaste pretext on: {'prob': 0.5, 'area_range': (0.05, 0.15), 'aspect_range': (0.3, 3.3), 'scar_prob': 0.0}  loss_weight=0.5
2026-07-22 00:20:45,486 | INFO | celeba_ood | No validation set — running the full 20-epoch schedule with no early stopping; final-epoch weights are kept.
2026-07-22 00:21:41,502 | INFO | celeba_ood | epoch   1/20  train_loss=1.0370  train_gender_acc=91.9%  train_attr_acc=[75.5 87.8 88.2 80.6 81.0 82.7]%  (56.0s)
2026-07-22 00:22:37,417 | INFO | celeba_ood | epoch   2/20  train_loss=0.7459  train_gender_acc=96.2%  train_attr_acc=[79.6 90.7 88.6 82.4 90.5 85.5]%  (55.9s)
2026-07-22 00:23:33,124 | INFO | celeba_ood | epoch   3/20  train_loss=0.6811  train_gender_acc=97.0%  train_attr_acc=[81.2 91.0 89.2 83.1 91.4 86.7]%  (55.7s)
2026-07-22 00:24:28,973 | INFO | celeba_ood | epoch   4/20  train_loss=0.6412  train_gender_acc=97.4%  train_attr_acc=[82.1 91.4 89.5 83.6 91.9 87.7]%  (55.8s)
2026-07-22 00:25:24,746 | INFO | celeba_ood | epoch   5/20  train_loss=0.6207  train_gender_acc=97.6%  train_attr_acc=[82.7 91.6 89.7 84.2 92.2 87.9]%  (55.8s)
2026-07-22 00:26:20,419 | INFO | celeba_ood | epoch   6/20  train_loss=0.5998  train_gender_acc=97.9%  train_attr_acc=[83.0 91.6 89.9 84.2 92.4 88.4]%  (55.7s)
2026-07-22 00:27:15,925 | INFO | celeba_ood | epoch   7/20  train_loss=0.5893  train_gender_acc=98.1%  train_attr_acc=[83.4 91.8 89.9 84.5 92.6 88.6]%  (55.5s)
2026-07-22 00:28:11,466 | INFO | celeba_ood | epoch   8/20  train_loss=0.5734  train_gender_acc=98.3%  train_attr_acc=[83.8 91.7 90.1 84.7 92.7 88.8]%  (55.5s)
2026-07-22 00:29:06,860 | INFO | celeba_ood | epoch   9/20  train_loss=0.5667  train_gender_acc=98.3%  train_attr_acc=[84.1 91.9 90.1 84.8 92.9 89.0]%  (55.4s)
2026-07-22 00:30:02,065 | INFO | celeba_ood | epoch  10/20  train_loss=0.5554  train_gender_acc=98.5%  train_attr_acc=[84.0 92.2 90.1 85.0 93.0 89.3]%  (55.2s)
2026-07-22 00:30:57,254 | INFO | celeba_ood | epoch  11/20  train_loss=0.5472  train_gender_acc=98.6%  train_attr_acc=[84.3 92.2 90.3 85.2 93.1 89.4]%  (55.2s)
2026-07-22 00:31:52,270 | INFO | celeba_ood | epoch  12/20  train_loss=0.5371  train_gender_acc=98.7%  train_attr_acc=[84.3 92.2 90.3 85.2 93.2 89.5]%  (55.0s)
2026-07-22 00:32:47,678 | INFO | celeba_ood | epoch  13/20  train_loss=0.5289  train_gender_acc=98.9%  train_attr_acc=[84.7 92.2 90.3 85.4 93.4 89.8]%  (55.4s)
2026-07-22 00:33:46,671 | INFO | celeba_ood | epoch  14/20  train_loss=0.5226  train_gender_acc=98.9%  train_attr_acc=[85.0 92.1 90.5 85.4 93.6 89.8]%  (59.0s)
2026-07-22 00:34:42,167 | INFO | celeba_ood | epoch  15/20  train_loss=0.5140  train_gender_acc=99.0%  train_attr_acc=[84.9 92.6 90.5 85.6 93.5 89.9]%  (55.5s)
2026-07-22 00:35:37,748 | INFO | celeba_ood | epoch  16/20  train_loss=0.5074  train_gender_acc=99.1%  train_attr_acc=[85.2 92.4 90.6 85.7 93.7 90.3]%  (55.6s)
2026-07-22 00:36:33,188 | INFO | celeba_ood | epoch  17/20  train_loss=0.5016  train_gender_acc=99.2%  train_attr_acc=[85.3 92.5 90.7 85.8 93.8 90.3]%  (55.4s)
2026-07-22 00:37:28,321 | INFO | celeba_ood | epoch  18/20  train_loss=0.4956  train_gender_acc=99.3%  train_attr_acc=[85.4 92.5 90.8 85.8 93.8 90.6]%  (55.1s)
2026-07-22 00:38:23,500 | INFO | celeba_ood | epoch  19/20  train_loss=0.4870  train_gender_acc=99.3%  train_attr_acc=[85.5 92.7 90.9 86.2 94.0 90.7]%  (55.2s)
2026-07-22 00:39:18,730 | INFO | celeba_ood | epoch  20/20  train_loss=0.4829  train_gender_acc=99.3%  train_attr_acc=[85.7 92.7 90.8 86.3 93.8 90.7]%  (55.2s)
2026-07-22 00:39:18,731 | INFO | celeba_ood | Training done in 1113.2s
2026-07-22 00:39:18,932 | INFO | celeba_ood | ======================================================================
2026-07-22 00:39:18,932 | INFO | celeba_ood | PHASE 2 — training per-block reconstruction decoders
2026-07-22 00:39:18,932 | INFO | celeba_ood | ======================================================================
2026-07-22 00:39:18,933 | INFO | celeba_ood |   decoder L0: in=(C=24, H=64) → out=(3, 128, 128)  params=6,227
2026-07-22 00:39:18,933 | INFO | celeba_ood |   decoder L1: in=(C=48, H=32) → out=(3, 128, 128)  params=24,707
2026-07-22 00:39:18,933 | INFO | celeba_ood |   decoder L2: in=(C=96, H=16) → out=(3, 128, 128)  params=98,531
2026-07-22 00:39:18,933 | INFO | celeba_ood |   decoder L3: in=(C=192, H=8) → out=(3, 128, 128)  params=393,635
2026-07-22 00:39:18,933 | INFO | celeba_ood |   decoder L4: in=(C=384, H=8) → out=(3, 128, 128)  params=1,567,515
2026-07-22 00:41:14,714 | INFO | celeba_ood | [decoders] epoch   1/25  train=0.0468  per_block(train)=[0.0037 0.0042 0.0094 0.0110 0.0186]  (115.8s)
2026-07-22 00:43:10,334 | INFO | celeba_ood | [decoders] epoch   2/25  train=0.0278  per_block(train)=[0.0008 0.0020 0.0046 0.0074 0.0130]  (115.6s)
2026-07-22 00:45:05,944 | INFO | celeba_ood | [decoders] epoch   3/25  train=0.0260  per_block(train)=[0.0007 0.0019 0.0044 0.0070 0.0120]  (115.6s)
2026-07-22 00:47:01,535 | INFO | celeba_ood | [decoders] epoch   4/25  train=0.0250  per_block(train)=[0.0007 0.0018 0.0043 0.0068 0.0115]  (115.6s)
2026-07-22 00:48:57,064 | INFO | celeba_ood | [decoders] epoch   5/25  train=0.0244  per_block(train)=[0.0006 0.0018 0.0042 0.0067 0.0111]  (115.5s)
2026-07-22 00:50:52,637 | INFO | celeba_ood | [decoders] epoch   6/25  train=0.0240  per_block(train)=[0.0006 0.0018 0.0041 0.0066 0.0109]  (115.6s)
2026-07-22 00:52:48,160 | INFO | celeba_ood | [decoders] epoch   7/25  train=0.0236  per_block(train)=[0.0006 0.0017 0.0041 0.0065 0.0107]  (115.5s)
2026-07-22 00:54:43,716 | INFO | celeba_ood | [decoders] epoch   8/25  train=0.0234  per_block(train)=[0.0006 0.0017 0.0041 0.0065 0.0105]  (115.6s)
2026-07-22 00:56:39,221 | INFO | celeba_ood | [decoders] epoch   9/25  train=0.0232  per_block(train)=[0.0006 0.0017 0.0040 0.0064 0.0104]  (115.5s)
2026-07-22 00:58:34,765 | INFO | celeba_ood | [decoders] epoch  10/25  train=0.0230  per_block(train)=[0.0006 0.0017 0.0040 0.0064 0.0103]  (115.5s)
2026-07-22 01:00:30,256 | INFO | celeba_ood | [decoders] epoch  11/25  train=0.0228  per_block(train)=[0.0005 0.0017 0.0040 0.0064 0.0102]  (115.5s)
2026-07-22 01:02:25,793 | INFO | celeba_ood | [decoders] epoch  12/25  train=0.0226  per_block(train)=[0.0005 0.0017 0.0040 0.0063 0.0101]  (115.5s)
2026-07-22 01:04:21,271 | INFO | celeba_ood | [decoders] epoch  13/25  train=0.0225  per_block(train)=[0.0005 0.0017 0.0039 0.0063 0.0101]  (115.5s)
2026-07-22 01:06:16,837 | INFO | celeba_ood | [decoders] epoch  14/25  train=0.0224  per_block(train)=[0.0005 0.0017 0.0039 0.0063 0.0100]  (115.6s)
2026-07-22 01:08:12,318 | INFO | celeba_ood | [decoders] epoch  15/25  train=0.0223  per_block(train)=[0.0005 0.0017 0.0039 0.0063 0.0099]  (115.5s)
2026-07-22 01:10:07,902 | INFO | celeba_ood | [decoders] epoch  16/25  train=0.0222  per_block(train)=[0.0005 0.0017 0.0039 0.0062 0.0099]  (115.6s)
2026-07-22 01:12:03,459 | INFO | celeba_ood | [decoders] epoch  17/25  train=0.0222  per_block(train)=[0.0005 0.0017 0.0039 0.0062 0.0098]  (115.6s)
2026-07-22 01:13:59,013 | INFO | celeba_ood | [decoders] epoch  18/25  train=0.0221  per_block(train)=[0.0005 0.0017 0.0039 0.0062 0.0098]  (115.6s)
2026-07-22 01:15:54,600 | INFO | celeba_ood | [decoders] epoch  19/25  train=0.0220  per_block(train)=[0.0005 0.0017 0.0039 0.0062 0.0098]  (115.6s)
2026-07-22 01:17:50,139 | INFO | celeba_ood | [decoders] epoch  20/25  train=0.0219  per_block(train)=[0.0005 0.0017 0.0039 0.0062 0.0097]  (115.5s)
2026-07-22 01:19:45,728 | INFO | celeba_ood | [decoders] epoch  21/25  train=0.0219  per_block(train)=[0.0005 0.0017 0.0039 0.0062 0.0097]  (115.6s)
2026-07-22 01:21:41,320 | INFO | celeba_ood | [decoders] epoch  22/25  train=0.0219  per_block(train)=[0.0005 0.0017 0.0039 0.0062 0.0097]  (115.6s)
2026-07-22 01:23:36,910 | INFO | celeba_ood | [decoders] epoch  23/25  train=0.0218  per_block(train)=[0.0005 0.0017 0.0039 0.0061 0.0096]  (115.6s)
2026-07-22 01:25:32,534 | INFO | celeba_ood | [decoders] epoch  24/25  train=0.0217  per_block(train)=[0.0005 0.0016 0.0038 0.0061 0.0096]  (115.6s)
2026-07-22 01:27:28,071 | INFO | celeba_ood | [decoders] epoch  25/25  train=0.0217  per_block(train)=[0.0005 0.0016 0.0038 0.0061 0.0096]  (115.5s)
2026-07-22 01:27:28,074 | INFO | celeba_ood | Decoder training done in 2889.1s
2026-07-22 01:27:28,112 | INFO | celeba_ood | ======================================================================
2026-07-22 01:27:28,112 | INFO | celeba_ood | EVALUATION — per-attribute accuracy + OOD AUROC
2026-07-22 01:27:28,112 | INFO | celeba_ood | ======================================================================
2026-07-22 01:27:28,112 | INFO | celeba_ood | Collecting predictions on test_in...
2026-07-22 01:27:34,364 | INFO | celeba_ood |   test_in size = 18941, OOD score (attr entropy) mean = 0.2153
2026-07-22 01:27:34,364 | INFO | celeba_ood | Collecting predictions on test_ood (Eyeglasses)...
2026-07-22 01:27:38,229 | INFO | celeba_ood |   test_ood size = 13193, OOD score (attr entropy) mean = 0.2341
2026-07-22 01:27:38,254 | INFO | celeba_ood | Per-attribute accuracy (in-distribution test set):
2026-07-22 01:27:38,254 | INFO | celeba_ood |   Male/Female : 98.22%
2026-07-22 01:27:38,254 | INFO | celeba_ood |   Arched_Eyebrows       : 83.32%
2026-07-22 01:27:38,254 | INFO | celeba_ood |   Bushy_Eyebrows        : 91.14%
2026-07-22 01:27:38,254 | INFO | celeba_ood |   Narrow_Eyes           : 90.48%
2026-07-22 01:27:38,255 | INFO | celeba_ood |   Bags_Under_Eyes       : 82.45%
2026-07-22 01:27:38,255 | INFO | celeba_ood |   Smiling               : 85.29%
2026-07-22 01:27:38,255 | INFO | celeba_ood |   Young                 : 87.34%
2026-07-22 01:27:38,255 | INFO | celeba_ood | OOD AUROC (in-dist vs Eyeglasses):
2026-07-22 01:27:38,255 | INFO | celeba_ood |   score_entropy_gender     AUROC = 0.7632  (in_mean=0.028, ood_mean=0.097)
2026-07-22 01:27:38,255 | INFO | celeba_ood |   score_entropy_attrs      AUROC = 0.5645  (in_mean=0.215, ood_mean=0.234)
2026-07-22 01:28:44,384 | INFO | celeba_ood | Wrote per-block plots: per_block_breakdown.png, recons_only.png, activations.png, fusion_overlay.png
2026-07-22 01:28:44,385 | INFO | celeba_ood | Summary written to outputs/celeba_ood/cp128_20260721_230657_6787580/model_1/summary.json
2026-07-22 01:28:44,388 | INFO | celeba_ood | model 2/10 done in 4078.9s
2026-07-22 01:28:44,397 | INFO | celeba_ood | ######################################################################
2026-07-22 01:28:44,397 | INFO | celeba_ood | # MODEL 3/10   (seed=44, channels=[48, 96, 192, 256, 256], kernel=3)
2026-07-22 01:28:44,397 | INFO | celeba_ood | ######################################################################
2026-07-22 01:28:44,437 | INFO | celeba_ood | Model        : FacialCNN  (1,245,114 params)
2026-07-22 01:28:44,437 | INFO | celeba_ood | ======================================================================
2026-07-22 01:28:44,437 | INFO | celeba_ood | TRAINING — combined CE(gender) + BCE(attrs) loss
2026-07-22 01:28:44,437 | INFO | celeba_ood | ======================================================================
2026-07-22 01:28:44,438 | INFO | celeba_ood | CutPaste pretext on: {'prob': 0.5, 'area_range': (0.05, 0.15), 'aspect_range': (0.3, 3.3), 'scar_prob': 0.0}  loss_weight=0.5
2026-07-22 01:28:44,438 | INFO | celeba_ood | No validation set — running the full 20-epoch schedule with no early stopping; final-epoch weights are kept.
2026-07-22 01:29:54,086 | INFO | celeba_ood | epoch   1/20  train_loss=0.9552  train_gender_acc=93.2%  train_attr_acc=[77.4 88.6 87.3 80.9 83.6 83.4]%  (69.6s)
2026-07-22 01:31:03,208 | INFO | celeba_ood | epoch   2/20  train_loss=0.6863  train_gender_acc=96.9%  train_attr_acc=[81.1 91.0 89.3 83.2 91.3 86.4]%  (69.1s)
2026-07-22 01:32:12,139 | INFO | celeba_ood | epoch   3/20  train_loss=0.6302  train_gender_acc=97.5%  train_attr_acc=[82.4 91.4 89.8 83.9 92.0 87.6]%  (68.9s)
2026-07-22 01:33:21,783 | INFO | celeba_ood | epoch   4/20  train_loss=0.6008  train_gender_acc=97.8%  train_attr_acc=[83.5 91.5 90.2 84.1 92.4 88.2]%  (69.6s)
2026-07-22 01:34:31,313 | INFO | celeba_ood | epoch   5/20  train_loss=0.5819  train_gender_acc=98.1%  train_attr_acc=[83.9 91.7 90.0 84.4 92.7 88.8]%  (69.5s)
2026-07-22 01:35:40,666 | INFO | celeba_ood | epoch   6/20  train_loss=0.5656  train_gender_acc=98.3%  train_attr_acc=[84.0 92.0 90.1 84.8 92.8 89.1]%  (69.4s)
2026-07-22 01:36:49,978 | INFO | celeba_ood | epoch   7/20  train_loss=0.5543  train_gender_acc=98.5%  train_attr_acc=[84.3 92.1 90.2 84.8 93.0 89.4]%  (69.3s)
2026-07-22 01:37:59,281 | INFO | celeba_ood | epoch   8/20  train_loss=0.5413  train_gender_acc=98.6%  train_attr_acc=[84.5 92.2 90.5 85.2 93.3 89.3]%  (69.3s)
2026-07-22 01:39:08,707 | INFO | celeba_ood | epoch   9/20  train_loss=0.5292  train_gender_acc=98.8%  train_attr_acc=[84.9 92.3 90.4 85.4 93.4 89.7]%  (69.4s)
2026-07-22 01:40:18,057 | INFO | celeba_ood | epoch  10/20  train_loss=0.5192  train_gender_acc=98.8%  train_attr_acc=[85.0 92.4 90.5 85.4 93.6 89.9]%  (69.3s)
2026-07-22 01:41:27,623 | INFO | celeba_ood | epoch  11/20  train_loss=0.5088  train_gender_acc=99.0%  train_attr_acc=[85.4 92.5 90.6 85.6 93.6 90.1]%  (69.6s)
2026-07-22 01:42:36,981 | INFO | celeba_ood | epoch  12/20  train_loss=0.4996  train_gender_acc=99.1%  train_attr_acc=[85.5 92.5 90.6 85.9 93.8 90.5]%  (69.4s)
2026-07-22 01:43:46,682 | INFO | celeba_ood | epoch  13/20  train_loss=0.4864  train_gender_acc=99.2%  train_attr_acc=[85.8 92.7 90.9 86.1 94.1 90.7]%  (69.7s)
2026-07-22 01:44:56,252 | INFO | celeba_ood | epoch  14/20  train_loss=0.4783  train_gender_acc=99.2%  train_attr_acc=[85.9 92.8 91.0 86.4 94.2 91.0]%  (69.6s)
2026-07-22 01:46:05,715 | INFO | celeba_ood | epoch  15/20  train_loss=0.4662  train_gender_acc=99.4%  train_attr_acc=[86.3 93.0 91.1 86.4 94.4 91.3]%  (69.5s)
2026-07-22 01:47:15,125 | INFO | celeba_ood | epoch  16/20  train_loss=0.4595  train_gender_acc=99.4%  train_attr_acc=[86.5 93.2 91.2 86.6 94.5 91.4]%  (69.4s)
2026-07-22 01:48:24,075 | INFO | celeba_ood | epoch  17/20  train_loss=0.4461  train_gender_acc=99.5%  train_attr_acc=[86.8 93.3 91.2 87.1 94.8 91.8]%  (68.9s)
2026-07-22 01:49:33,006 | INFO | celeba_ood | epoch  18/20  train_loss=0.4365  train_gender_acc=99.5%  train_attr_acc=[87.1 93.5 91.3 87.2 94.7 92.1]%  (68.9s)
2026-07-22 01:50:41,862 | INFO | celeba_ood | epoch  19/20  train_loss=0.4249  train_gender_acc=99.6%  train_attr_acc=[87.4 93.6 91.5 87.6 95.1 92.3]%  (68.9s)
2026-07-22 01:51:51,092 | INFO | celeba_ood | epoch  20/20  train_loss=0.4132  train_gender_acc=99.6%  train_attr_acc=[87.7 93.7 91.6 87.8 95.3 92.8]%  (69.2s)
2026-07-22 01:51:51,093 | INFO | celeba_ood | Training done in 1386.7s
2026-07-22 01:51:51,309 | INFO | celeba_ood | ======================================================================
2026-07-22 01:51:51,309 | INFO | celeba_ood | PHASE 2 — training per-block reconstruction decoders
2026-07-22 01:51:51,309 | INFO | celeba_ood | ======================================================================
2026-07-22 01:51:51,309 | INFO | celeba_ood |   decoder L0: in=(C=48, H=64) → out=(3, 128, 128)  params=18,555
2026-07-22 01:51:51,309 | INFO | celeba_ood |   decoder L1: in=(C=96, H=32) → out=(3, 128, 128)  params=92,379
2026-07-22 01:51:51,309 | INFO | celeba_ood |   decoder L2: in=(C=192, H=16) → out=(3, 128, 128)  params=387,483
2026-07-22 01:51:51,309 | INFO | celeba_ood |   decoder L3: in=(C=256, H=8) → out=(3, 128, 128)  params=696,851
2026-07-22 01:51:51,309 | INFO | celeba_ood |   decoder L4: in=(C=256, H=8) → out=(3, 128, 128)  params=696,851
2026-07-22 01:54:07,739 | INFO | celeba_ood | [decoders] epoch   1/25  train=0.0470  per_block(train)=[0.0025 0.0034 0.0059 0.0105 0.0247]  (136.4s)
2026-07-22 01:56:24,108 | INFO | celeba_ood | [decoders] epoch   2/25  train=0.0293  per_block(train)=[0.0006 0.0013 0.0030 0.0067 0.0177]  (136.4s)
2026-07-22 01:58:40,461 | INFO | celeba_ood | [decoders] epoch   3/25  train=0.0272  per_block(train)=[0.0005 0.0012 0.0028 0.0063 0.0163]  (136.4s)
2026-07-22 02:00:56,846 | INFO | celeba_ood | [decoders] epoch   4/25  train=0.0260  per_block(train)=[0.0005 0.0012 0.0027 0.0061 0.0156]  (136.4s)
2026-07-22 02:03:13,174 | INFO | celeba_ood | [decoders] epoch   5/25  train=0.0253  per_block(train)=[0.0005 0.0012 0.0026 0.0059 0.0151]  (136.3s)
2026-07-22 02:05:29,557 | INFO | celeba_ood | [decoders] epoch   6/25  train=0.0247  per_block(train)=[0.0004 0.0011 0.0026 0.0058 0.0147]  (136.4s)
2026-07-22 02:07:45,982 | INFO | celeba_ood | [decoders] epoch   7/25  train=0.0243  per_block(train)=[0.0004 0.0011 0.0026 0.0058 0.0145]  (136.4s)
2026-07-22 02:10:02,346 | INFO | celeba_ood | [decoders] epoch   8/25  train=0.0240  per_block(train)=[0.0004 0.0011 0.0025 0.0057 0.0143]  (136.4s)
2026-07-22 02:12:18,724 | INFO | celeba_ood | [decoders] epoch   9/25  train=0.0237  per_block(train)=[0.0004 0.0011 0.0025 0.0056 0.0141]  (136.4s)
2026-07-22 02:14:35,059 | INFO | celeba_ood | [decoders] epoch  10/25  train=0.0235  per_block(train)=[0.0004 0.0011 0.0025 0.0056 0.0139]  (136.3s)
2026-07-22 02:16:51,408 | INFO | celeba_ood | [decoders] epoch  11/25  train=0.0233  per_block(train)=[0.0004 0.0011 0.0025 0.0056 0.0138]  (136.3s)
2026-07-22 02:19:07,766 | INFO | celeba_ood | [decoders] epoch  12/25  train=0.0231  per_block(train)=[0.0004 0.0011 0.0024 0.0055 0.0137]  (136.4s)
2026-07-22 02:21:24,061 | INFO | celeba_ood | [decoders] epoch  13/25  train=0.0230  per_block(train)=[0.0004 0.0011 0.0024 0.0055 0.0136]  (136.3s)
2026-07-22 02:23:40,401 | INFO | celeba_ood | [decoders] epoch  14/25  train=0.0229  per_block(train)=[0.0004 0.0010 0.0024 0.0055 0.0135]  (136.3s)
2026-07-22 02:25:56,740 | INFO | celeba_ood | [decoders] epoch  15/25  train=0.0227  per_block(train)=[0.0004 0.0010 0.0024 0.0054 0.0134]  (136.3s)
2026-07-22 02:28:13,093 | INFO | celeba_ood | [decoders] epoch  16/25  train=0.0226  per_block(train)=[0.0004 0.0010 0.0024 0.0054 0.0134]  (136.4s)
2026-07-22 02:30:29,435 | INFO | celeba_ood | [decoders] epoch  17/25  train=0.0225  per_block(train)=[0.0004 0.0010 0.0024 0.0054 0.0133]  (136.3s)
2026-07-22 02:32:45,783 | INFO | celeba_ood | [decoders] epoch  18/25  train=0.0224  per_block(train)=[0.0004 0.0010 0.0024 0.0054 0.0133]  (136.3s)
2026-07-22 02:35:02,125 | INFO | celeba_ood | [decoders] epoch  19/25  train=0.0224  per_block(train)=[0.0004 0.0010 0.0024 0.0054 0.0132]  (136.3s)
2026-07-22 02:37:18,435 | INFO | celeba_ood | [decoders] epoch  20/25  train=0.0223  per_block(train)=[0.0004 0.0010 0.0024 0.0054 0.0132]  (136.3s)
2026-07-22 02:39:34,806 | INFO | celeba_ood | [decoders] epoch  21/25  train=0.0222  per_block(train)=[0.0004 0.0010 0.0024 0.0053 0.0131]  (136.4s)
2026-07-22 02:41:51,134 | INFO | celeba_ood | [decoders] epoch  22/25  train=0.0221  per_block(train)=[0.0004 0.0010 0.0023 0.0053 0.0131]  (136.3s)
2026-07-22 02:44:07,507 | INFO | celeba_ood | [decoders] epoch  23/25  train=0.0221  per_block(train)=[0.0004 0.0010 0.0023 0.0053 0.0131]  (136.4s)
2026-07-22 02:46:23,871 | INFO | celeba_ood | [decoders] epoch  24/25  train=0.0220  per_block(train)=[0.0004 0.0010 0.0023 0.0053 0.0131]  (136.4s)
2026-07-22 02:48:40,231 | INFO | celeba_ood | [decoders] epoch  25/25  train=0.0220  per_block(train)=[0.0003 0.0010 0.0023 0.0053 0.0130]  (136.4s)
2026-07-22 02:48:40,232 | INFO | celeba_ood | Decoder training done in 3408.9s
2026-07-22 02:48:40,263 | INFO | celeba_ood | ======================================================================
2026-07-22 02:48:40,263 | INFO | celeba_ood | EVALUATION — per-attribute accuracy + OOD AUROC
2026-07-22 02:48:40,263 | INFO | celeba_ood | ======================================================================
2026-07-22 02:48:40,263 | INFO | celeba_ood | Collecting predictions on test_in...
2026-07-22 02:48:46,568 | INFO | celeba_ood |   test_in size = 18941, OOD score (attr entropy) mean = 0.2796
2026-07-22 02:48:46,568 | INFO | celeba_ood | Collecting predictions on test_ood (Eyeglasses)...
2026-07-22 02:48:50,497 | INFO | celeba_ood |   test_ood size = 13193, OOD score (attr entropy) mean = 0.2727
2026-07-22 02:48:50,523 | INFO | celeba_ood | Per-attribute accuracy (in-distribution test set):
2026-07-22 02:48:50,523 | INFO | celeba_ood |   Male/Female : 98.46%
2026-07-22 02:48:50,523 | INFO | celeba_ood |   Arched_Eyebrows       : 82.23%
2026-07-22 02:48:50,523 | INFO | celeba_ood |   Bushy_Eyebrows        : 90.01%
2026-07-22 02:48:50,523 | INFO | celeba_ood |   Narrow_Eyes           : 84.46%
2026-07-22 02:48:50,523 | INFO | celeba_ood |   Bags_Under_Eyes       : 68.88%
2026-07-22 02:48:50,523 | INFO | celeba_ood |   Smiling               : 92.11%
2026-07-22 02:48:50,523 | INFO | celeba_ood |   Young                 : 41.94%
2026-07-22 02:48:50,523 | INFO | celeba_ood | OOD AUROC (in-dist vs Eyeglasses):
2026-07-22 02:48:50,523 | INFO | celeba_ood |   score_entropy_gender     AUROC = 0.7777  (in_mean=0.021, ood_mean=0.072)
2026-07-22 02:48:50,523 | INFO | celeba_ood |   score_entropy_attrs      AUROC = 0.4809  (in_mean=0.280, ood_mean=0.273)
2026-07-22 02:49:55,688 | INFO | celeba_ood | Wrote per-block plots: per_block_breakdown.png, recons_only.png, activations.png, fusion_overlay.png
2026-07-22 02:49:55,689 | INFO | celeba_ood | Summary written to outputs/celeba_ood/cp128_20260721_230657_6787580/model_2/summary.json
2026-07-22 02:49:55,693 | INFO | celeba_ood | model 3/10 done in 4871.3s
2026-07-22 02:49:55,702 | INFO | celeba_ood | ######################################################################
2026-07-22 02:49:55,702 | INFO | celeba_ood | # MODEL 4/10   (seed=45, channels=[16, 48, 96, 192, 320], kernel=5)
2026-07-22 02:49:55,702 | INFO | celeba_ood | ######################################################################
2026-07-22 02:49:55,747 | INFO | celeba_ood | Model        : FacialCNN  (2,136,954 params)
2026-07-22 02:49:55,747 | INFO | celeba_ood | ======================================================================
2026-07-22 02:49:55,747 | INFO | celeba_ood | TRAINING — combined CE(gender) + BCE(attrs) loss
2026-07-22 02:49:55,747 | INFO | celeba_ood | ======================================================================
2026-07-22 02:49:55,748 | INFO | celeba_ood | CutPaste pretext on: {'prob': 0.5, 'area_range': (0.05, 0.15), 'aspect_range': (0.3, 3.3), 'scar_prob': 0.0}  loss_weight=0.5
2026-07-22 02:49:55,748 | INFO | celeba_ood | No validation set — running the full 20-epoch schedule with no early stopping; final-epoch weights are kept.
2026-07-22 02:50:57,017 | INFO | celeba_ood | epoch   1/20  train_loss=0.9201  train_gender_acc=94.0%  train_attr_acc=[77.4 89.2 88.0 81.2 86.8 83.7]%  (61.3s)
2026-07-22 02:51:58,349 | INFO | celeba_ood | epoch   2/20  train_loss=0.6888  train_gender_acc=96.9%  train_attr_acc=[81.3 91.0 88.9 83.1 91.5 86.6]%  (61.3s)
2026-07-22 02:52:59,641 | INFO | celeba_ood | epoch   3/20  train_loss=0.6346  train_gender_acc=97.6%  train_attr_acc=[82.6 91.3 89.4 83.5 91.9 87.8]%  (61.3s)
2026-07-22 02:54:01,073 | INFO | celeba_ood | epoch   4/20  train_loss=0.6084  train_gender_acc=97.9%  train_attr_acc=[83.0 91.5 89.8 84.0 92.4 88.3]%  (61.4s)
2026-07-22 02:55:02,231 | INFO | celeba_ood | epoch   5/20  train_loss=0.5888  train_gender_acc=98.1%  train_attr_acc=[83.7 91.8 90.0 84.3 92.7 88.4]%  (61.2s)
2026-07-22 02:56:03,448 | INFO | celeba_ood | epoch   6/20  train_loss=0.5690  train_gender_acc=98.5%  train_attr_acc=[83.9 91.8 89.9 84.6 92.8 89.0]%  (61.2s)
2026-07-22 02:57:04,737 | INFO | celeba_ood | epoch   7/20  train_loss=0.5557  train_gender_acc=98.5%  train_attr_acc=[84.1 92.1 90.2 84.8 93.0 89.2]%  (61.3s)
2026-07-22 02:58:05,959 | INFO | celeba_ood | epoch   8/20  train_loss=0.5400  train_gender_acc=98.7%  train_attr_acc=[84.5 92.2 90.3 85.2 93.3 89.5]%  (61.2s)
2026-07-22 02:59:07,391 | INFO | celeba_ood | epoch   9/20  train_loss=0.5284  train_gender_acc=98.8%  train_attr_acc=[84.7 92.3 90.3 85.3 93.4 89.8]%  (61.4s)
2026-07-22 03:00:08,803 | INFO | celeba_ood | epoch  10/20  train_loss=0.5125  train_gender_acc=99.0%  train_attr_acc=[85.1 92.6 90.5 85.6 93.5 90.2]%  (61.4s)
2026-07-22 03:01:10,255 | INFO | celeba_ood | epoch  11/20  train_loss=0.4999  train_gender_acc=99.1%  train_attr_acc=[85.3 92.7 90.8 86.0 93.7 90.5]%  (61.5s)
2026-07-22 03:02:11,866 | INFO | celeba_ood | epoch  12/20  train_loss=0.4884  train_gender_acc=99.2%  train_attr_acc=[85.6 92.8 90.8 86.0 93.9 90.8]%  (61.6s)
2026-07-22 03:03:13,226 | INFO | celeba_ood | epoch  13/20  train_loss=0.4757  train_gender_acc=99.3%  train_attr_acc=[85.8 92.9 91.1 86.5 94.2 91.0]%  (61.4s)
2026-07-22 03:04:14,679 | INFO | celeba_ood | epoch  14/20  train_loss=0.4618  train_gender_acc=99.4%  train_attr_acc=[86.1 93.1 91.2 86.7 94.3 91.4]%  (61.5s)
2026-07-22 03:05:16,112 | INFO | celeba_ood | epoch  15/20  train_loss=0.4472  train_gender_acc=99.5%  train_attr_acc=[86.7 93.2 91.3 87.0 94.6 91.8]%  (61.4s)
2026-07-22 03:06:17,528 | INFO | celeba_ood | epoch  16/20  train_loss=0.4359  train_gender_acc=99.6%  train_attr_acc=[87.0 93.4 91.6 87.3 94.8 92.0]%  (61.4s)
2026-07-22 03:07:18,549 | INFO | celeba_ood | epoch  17/20  train_loss=0.4213  train_gender_acc=99.6%  train_attr_acc=[87.3 93.6 91.9 87.8 95.0 92.4]%  (61.0s)
2026-07-22 03:08:20,004 | INFO | celeba_ood | epoch  18/20  train_loss=0.4062  train_gender_acc=99.6%  train_attr_acc=[87.8 93.8 92.1 88.4 95.3 92.9]%  (61.5s)
2026-07-22 03:09:21,421 | INFO | celeba_ood | epoch  19/20  train_loss=0.3902  train_gender_acc=99.7%  train_attr_acc=[88.4 94.2 92.3 88.8 95.4 93.2]%  (61.4s)
2026-07-22 03:10:22,737 | INFO | celeba_ood | epoch  20/20  train_loss=0.3788  train_gender_acc=99.7%  train_attr_acc=[88.5 94.4 92.5 89.2 95.7 93.6]%  (61.3s)
2026-07-22 03:10:22,738 | INFO | celeba_ood | Training done in 1227.0s
2026-07-22 03:10:22,950 | INFO | celeba_ood | ======================================================================
2026-07-22 03:10:22,950 | INFO | celeba_ood | PHASE 2 — training per-block reconstruction decoders
2026-07-22 03:10:22,950 | INFO | celeba_ood | ======================================================================
2026-07-22 03:10:22,950 | INFO | celeba_ood |   decoder L0: in=(C=16, H=64) → out=(3, 128, 128)  params=4,179
2026-07-22 03:10:22,950 | INFO | celeba_ood |   decoder L1: in=(C=48, H=32) → out=(3, 128, 128)  params=24,707
2026-07-22 03:10:22,950 | INFO | celeba_ood |   decoder L2: in=(C=96, H=16) → out=(3, 128, 128)  params=98,531
2026-07-22 03:10:22,950 | INFO | celeba_ood |   decoder L3: in=(C=192, H=8) → out=(3, 128, 128)  params=393,635
2026-07-22 03:10:22,950 | INFO | celeba_ood |   decoder L4: in=(C=320, H=8) → out=(3, 128, 128)  params=1,088,663
2026-07-22 03:12:23,755 | INFO | celeba_ood | [decoders] epoch   1/25  train=0.0677  per_block(train)=[0.0064 0.0070 0.0117 0.0147 0.0278]  (120.8s)
2026-07-22 03:14:24,467 | INFO | celeba_ood | [decoders] epoch   2/25  train=0.0436  per_block(train)=[0.0023 0.0041 0.0071 0.0103 0.0197]  (120.7s)
2026-07-22 03:16:25,202 | INFO | celeba_ood | [decoders] epoch   3/25  train=0.0412  per_block(train)=[0.0022 0.0040 0.0069 0.0098 0.0183]  (120.7s)
2026-07-22 03:18:25,861 | INFO | celeba_ood | [decoders] epoch   4/25  train=0.0400  per_block(train)=[0.0022 0.0039 0.0068 0.0096 0.0176]  (120.7s)
2026-07-22 03:20:26,608 | INFO | celeba_ood | [decoders] epoch   5/25  train=0.0391  per_block(train)=[0.0022 0.0039 0.0067 0.0094 0.0170]  (120.7s)
2026-07-22 03:22:27,252 | INFO | celeba_ood | [decoders] epoch   6/25  train=0.0384  per_block(train)=[0.0021 0.0038 0.0066 0.0093 0.0166]  (120.6s)
2026-07-22 03:24:27,870 | INFO | celeba_ood | [decoders] epoch   7/25  train=0.0380  per_block(train)=[0.0021 0.0038 0.0066 0.0092 0.0164]  (120.6s)
2026-07-22 03:26:28,504 | INFO | celeba_ood | [decoders] epoch   8/25  train=0.0377  per_block(train)=[0.0021 0.0038 0.0066 0.0091 0.0161]  (120.6s)
2026-07-22 03:28:29,152 | INFO | celeba_ood | [decoders] epoch   9/25  train=0.0374  per_block(train)=[0.0021 0.0038 0.0065 0.0090 0.0159]  (120.6s)
2026-07-22 03:30:29,738 | INFO | celeba_ood | [decoders] epoch  10/25  train=0.0371  per_block(train)=[0.0021 0.0037 0.0065 0.0090 0.0158]  (120.6s)
2026-07-22 03:32:30,368 | INFO | celeba_ood | [decoders] epoch  11/25  train=0.0369  per_block(train)=[0.0021 0.0037 0.0065 0.0089 0.0156]  (120.6s)
2026-07-22 03:34:30,939 | INFO | celeba_ood | [decoders] epoch  12/25  train=0.0366  per_block(train)=[0.0021 0.0037 0.0065 0.0089 0.0155]  (120.6s)
2026-07-22 03:36:31,573 | INFO | celeba_ood | [decoders] epoch  13/25  train=0.0365  per_block(train)=[0.0021 0.0037 0.0064 0.0089 0.0154]  (120.6s)
2026-07-22 03:38:32,284 | INFO | celeba_ood | [decoders] epoch  14/25  train=0.0363  per_block(train)=[0.0020 0.0037 0.0064 0.0088 0.0153]  (120.7s)
2026-07-22 03:40:32,927 | INFO | celeba_ood | [decoders] epoch  15/25  train=0.0361  per_block(train)=[0.0020 0.0037 0.0064 0.0088 0.0152]  (120.6s)
2026-07-22 03:42:33,557 | INFO | celeba_ood | [decoders] epoch  16/25  train=0.0361  per_block(train)=[0.0020 0.0037 0.0064 0.0088 0.0151]  (120.6s)
2026-07-22 03:44:34,194 | INFO | celeba_ood | [decoders] epoch  17/25  train=0.0359  per_block(train)=[0.0020 0.0037 0.0064 0.0088 0.0150]  (120.6s)
2026-07-22 03:46:34,808 | INFO | celeba_ood | [decoders] epoch  18/25  train=0.0358  per_block(train)=[0.0020 0.0037 0.0064 0.0087 0.0150]  (120.6s)
2026-07-22 03:48:35,420 | INFO | celeba_ood | [decoders] epoch  19/25  train=0.0357  per_block(train)=[0.0020 0.0037 0.0064 0.0087 0.0149]  (120.6s)
2026-07-22 03:50:36,033 | INFO | celeba_ood | [decoders] epoch  20/25  train=0.0355  per_block(train)=[0.0020 0.0037 0.0064 0.0087 0.0148]  (120.6s)
2026-07-22 03:52:36,655 | INFO | celeba_ood | [decoders] epoch  21/25  train=0.0355  per_block(train)=[0.0020 0.0037 0.0064 0.0087 0.0148]  (120.6s)
2026-07-22 03:54:37,287 | INFO | celeba_ood | [decoders] epoch  22/25  train=0.0355  per_block(train)=[0.0020 0.0037 0.0064 0.0087 0.0148]  (120.6s)
2026-07-22 03:56:37,901 | INFO | celeba_ood | [decoders] epoch  23/25  train=0.0354  per_block(train)=[0.0020 0.0037 0.0063 0.0086 0.0147]  (120.6s)
2026-07-22 03:58:38,527 | INFO | celeba_ood | [decoders] epoch  24/25  train=0.0353  per_block(train)=[0.0020 0.0037 0.0063 0.0086 0.0147]  (120.6s)
2026-07-22 04:00:39,163 | INFO | celeba_ood | [decoders] epoch  25/25  train=0.0353  per_block(train)=[0.0020 0.0037 0.0063 0.0086 0.0146]  (120.6s)
2026-07-22 04:00:39,164 | INFO | celeba_ood | Decoder training done in 3016.2s
2026-07-22 04:00:39,195 | INFO | celeba_ood | ======================================================================
2026-07-22 04:00:39,195 | INFO | celeba_ood | EVALUATION — per-attribute accuracy + OOD AUROC
2026-07-22 04:00:39,195 | INFO | celeba_ood | ======================================================================
2026-07-22 04:00:39,195 | INFO | celeba_ood | Collecting predictions on test_in...
2026-07-22 04:00:45,404 | INFO | celeba_ood |   test_in size = 18941, OOD score (attr entropy) mean = 0.1729
2026-07-22 04:00:45,404 | INFO | celeba_ood | Collecting predictions on test_ood (Eyeglasses)...
2026-07-22 04:00:49,390 | INFO | celeba_ood |   test_ood size = 13193, OOD score (attr entropy) mean = 0.1757
2026-07-22 04:00:49,415 | INFO | celeba_ood | Per-attribute accuracy (in-distribution test set):
2026-07-22 04:00:49,415 | INFO | celeba_ood |   Male/Female : 97.86%
2026-07-22 04:00:49,415 | INFO | celeba_ood |   Arched_Eyebrows       : 81.75%
2026-07-22 04:00:49,415 | INFO | celeba_ood |   Bushy_Eyebrows        : 91.03%
2026-07-22 04:00:49,415 | INFO | celeba_ood |   Narrow_Eyes           : 89.23%
2026-07-22 04:00:49,415 | INFO | celeba_ood |   Bags_Under_Eyes       : 73.48%
2026-07-22 04:00:49,415 | INFO | celeba_ood |   Smiling               : 91.50%
2026-07-22 04:00:49,415 | INFO | celeba_ood |   Young                 : 87.88%
2026-07-22 04:00:49,415 | INFO | celeba_ood | OOD AUROC (in-dist vs Eyeglasses):
2026-07-22 04:00:49,415 | INFO | celeba_ood |   score_entropy_gender     AUROC = 0.8111  (in_mean=0.019, ood_mean=0.092)
2026-07-22 04:00:49,415 | INFO | celeba_ood |   score_entropy_attrs      AUROC = 0.5102  (in_mean=0.173, ood_mean=0.176)
2026-07-22 04:01:59,377 | INFO | celeba_ood | Wrote per-block plots: per_block_breakdown.png, recons_only.png, activations.png, fusion_overlay.png
2026-07-22 04:01:59,378 | INFO | celeba_ood | Summary written to outputs/celeba_ood/cp128_20260721_230657_6787580/model_3/summary.json
2026-07-22 04:01:59,381 | INFO | celeba_ood | model 4/10 done in 4323.7s
2026-07-22 04:01:59,389 | INFO | celeba_ood | ######################################################################
2026-07-22 04:01:59,389 | INFO | celeba_ood | # MODEL 5/10   (seed=46, channels=[40, 80, 160, 320, 320], kernel=3)
2026-07-22 04:01:59,389 | INFO | celeba_ood | ######################################################################
2026-07-22 04:01:59,429 | INFO | celeba_ood | Model        : FacialCNN  (1,532,530 params)
2026-07-22 04:01:59,429 | INFO | celeba_ood | ======================================================================
2026-07-22 04:01:59,429 | INFO | celeba_ood | TRAINING — combined CE(gender) + BCE(attrs) loss
2026-07-22 04:01:59,429 | INFO | celeba_ood | ======================================================================
2026-07-22 04:01:59,430 | INFO | celeba_ood | CutPaste pretext on: {'prob': 0.5, 'area_range': (0.05, 0.15), 'aspect_range': (0.3, 3.3), 'scar_prob': 0.0}  loss_weight=0.5
2026-07-22 04:01:59,430 | INFO | celeba_ood | No validation set — running the full 20-epoch schedule with no early stopping; final-epoch weights are kept.
2026-07-22 04:03:02,939 | INFO | celeba_ood | epoch   1/20  train_loss=0.9583  train_gender_acc=93.1%  train_attr_acc=[77.1 88.4 87.9 81.0 84.1 83.1]%  (63.5s)
2026-07-22 04:04:06,574 | INFO | celeba_ood | epoch   2/20  train_loss=0.6938  train_gender_acc=96.7%  train_attr_acc=[81.0 90.9 89.3 82.9 91.2 86.4]%  (63.6s)
2026-07-22 04:05:10,197 | INFO | celeba_ood | epoch   3/20  train_loss=0.6347  train_gender_acc=97.4%  train_attr_acc=[82.2 91.2 89.6 83.8 92.0 87.7]%  (63.6s)
2026-07-22 04:06:14,132 | INFO | celeba_ood | epoch   4/20  train_loss=0.6047  train_gender_acc=97.8%  train_attr_acc=[83.2 91.6 90.0 84.3 92.4 88.3]%  (63.9s)
2026-07-22 04:07:17,769 | INFO | celeba_ood | epoch   5/20  train_loss=0.5845  train_gender_acc=98.0%  train_attr_acc=[83.7 91.8 90.1 84.3 92.7 88.6]%  (63.6s)
2026-07-22 04:08:21,573 | INFO | celeba_ood | epoch   6/20  train_loss=0.5685  train_gender_acc=98.2%  train_attr_acc=[84.0 91.9 90.1 84.8 92.8 89.1]%  (63.8s)
2026-07-22 04:09:25,257 | INFO | celeba_ood | epoch   7/20  train_loss=0.5533  train_gender_acc=98.5%  train_attr_acc=[84.4 92.0 90.3 85.0 93.0 89.3]%  (63.7s)
2026-07-22 04:10:28,944 | INFO | celeba_ood | epoch   8/20  train_loss=0.5407  train_gender_acc=98.6%  train_attr_acc=[84.5 92.1 90.3 85.2 93.2 89.6]%  (63.7s)
2026-07-22 04:11:32,573 | INFO | celeba_ood | epoch   9/20  train_loss=0.5292  train_gender_acc=98.7%  train_attr_acc=[84.9 92.3 90.5 85.4 93.5 89.7]%  (63.6s)
2026-07-22 04:12:36,383 | INFO | celeba_ood | epoch  10/20  train_loss=0.5190  train_gender_acc=98.8%  train_attr_acc=[84.8 92.4 90.4 85.7 93.6 90.1]%  (63.8s)
2026-07-22 04:13:40,168 | INFO | celeba_ood | epoch  11/20  train_loss=0.5092  train_gender_acc=98.9%  train_attr_acc=[85.1 92.6 90.6 85.9 93.6 90.4]%  (63.8s)
2026-07-22 04:14:44,033 | INFO | celeba_ood | epoch  12/20  train_loss=0.4963  train_gender_acc=99.1%  train_attr_acc=[85.8 92.6 90.8 85.9 93.8 90.5]%  (63.9s)
2026-07-22 04:15:47,875 | INFO | celeba_ood | epoch  13/20  train_loss=0.4895  train_gender_acc=99.1%  train_attr_acc=[85.6 92.8 90.8 86.1 94.0 90.8]%  (63.8s)
2026-07-22 04:16:51,823 | INFO | celeba_ood | epoch  14/20  train_loss=0.4765  train_gender_acc=99.2%  train_attr_acc=[86.0 92.8 90.9 86.5 94.2 90.9]%  (63.9s)
2026-07-22 04:17:55,695 | INFO | celeba_ood | epoch  15/20  train_loss=0.4689  train_gender_acc=99.3%  train_attr_acc=[86.2 93.0 90.9 86.5 94.3 91.2]%  (63.9s)
2026-07-22 04:18:59,492 | INFO | celeba_ood | epoch  16/20  train_loss=0.4514  train_gender_acc=99.4%  train_attr_acc=[86.7 93.2 91.1 86.8 94.7 91.8]%  (63.8s)
2026-07-22 04:20:03,196 | INFO | celeba_ood | epoch  17/20  train_loss=0.4415  train_gender_acc=99.5%  train_attr_acc=[87.0 93.4 91.2 87.4 94.6 92.0]%  (63.7s)
2026-07-22 04:21:06,932 | INFO | celeba_ood | epoch  18/20  train_loss=0.4317  train_gender_acc=99.5%  train_attr_acc=[87.2 93.5 91.4 87.5 94.9 92.2]%  (63.7s)
2026-07-22 04:22:10,555 | INFO | celeba_ood | epoch  19/20  train_loss=0.4207  train_gender_acc=99.6%  train_attr_acc=[87.5 93.8 91.6 87.7 95.0 92.6]%  (63.6s)
2026-07-22 04:23:14,132 | INFO | celeba_ood | epoch  20/20  train_loss=0.4100  train_gender_acc=99.6%  train_attr_acc=[87.8 93.9 91.7 88.1 95.3 92.7]%  (63.6s)
2026-07-22 04:23:14,132 | INFO | celeba_ood | Training done in 1274.7s
2026-07-22 04:23:14,364 | INFO | celeba_ood | ======================================================================
2026-07-22 04:23:14,364 | INFO | celeba_ood | PHASE 2 — training per-block reconstruction decoders
2026-07-22 04:23:14,364 | INFO | celeba_ood | ======================================================================
2026-07-22 04:23:14,364 | INFO | celeba_ood |   decoder L0: in=(C=40, H=64) → out=(3, 128, 128)  params=12,903
2026-07-22 04:23:14,364 | INFO | celeba_ood |   decoder L1: in=(C=80, H=32) → out=(3, 128, 128)  params=64,183
2026-07-22 04:23:14,364 | INFO | celeba_ood |   decoder L2: in=(C=160, H=16) → out=(3, 128, 128)  params=269,143
2026-07-22 04:23:14,364 | INFO | celeba_ood |   decoder L3: in=(C=320, H=8) → out=(3, 128, 128)  params=1,088,663
2026-07-22 04:23:14,365 | INFO | celeba_ood |   decoder L4: in=(C=320, H=8) → out=(3, 128, 128)  params=1,088,663
2026-07-22 04:25:43,722 | INFO | celeba_ood | [decoders] epoch   1/25  train=0.0410  per_block(train)=[0.0026 0.0037 0.0059 0.0091 0.0197]  (149.4s)
2026-07-22 04:28:12,996 | INFO | celeba_ood | [decoders] epoch   2/25  train=0.0255  per_block(train)=[0.0006 0.0016 0.0034 0.0060 0.0139]  (149.3s)
2026-07-22 04:30:42,247 | INFO | celeba_ood | [decoders] epoch   3/25  train=0.0237  per_block(train)=[0.0006 0.0015 0.0032 0.0056 0.0128]  (149.3s)
2026-07-22 04:33:11,548 | INFO | celeba_ood | [decoders] epoch   4/25  train=0.0227  per_block(train)=[0.0005 0.0014 0.0031 0.0054 0.0123]  (149.3s)
2026-07-22 04:35:40,706 | INFO | celeba_ood | [decoders] epoch   5/25  train=0.0221  per_block(train)=[0.0005 0.0014 0.0030 0.0053 0.0119]  (149.2s)
2026-07-22 04:38:09,930 | INFO | celeba_ood | [decoders] epoch   6/25  train=0.0216  per_block(train)=[0.0005 0.0014 0.0030 0.0052 0.0116]  (149.2s)
2026-07-22 04:40:39,140 | INFO | celeba_ood | [decoders] epoch   7/25  train=0.0212  per_block(train)=[0.0005 0.0013 0.0029 0.0051 0.0114]  (149.2s)
2026-07-22 04:43:08,318 | INFO | celeba_ood | [decoders] epoch   8/25  train=0.0209  per_block(train)=[0.0005 0.0013 0.0029 0.0050 0.0112]  (149.2s)
2026-07-22 04:45:37,566 | INFO | celeba_ood | [decoders] epoch   9/25  train=0.0207  per_block(train)=[0.0004 0.0013 0.0029 0.0050 0.0111]  (149.2s)
2026-07-22 04:48:06,801 | INFO | celeba_ood | [decoders] epoch  10/25  train=0.0204  per_block(train)=[0.0004 0.0013 0.0028 0.0049 0.0110]  (149.2s)
2026-07-22 04:50:36,024 | INFO | celeba_ood | [decoders] epoch  11/25  train=0.0202  per_block(train)=[0.0004 0.0013 0.0028 0.0049 0.0109]  (149.2s)
2026-07-22 04:53:05,239 | INFO | celeba_ood | [decoders] epoch  12/25  train=0.0201  per_block(train)=[0.0004 0.0013 0.0028 0.0048 0.0108]  (149.2s)
2026-07-22 04:55:34,413 | INFO | celeba_ood | [decoders] epoch  13/25  train=0.0200  per_block(train)=[0.0004 0.0012 0.0028 0.0048 0.0107]  (149.2s)
2026-07-22 04:58:03,706 | INFO | celeba_ood | [decoders] epoch  14/25  train=0.0199  per_block(train)=[0.0004 0.0012 0.0028 0.0048 0.0106]  (149.3s)
2026-07-22 05:00:32,923 | INFO | celeba_ood | [decoders] epoch  15/25  train=0.0197  per_block(train)=[0.0004 0.0012 0.0028 0.0048 0.0106]  (149.2s)
2026-07-22 05:03:02,143 | INFO | celeba_ood | [decoders] epoch  16/25  train=0.0197  per_block(train)=[0.0004 0.0012 0.0028 0.0047 0.0105]  (149.2s)
2026-07-22 05:05:31,347 | INFO | celeba_ood | [decoders] epoch  17/25  train=0.0196  per_block(train)=[0.0004 0.0012 0.0028 0.0047 0.0105]  (149.2s)
2026-07-22 05:08:00,545 | INFO | celeba_ood | [decoders] epoch  18/25  train=0.0195  per_block(train)=[0.0004 0.0012 0.0027 0.0047 0.0104]  (149.2s)
2026-07-22 05:10:29,813 | INFO | celeba_ood | [decoders] epoch  19/25  train=0.0194  per_block(train)=[0.0004 0.0012 0.0027 0.0047 0.0104]  (149.3s)
2026-07-22 05:12:59,106 | INFO | celeba_ood | [decoders] epoch  20/25  train=0.0194  per_block(train)=[0.0004 0.0012 0.0027 0.0047 0.0104]  (149.3s)
2026-07-22 05:15:28,317 | INFO | celeba_ood | [decoders] epoch  21/25  train=0.0193  per_block(train)=[0.0004 0.0012 0.0027 0.0047 0.0103]  (149.2s)
2026-07-22 05:17:57,578 | INFO | celeba_ood | [decoders] epoch  22/25  train=0.0192  per_block(train)=[0.0004 0.0012 0.0027 0.0047 0.0103]  (149.3s)
2026-07-22 05:20:26,756 | INFO | celeba_ood | [decoders] epoch  23/25  train=0.0192  per_block(train)=[0.0004 0.0012 0.0027 0.0046 0.0103]  (149.2s)
2026-07-22 05:22:55,943 | INFO | celeba_ood | [decoders] epoch  24/25  train=0.0191  per_block(train)=[0.0004 0.0012 0.0027 0.0046 0.0102]  (149.2s)
2026-07-22 05:25:25,126 | INFO | celeba_ood | [decoders] epoch  25/25  train=0.0191  per_block(train)=[0.0004 0.0012 0.0027 0.0046 0.0102]  (149.2s)
2026-07-22 05:25:25,127 | INFO | celeba_ood | Decoder training done in 3730.8s
2026-07-22 05:25:25,169 | INFO | celeba_ood | ======================================================================
2026-07-22 05:25:25,169 | INFO | celeba_ood | EVALUATION — per-attribute accuracy + OOD AUROC
2026-07-22 05:25:25,169 | INFO | celeba_ood | ======================================================================
2026-07-22 05:25:25,169 | INFO | celeba_ood | Collecting predictions on test_in...
2026-07-22 05:25:31,375 | INFO | celeba_ood |   test_in size = 18941, OOD score (attr entropy) mean = 0.1720
2026-07-22 05:25:31,375 | INFO | celeba_ood | Collecting predictions on test_ood (Eyeglasses)...
2026-07-22 05:25:35,426 | INFO | celeba_ood |   test_ood size = 13193, OOD score (attr entropy) mean = 0.1880
2026-07-22 05:25:35,452 | INFO | celeba_ood | Per-attribute accuracy (in-distribution test set):
2026-07-22 05:25:35,452 | INFO | celeba_ood |   Male/Female : 97.60%
2026-07-22 05:25:35,452 | INFO | celeba_ood |   Arched_Eyebrows       : 83.10%
2026-07-22 05:25:35,452 | INFO | celeba_ood |   Bushy_Eyebrows        : 91.37%
2026-07-22 05:25:35,452 | INFO | celeba_ood |   Narrow_Eyes           : 89.48%
2026-07-22 05:25:35,452 | INFO | celeba_ood |   Bags_Under_Eyes       : 79.29%
2026-07-22 05:25:35,452 | INFO | celeba_ood |   Smiling               : 85.56%
2026-07-22 05:25:35,452 | INFO | celeba_ood |   Young                 : 82.79%
2026-07-22 05:25:35,452 | INFO | celeba_ood | OOD AUROC (in-dist vs Eyeglasses):
2026-07-22 05:25:35,452 | INFO | celeba_ood |   score_entropy_gender     AUROC = 0.7919  (in_mean=0.029, ood_mean=0.100)
2026-07-22 05:25:35,452 | INFO | celeba_ood |   score_entropy_attrs      AUROC = 0.5590  (in_mean=0.172, ood_mean=0.188)
2026-07-22 05:26:40,625 | INFO | celeba_ood | Wrote per-block plots: per_block_breakdown.png, recons_only.png, activations.png, fusion_overlay.png
2026-07-22 05:26:40,627 | INFO | celeba_ood | Summary written to outputs/celeba_ood/cp128_20260721_230657_6787580/model_4/summary.json
2026-07-22 05:26:40,631 | INFO | celeba_ood | model 5/10 done in 5081.2s
2026-07-22 05:26:40,640 | INFO | celeba_ood | ######################################################################
2026-07-22 05:26:40,640 | INFO | celeba_ood | # MODEL 6/10   (seed=47, channels=[32, 64, 128, 256, 256], kernel=5)
2026-07-22 05:26:40,640 | INFO | celeba_ood | ######################################################################
2026-07-22 05:26:40,703 | INFO | celeba_ood | Model        : FacialCNN  (2,720,042 params)
2026-07-22 05:26:40,703 | INFO | celeba_ood | ======================================================================
2026-07-22 05:26:40,704 | INFO | celeba_ood | TRAINING — combined CE(gender) + BCE(attrs) loss
2026-07-22 05:26:40,704 | INFO | celeba_ood | ======================================================================
2026-07-22 05:26:40,704 | INFO | celeba_ood | CutPaste pretext on: {'prob': 0.5, 'area_range': (0.05, 0.15), 'aspect_range': (0.3, 3.3), 'scar_prob': 0.0}  loss_weight=0.5
2026-07-22 05:26:40,704 | INFO | celeba_ood | No validation set — running the full 20-epoch schedule with no early stopping; final-epoch weights are kept.
2026-07-22 05:27:59,838 | INFO | celeba_ood | epoch   1/20  train_loss=0.8941  train_gender_acc=94.0%  train_attr_acc=[77.9 89.3 88.3 81.0 86.7 83.9]%  (79.1s)
2026-07-22 05:29:19,263 | INFO | celeba_ood | epoch   2/20  train_loss=0.6668  train_gender_acc=97.2%  train_attr_acc=[81.5 91.0 89.4 83.2 91.7 87.1]%  (79.4s)
2026-07-22 05:30:38,922 | INFO | celeba_ood | epoch   3/20  train_loss=0.6172  train_gender_acc=97.7%  train_attr_acc=[83.0 91.4 89.8 84.0 92.3 87.9]%  (79.7s)
2026-07-22 05:31:58,292 | INFO | celeba_ood | epoch   4/20  train_loss=0.5910  train_gender_acc=98.1%  train_attr_acc=[83.4 91.7 90.0 84.1 92.5 88.5]%  (79.4s)
2026-07-22 05:33:17,665 | INFO | celeba_ood | epoch   5/20  train_loss=0.5726  train_gender_acc=98.3%  train_attr_acc=[84.2 91.9 90.1 84.4 92.8 88.9]%  (79.4s)
2026-07-22 05:34:36,854 | INFO | celeba_ood | epoch   6/20  train_loss=0.5575  train_gender_acc=98.4%  train_attr_acc=[84.1 92.0 90.3 84.7 93.0 89.2]%  (79.2s)
2026-07-22 05:35:56,904 | INFO | celeba_ood | epoch   7/20  train_loss=0.5411  train_gender_acc=98.7%  train_attr_acc=[84.5 92.2 90.3 85.1 93.3 89.6]%  (80.0s)
2026-07-22 05:37:16,675 | INFO | celeba_ood | epoch   8/20  train_loss=0.5282  train_gender_acc=98.8%  train_attr_acc=[84.7 92.3 90.4 85.1 93.5 89.9]%  (79.8s)
2026-07-22 05:38:36,362 | INFO | celeba_ood | epoch   9/20  train_loss=0.5131  train_gender_acc=99.0%  train_attr_acc=[85.1 92.4 90.5 85.5 93.7 90.1]%  (79.7s)
2026-07-22 05:39:55,875 | INFO | celeba_ood | epoch  10/20  train_loss=0.4972  train_gender_acc=99.1%  train_attr_acc=[85.5 92.6 90.8 85.9 93.9 90.5]%  (79.5s)
2026-07-22 05:41:15,132 | INFO | celeba_ood | epoch  11/20  train_loss=0.4842  train_gender_acc=99.2%  train_attr_acc=[85.8 92.8 90.9 86.1 94.1 90.9]%  (79.3s)
2026-07-22 05:42:34,347 | INFO | celeba_ood | epoch  12/20  train_loss=0.4689  train_gender_acc=99.3%  train_attr_acc=[86.2 92.9 91.1 86.5 94.4 91.3]%  (79.2s)
2026-07-22 05:43:53,595 | INFO | celeba_ood | epoch  13/20  train_loss=0.4521  train_gender_acc=99.5%  train_attr_acc=[86.5 93.2 91.3 87.2 94.6 91.8]%  (79.2s)
2026-07-22 05:45:12,795 | INFO | celeba_ood | epoch  14/20  train_loss=0.4338  train_gender_acc=99.5%  train_attr_acc=[87.0 93.6 91.6 87.4 94.9 92.3]%  (79.2s)
2026-07-22 05:46:32,018 | INFO | celeba_ood | epoch  15/20  train_loss=0.4187  train_gender_acc=99.6%  train_attr_acc=[87.4 93.6 91.8 88.0 95.2 92.5]%  (79.2s)
2026-07-22 05:47:51,387 | INFO | celeba_ood | epoch  16/20  train_loss=0.3988  train_gender_acc=99.6%  train_attr_acc=[88.0 94.1 92.1 88.5 95.4 93.0]%  (79.4s)
2026-07-22 05:49:10,725 | INFO | celeba_ood | epoch  17/20  train_loss=0.3782  train_gender_acc=99.7%  train_attr_acc=[88.7 94.4 92.6 88.9 95.7 93.5]%  (79.3s)
2026-07-22 05:50:30,007 | INFO | celeba_ood | epoch  18/20  train_loss=0.3617  train_gender_acc=99.7%  train_attr_acc=[89.1 94.5 92.8 89.5 96.0 94.0]%  (79.3s)
2026-07-22 05:51:49,246 | INFO | celeba_ood | epoch  19/20  train_loss=0.3396  train_gender_acc=99.8%  train_attr_acc=[89.7 94.9 93.1 90.1 96.3 94.6]%  (79.2s)
2026-07-22 05:53:08,485 | INFO | celeba_ood | epoch  20/20  train_loss=0.3203  train_gender_acc=99.8%  train_attr_acc=[90.2 95.2 93.5 90.8 96.6 94.9]%  (79.2s)
2026-07-22 05:53:08,486 | INFO | celeba_ood | Training done in 1587.8s
2026-07-22 05:53:08,705 | INFO | celeba_ood | ======================================================================
2026-07-22 05:53:08,705 | INFO | celeba_ood | PHASE 2 — training per-block reconstruction decoders
2026-07-22 05:53:08,705 | INFO | celeba_ood | ======================================================================
2026-07-22 05:53:08,705 | INFO | celeba_ood |   decoder L0: in=(C=32, H=64) → out=(3, 128, 128)  params=8,275
2026-07-22 05:53:08,705 | INFO | celeba_ood |   decoder L1: in=(C=64, H=32) → out=(3, 128, 128)  params=41,107
2026-07-22 05:53:08,705 | INFO | celeba_ood |   decoder L2: in=(C=128, H=16) → out=(3, 128, 128)  params=172,307
2026-07-22 05:53:08,705 | INFO | celeba_ood |   decoder L3: in=(C=256, H=8) → out=(3, 128, 128)  params=696,851
2026-07-22 05:53:08,705 | INFO | celeba_ood |   decoder L4: in=(C=256, H=8) → out=(3, 128, 128)  params=696,851
2026-07-22 05:55:14,967 | INFO | celeba_ood | [decoders] epoch   1/25  train=0.0683  per_block(train)=[0.0036 0.0069 0.0098 0.0141 0.0339]  (126.3s)
2026-07-22 05:57:21,171 | INFO | celeba_ood | [decoders] epoch   2/25  train=0.0448  per_block(train)=[0.0011 0.0036 0.0063 0.0095 0.0243]  (126.2s)
2026-07-22 05:59:27,353 | INFO | celeba_ood | [decoders] epoch   3/25  train=0.0420  per_block(train)=[0.0011 0.0034 0.0060 0.0090 0.0225]  (126.2s)
2026-07-22 06:01:33,557 | INFO | celeba_ood | [decoders] epoch   4/25  train=0.0404  per_block(train)=[0.0010 0.0034 0.0059 0.0087 0.0215]  (126.2s)
2026-07-22 06:03:39,731 | INFO | celeba_ood | [decoders] epoch   5/25  train=0.0395  per_block(train)=[0.0010 0.0033 0.0058 0.0085 0.0209]  (126.2s)
2026-07-22 06:05:45,961 | INFO | celeba_ood | [decoders] epoch   6/25  train=0.0387  per_block(train)=[0.0010 0.0033 0.0057 0.0083 0.0204]  (126.2s)
2026-07-22 06:07:52,160 | INFO | celeba_ood | [decoders] epoch   7/25  train=0.0382  per_block(train)=[0.0010 0.0032 0.0057 0.0082 0.0200]  (126.2s)
2026-07-22 06:09:58,323 | INFO | celeba_ood | [decoders] epoch   8/25  train=0.0378  per_block(train)=[0.0010 0.0032 0.0057 0.0082 0.0198]  (126.2s)
2026-07-22 06:12:04,492 | INFO | celeba_ood | [decoders] epoch   9/25  train=0.0374  per_block(train)=[0.0009 0.0032 0.0056 0.0081 0.0196]  (126.2s)
2026-07-22 06:14:10,718 | INFO | celeba_ood | [decoders] epoch  10/25  train=0.0371  per_block(train)=[0.0009 0.0032 0.0056 0.0080 0.0194]  (126.2s)
2026-07-22 06:16:16,922 | INFO | celeba_ood | [decoders] epoch  11/25  train=0.0369  per_block(train)=[0.0009 0.0032 0.0056 0.0080 0.0192]  (126.2s)
2026-07-22 06:18:23,086 | INFO | celeba_ood | [decoders] epoch  12/25  train=0.0366  per_block(train)=[0.0009 0.0032 0.0056 0.0080 0.0190]  (126.2s)
2026-07-22 06:20:29,273 | INFO | celeba_ood | [decoders] epoch  13/25  train=0.0364  per_block(train)=[0.0009 0.0032 0.0055 0.0079 0.0189]  (126.2s)
2026-07-22 06:22:35,470 | INFO | celeba_ood | [decoders] epoch  14/25  train=0.0363  per_block(train)=[0.0009 0.0032 0.0055 0.0079 0.0188]  (126.2s)
2026-07-22 06:24:41,690 | INFO | celeba_ood | [decoders] epoch  15/25  train=0.0361  per_block(train)=[0.0009 0.0032 0.0055 0.0079 0.0187]  (126.2s)
2026-07-22 06:26:47,871 | INFO | celeba_ood | [decoders] epoch  16/25  train=0.0360  per_block(train)=[0.0009 0.0031 0.0055 0.0078 0.0186]  (126.2s)
2026-07-22 06:28:54,063 | INFO | celeba_ood | [decoders] epoch  17/25  train=0.0359  per_block(train)=[0.0009 0.0031 0.0055 0.0078 0.0185]  (126.2s)
2026-07-22 06:31:00,211 | INFO | celeba_ood | [decoders] epoch  18/25  train=0.0357  per_block(train)=[0.0009 0.0031 0.0055 0.0078 0.0185]  (126.1s)
2026-07-22 06:33:06,409 | INFO | celeba_ood | [decoders] epoch  19/25  train=0.0356  per_block(train)=[0.0009 0.0031 0.0055 0.0078 0.0183]  (126.2s)
2026-07-22 06:35:12,587 | INFO | celeba_ood | [decoders] epoch  20/25  train=0.0355  per_block(train)=[0.0009 0.0031 0.0055 0.0077 0.0183]  (126.2s)
2026-07-22 06:37:18,763 | INFO | celeba_ood | [decoders] epoch  21/25  train=0.0354  per_block(train)=[0.0009 0.0031 0.0055 0.0077 0.0183]  (126.2s)
2026-07-22 06:39:24,918 | INFO | celeba_ood | [decoders] epoch  22/25  train=0.0353  per_block(train)=[0.0009 0.0031 0.0054 0.0077 0.0182]  (126.2s)
2026-07-22 06:41:31,060 | INFO | celeba_ood | [decoders] epoch  23/25  train=0.0353  per_block(train)=[0.0009 0.0031 0.0054 0.0077 0.0182]  (126.1s)
2026-07-22 06:43:37,235 | INFO | celeba_ood | [decoders] epoch  24/25  train=0.0351  per_block(train)=[0.0009 0.0031 0.0054 0.0077 0.0181]  (126.2s)
2026-07-22 06:45:43,408 | INFO | celeba_ood | [decoders] epoch  25/25  train=0.0350  per_block(train)=[0.0008 0.0031 0.0054 0.0077 0.0180]  (126.2s)
2026-07-22 06:45:43,409 | INFO | celeba_ood | Decoder training done in 3154.7s
2026-07-22 06:45:43,440 | INFO | celeba_ood | ======================================================================
2026-07-22 06:45:43,440 | INFO | celeba_ood | EVALUATION — per-attribute accuracy + OOD AUROC
2026-07-22 06:45:43,440 | INFO | celeba_ood | ======================================================================
2026-07-22 06:45:43,440 | INFO | celeba_ood | Collecting predictions on test_in...
2026-07-22 06:45:49,578 | INFO | celeba_ood |   test_in size = 18941, OOD score (attr entropy) mean = 0.1334
2026-07-22 06:45:49,578 | INFO | celeba_ood | Collecting predictions on test_ood (Eyeglasses)...
2026-07-22 06:45:53,413 | INFO | celeba_ood |   test_ood size = 13193, OOD score (attr entropy) mean = 0.1437
2026-07-22 06:45:53,438 | INFO | celeba_ood | Per-attribute accuracy (in-distribution test set):
2026-07-22 06:45:53,438 | INFO | celeba_ood |   Male/Female : 98.25%
2026-07-22 06:45:53,438 | INFO | celeba_ood |   Arched_Eyebrows       : 77.33%
2026-07-22 06:45:53,438 | INFO | celeba_ood |   Bushy_Eyebrows        : 90.38%
2026-07-22 06:45:53,438 | INFO | celeba_ood |   Narrow_Eyes           : 89.01%
2026-07-22 06:45:53,438 | INFO | celeba_ood |   Bags_Under_Eyes       : 71.21%
2026-07-22 06:45:53,438 | INFO | celeba_ood |   Smiling               : 90.66%
2026-07-22 06:45:53,438 | INFO | celeba_ood |   Young                 : 84.45%
2026-07-22 06:45:53,438 | INFO | celeba_ood | OOD AUROC (in-dist vs Eyeglasses):
2026-07-22 06:45:53,438 | INFO | celeba_ood |   score_entropy_gender     AUROC = 0.7166  (in_mean=0.019, ood_mean=0.060)
2026-07-22 06:45:53,438 | INFO | celeba_ood |   score_entropy_attrs      AUROC = 0.5428  (in_mean=0.133, ood_mean=0.144)
2026-07-22 06:47:02,306 | INFO | celeba_ood | Wrote per-block plots: per_block_breakdown.png, recons_only.png, activations.png, fusion_overlay.png
2026-07-22 06:47:02,307 | INFO | celeba_ood | Summary written to outputs/celeba_ood/cp128_20260721_230657_6787580/model_5/summary.json
2026-07-22 06:47:02,310 | INFO | celeba_ood | model 6/10 done in 4821.7s
2026-07-22 06:47:02,319 | INFO | celeba_ood | ######################################################################
2026-07-22 06:47:02,320 | INFO | celeba_ood | # MODEL 7/10   (seed=48, channels=[64, 96, 160, 224, 288], kernel=3)
2026-07-22 06:47:02,320 | INFO | celeba_ood | ######################################################################
2026-07-22 06:47:02,356 | INFO | celeba_ood | Model        : FacialCNN  (1,102,986 params)
2026-07-22 06:47:02,357 | INFO | celeba_ood | ======================================================================
2026-07-22 06:47:02,357 | INFO | celeba_ood | TRAINING — combined CE(gender) + BCE(attrs) loss
2026-07-22 06:47:02,357 | INFO | celeba_ood | ======================================================================
2026-07-22 06:47:02,357 | INFO | celeba_ood | CutPaste pretext on: {'prob': 0.5, 'area_range': (0.05, 0.15), 'aspect_range': (0.3, 3.3), 'scar_prob': 0.0}  loss_weight=0.5
2026-07-22 06:47:02,357 | INFO | celeba_ood | No validation set — running the full 20-epoch schedule with no early stopping; final-epoch weights are kept.
2026-07-22 06:48:17,525 | INFO | celeba_ood | epoch   1/20  train_loss=0.9468  train_gender_acc=93.5%  train_attr_acc=[77.4 88.6 87.9 80.8 83.9 83.0]%  (75.2s)
2026-07-22 06:49:32,756 | INFO | celeba_ood | epoch   2/20  train_loss=0.6917  train_gender_acc=96.7%  train_attr_acc=[81.0 90.9 89.2 83.0 91.3 86.4]%  (75.2s)
2026-07-22 06:50:48,072 | INFO | celeba_ood | epoch   3/20  train_loss=0.6359  train_gender_acc=97.4%  train_attr_acc=[82.4 91.3 89.6 83.8 91.9 87.5]%  (75.3s)
2026-07-22 06:52:03,316 | INFO | celeba_ood | epoch   4/20  train_loss=0.6078  train_gender_acc=97.8%  train_attr_acc=[83.3 91.6 90.0 84.3 92.3 88.0]%  (75.2s)
2026-07-22 06:53:18,565 | INFO | celeba_ood | epoch   5/20  train_loss=0.5871  train_gender_acc=98.1%  train_attr_acc=[83.5 91.7 90.0 84.4 92.7 88.5]%  (75.2s)
2026-07-22 06:54:33,837 | INFO | celeba_ood | epoch   6/20  train_loss=0.5737  train_gender_acc=98.2%  train_attr_acc=[84.0 91.7 90.1 84.7 92.9 88.8]%  (75.3s)
2026-07-22 06:55:49,117 | INFO | celeba_ood | epoch   7/20  train_loss=0.5620  train_gender_acc=98.3%  train_attr_acc=[84.2 91.9 90.2 84.8 93.0 89.0]%  (75.3s)
2026-07-22 06:57:04,388 | INFO | celeba_ood | epoch   8/20  train_loss=0.5486  train_gender_acc=98.5%  train_attr_acc=[84.4 92.1 90.2 85.0 93.2 89.3]%  (75.3s)
2026-07-22 06:58:19,686 | INFO | celeba_ood | epoch   9/20  train_loss=0.5365  train_gender_acc=98.6%  train_attr_acc=[84.7 92.2 90.4 85.1 93.3 89.6]%  (75.3s)
2026-07-22 06:59:34,918 | INFO | celeba_ood | epoch  10/20  train_loss=0.5291  train_gender_acc=98.7%  train_attr_acc=[84.8 92.3 90.5 85.5 93.3 89.8]%  (75.2s)
2026-07-22 07:00:50,486 | INFO | celeba_ood | epoch  11/20  train_loss=0.5204  train_gender_acc=98.9%  train_attr_acc=[85.3 92.6 90.5 85.5 93.4 90.0]%  (75.6s)
2026-07-22 07:02:06,030 | INFO | celeba_ood | epoch  12/20  train_loss=0.5079  train_gender_acc=99.0%  train_attr_acc=[85.4 92.5 90.5 85.7 93.8 90.3]%  (75.5s)
2026-07-22 07:03:21,664 | INFO | celeba_ood | epoch  13/20  train_loss=0.5004  train_gender_acc=99.1%  train_attr_acc=[85.4 92.6 90.6 85.7 93.9 90.3]%  (75.6s)
2026-07-22 07:04:37,146 | INFO | celeba_ood | epoch  14/20  train_loss=0.4901  train_gender_acc=99.2%  train_attr_acc=[85.6 92.8 90.8 86.1 93.9 90.6]%  (75.5s)
2026-07-22 07:05:52,205 | INFO | celeba_ood | epoch  15/20  train_loss=0.4826  train_gender_acc=99.3%  train_attr_acc=[86.0 92.8 90.8 86.2 94.1 90.8]%  (75.1s)
2026-07-22 07:07:06,951 | INFO | celeba_ood | epoch  16/20  train_loss=0.4744  train_gender_acc=99.4%  train_attr_acc=[85.9 93.0 90.9 86.3 94.2 90.9]%  (74.7s)
2026-07-22 07:08:21,960 | INFO | celeba_ood | epoch  17/20  train_loss=0.4643  train_gender_acc=99.4%  train_attr_acc=[86.3 93.1 91.0 86.4 94.4 91.3]%  (75.0s)
2026-07-22 07:09:36,915 | INFO | celeba_ood | epoch  18/20  train_loss=0.4547  train_gender_acc=99.4%  train_attr_acc=[86.6 93.2 91.1 86.7 94.6 91.5]%  (75.0s)
2026-07-22 07:10:52,021 | INFO | celeba_ood | epoch  19/20  train_loss=0.4433  train_gender_acc=99.6%  train_attr_acc=[86.9 93.4 91.3 87.2 94.6 91.7]%  (75.1s)
2026-07-22 07:12:07,409 | INFO | celeba_ood | epoch  20/20  train_loss=0.4345  train_gender_acc=99.6%  train_attr_acc=[87.0 93.6 91.5 87.1 94.9 92.0]%  (75.4s)
2026-07-22 07:12:07,410 | INFO | celeba_ood | Training done in 1505.1s
2026-07-22 07:12:07,608 | INFO | celeba_ood | ======================================================================
2026-07-22 07:12:07,608 | INFO | celeba_ood | PHASE 2 — training per-block reconstruction decoders
2026-07-22 07:12:07,608 | INFO | celeba_ood | ======================================================================
2026-07-22 07:12:07,609 | INFO | celeba_ood |   decoder L0: in=(C=64, H=64) → out=(3, 128, 128)  params=32,931
2026-07-22 07:12:07,609 | INFO | celeba_ood |   decoder L1: in=(C=96, H=32) → out=(3, 128, 128)  params=92,379
2026-07-22 07:12:07,609 | INFO | celeba_ood |   decoder L2: in=(C=160, H=16) → out=(3, 128, 128)  params=269,143
2026-07-22 07:12:07,609 | INFO | celeba_ood |   decoder L3: in=(C=224, H=8) → out=(3, 128, 128)  params=534,491
2026-07-22 07:12:07,609 | INFO | celeba_ood |   decoder L4: in=(C=288, H=8) → out=(3, 128, 128)  params=881,877
2026-07-22 07:14:36,211 | INFO | celeba_ood | [decoders] epoch   1/25  train=0.0429  per_block(train)=[0.0014 0.0029 0.0060 0.0103 0.0223]  (148.6s)
2026-07-22 07:17:04,721 | INFO | celeba_ood | [decoders] epoch   2/25  train=0.0270  per_block(train)=[0.0004 0.0012 0.0032 0.0069 0.0152]  (148.5s)
2026-07-22 07:19:33,200 | INFO | celeba_ood | [decoders] epoch   3/25  train=0.0250  per_block(train)=[0.0004 0.0011 0.0030 0.0065 0.0141]  (148.5s)
2026-07-22 07:22:01,676 | INFO | celeba_ood | [decoders] epoch   4/25  train=0.0241  per_block(train)=[0.0004 0.0011 0.0029 0.0063 0.0135]  (148.5s)
2026-07-22 07:24:30,169 | INFO | celeba_ood | [decoders] epoch   5/25  train=0.0235  per_block(train)=[0.0003 0.0010 0.0029 0.0062 0.0131]  (148.5s)
2026-07-22 07:26:58,620 | INFO | celeba_ood | [decoders] epoch   6/25  train=0.0230  per_block(train)=[0.0003 0.0010 0.0028 0.0061 0.0128]  (148.5s)
2026-07-22 07:29:27,095 | INFO | celeba_ood | [decoders] epoch   7/25  train=0.0227  per_block(train)=[0.0003 0.0010 0.0028 0.0060 0.0126]  (148.5s)
2026-07-22 07:31:55,539 | INFO | celeba_ood | [decoders] epoch   8/25  train=0.0223  per_block(train)=[0.0003 0.0010 0.0027 0.0059 0.0124]  (148.4s)
2026-07-22 07:34:23,966 | INFO | celeba_ood | [decoders] epoch   9/25  train=0.0221  per_block(train)=[0.0003 0.0009 0.0027 0.0059 0.0123]  (148.4s)
2026-07-22 07:36:52,407 | INFO | celeba_ood | [decoders] epoch  10/25  train=0.0219  per_block(train)=[0.0003 0.0009 0.0027 0.0058 0.0122]  (148.4s)
2026-07-22 07:39:20,878 | INFO | celeba_ood | [decoders] epoch  11/25  train=0.0218  per_block(train)=[0.0003 0.0009 0.0027 0.0058 0.0121]  (148.5s)
2026-07-22 07:41:49,333 | INFO | celeba_ood | [decoders] epoch  12/25  train=0.0216  per_block(train)=[0.0003 0.0009 0.0027 0.0058 0.0120]  (148.5s)
2026-07-22 07:44:17,816 | INFO | celeba_ood | [decoders] epoch  13/25  train=0.0214  per_block(train)=[0.0002 0.0009 0.0027 0.0057 0.0119]  (148.5s)
2026-07-22 07:46:46,331 | INFO | celeba_ood | [decoders] epoch  14/25  train=0.0213  per_block(train)=[0.0002 0.0009 0.0026 0.0057 0.0118]  (148.5s)
2026-07-22 07:49:14,839 | INFO | celeba_ood | [decoders] epoch  15/25  train=0.0212  per_block(train)=[0.0002 0.0009 0.0026 0.0057 0.0118]  (148.5s)
2026-07-22 07:51:43,384 | INFO | celeba_ood | [decoders] epoch  16/25  train=0.0212  per_block(train)=[0.0002 0.0009 0.0026 0.0057 0.0117]  (148.5s)
2026-07-22 07:54:11,845 | INFO | celeba_ood | [decoders] epoch  17/25  train=0.0211  per_block(train)=[0.0002 0.0009 0.0026 0.0057 0.0117]  (148.5s)
2026-07-22 07:56:40,306 | INFO | celeba_ood | [decoders] epoch  18/25  train=0.0210  per_block(train)=[0.0002 0.0009 0.0026 0.0056 0.0116]  (148.5s)
2026-07-22 07:59:08,754 | INFO | celeba_ood | [decoders] epoch  19/25  train=0.0209  per_block(train)=[0.0002 0.0009 0.0026 0.0056 0.0116]  (148.4s)
2026-07-22 08:01:37,220 | INFO | celeba_ood | [decoders] epoch  20/25  train=0.0209  per_block(train)=[0.0002 0.0009 0.0026 0.0056 0.0116]  (148.5s)
2026-07-22 08:04:05,661 | INFO | celeba_ood | [decoders] epoch  21/25  train=0.0208  per_block(train)=[0.0002 0.0009 0.0026 0.0056 0.0115]  (148.4s)
2026-07-22 08:06:34,122 | INFO | celeba_ood | [decoders] epoch  22/25  train=0.0207  per_block(train)=[0.0002 0.0009 0.0026 0.0056 0.0115]  (148.5s)
2026-07-22 08:09:02,643 | INFO | celeba_ood | [decoders] epoch  23/25  train=0.0207  per_block(train)=[0.0002 0.0009 0.0026 0.0056 0.0115]  (148.5s)
2026-07-22 08:11:31,116 | INFO | celeba_ood | [decoders] epoch  24/25  train=0.0206  per_block(train)=[0.0002 0.0009 0.0026 0.0056 0.0114]  (148.5s)
2026-07-22 08:13:59,594 | INFO | celeba_ood | [decoders] epoch  25/25  train=0.0206  per_block(train)=[0.0002 0.0008 0.0026 0.0056 0.0114]  (148.5s)
2026-07-22 08:13:59,595 | INFO | celeba_ood | Decoder training done in 3712.0s
2026-07-22 08:13:59,626 | INFO | celeba_ood | ======================================================================
2026-07-22 08:13:59,626 | INFO | celeba_ood | EVALUATION — per-attribute accuracy + OOD AUROC
2026-07-22 08:13:59,626 | INFO | celeba_ood | ======================================================================
2026-07-22 08:13:59,626 | INFO | celeba_ood | Collecting predictions on test_in...
2026-07-22 08:14:05,714 | INFO | celeba_ood |   test_in size = 18941, OOD score (attr entropy) mean = 0.2103
2026-07-22 08:14:05,714 | INFO | celeba_ood | Collecting predictions on test_ood (Eyeglasses)...
2026-07-22 08:14:09,550 | INFO | celeba_ood |   test_ood size = 13193, OOD score (attr entropy) mean = 0.2097
2026-07-22 08:14:09,576 | INFO | celeba_ood | Per-attribute accuracy (in-distribution test set):
2026-07-22 08:14:09,576 | INFO | celeba_ood |   Male/Female : 97.80%
2026-07-22 08:14:09,576 | INFO | celeba_ood |   Arched_Eyebrows       : 83.69%
2026-07-22 08:14:09,576 | INFO | celeba_ood |   Bushy_Eyebrows        : 90.82%
2026-07-22 08:14:09,576 | INFO | celeba_ood |   Narrow_Eyes           : 89.83%
2026-07-22 08:14:09,576 | INFO | celeba_ood |   Bags_Under_Eyes       : 83.71%
2026-07-22 08:14:09,576 | INFO | celeba_ood |   Smiling               : 87.15%
2026-07-22 08:14:09,576 | INFO | celeba_ood |   Young                 : 78.37%
2026-07-22 08:14:09,576 | INFO | celeba_ood | OOD AUROC (in-dist vs Eyeglasses):
2026-07-22 08:14:09,576 | INFO | celeba_ood |   score_entropy_gender     AUROC = 0.7062  (in_mean=0.026, ood_mean=0.066)
2026-07-22 08:14:09,576 | INFO | celeba_ood |   score_entropy_attrs      AUROC = 0.5007  (in_mean=0.210, ood_mean=0.210)
2026-07-22 08:15:14,674 | INFO | celeba_ood | Wrote per-block plots: per_block_breakdown.png, recons_only.png, activations.png, fusion_overlay.png
2026-07-22 08:15:14,676 | INFO | celeba_ood | Summary written to outputs/celeba_ood/cp128_20260721_230657_6787580/model_6/summary.json
2026-07-22 08:15:14,679 | INFO | celeba_ood | model 7/10 done in 5292.4s
2026-07-22 08:15:14,688 | INFO | celeba_ood | ######################################################################
2026-07-22 08:15:14,688 | INFO | celeba_ood | # MODEL 8/10   (seed=49, channels=[24, 64, 128, 192, 256], kernel=5)
2026-07-22 08:15:14,688 | INFO | celeba_ood | ######################################################################
2026-07-22 08:15:14,734 | INFO | celeba_ood | Model        : FacialCNN  (2,092,098 params)
2026-07-22 08:15:14,734 | INFO | celeba_ood | ======================================================================
2026-07-22 08:15:14,734 | INFO | celeba_ood | TRAINING — combined CE(gender) + BCE(attrs) loss
2026-07-22 08:15:14,734 | INFO | celeba_ood | ======================================================================
2026-07-22 08:15:14,734 | INFO | celeba_ood | CutPaste pretext on: {'prob': 0.5, 'area_range': (0.05, 0.15), 'aspect_range': (0.3, 3.3), 'scar_prob': 0.0}  loss_weight=0.5
2026-07-22 08:15:14,734 | INFO | celeba_ood | No validation set — running the full 20-epoch schedule with no early stopping; final-epoch weights are kept.
2026-07-22 08:16:26,736 | INFO | celeba_ood | epoch   1/20  train_loss=0.9149  train_gender_acc=93.9%  train_attr_acc=[77.6 89.2 88.1 81.1 85.9 83.9]%  (72.0s)
2026-07-22 08:17:38,556 | INFO | celeba_ood | epoch   2/20  train_loss=0.6721  train_gender_acc=97.2%  train_attr_acc=[81.6 91.0 89.2 83.2 91.6 86.9]%  (71.8s)
2026-07-22 08:18:50,379 | INFO | celeba_ood | epoch   3/20  train_loss=0.6223  train_gender_acc=97.7%  train_attr_acc=[82.9 91.4 89.7 83.9 92.2 88.0]%  (71.8s)
2026-07-22 08:20:02,232 | INFO | celeba_ood | epoch   4/20  train_loss=0.5952  train_gender_acc=98.0%  train_attr_acc=[83.4 91.7 89.9 84.2 92.4 88.5]%  (71.9s)
2026-07-22 08:21:14,119 | INFO | celeba_ood | epoch   5/20  train_loss=0.5771  train_gender_acc=98.2%  train_attr_acc=[83.9 91.9 90.0 84.5 92.7 88.8]%  (71.9s)
2026-07-22 08:22:26,042 | INFO | celeba_ood | epoch   6/20  train_loss=0.5586  train_gender_acc=98.5%  train_attr_acc=[83.9 91.9 90.1 84.7 92.9 89.1]%  (71.9s)
2026-07-22 08:23:38,056 | INFO | celeba_ood | epoch   7/20  train_loss=0.5442  train_gender_acc=98.7%  train_attr_acc=[84.3 92.1 90.3 85.2 93.1 89.6]%  (72.0s)
2026-07-22 08:24:50,342 | INFO | celeba_ood | epoch   8/20  train_loss=0.5285  train_gender_acc=98.8%  train_attr_acc=[84.9 92.3 90.4 85.3 93.4 90.0]%  (72.3s)
2026-07-22 08:26:02,622 | INFO | celeba_ood | epoch   9/20  train_loss=0.5140  train_gender_acc=98.9%  train_attr_acc=[84.9 92.4 90.5 85.7 93.6 90.2]%  (72.3s)
2026-07-22 08:27:15,124 | INFO | celeba_ood | epoch  10/20  train_loss=0.5014  train_gender_acc=99.0%  train_attr_acc=[85.5 92.5 90.5 85.9 94.0 90.5]%  (72.5s)
2026-07-22 08:28:27,182 | INFO | celeba_ood | epoch  11/20  train_loss=0.4895  train_gender_acc=99.2%  train_attr_acc=[85.7 92.7 90.8 86.0 94.0 90.8]%  (72.1s)
2026-07-22 08:29:39,121 | INFO | celeba_ood | epoch  12/20  train_loss=0.4743  train_gender_acc=99.3%  train_attr_acc=[85.9 92.8 91.0 86.5 94.2 91.2]%  (71.9s)
2026-07-22 08:30:51,335 | INFO | celeba_ood | epoch  13/20  train_loss=0.4586  train_gender_acc=99.5%  train_attr_acc=[86.4 93.1 91.1 86.7 94.5 91.6]%  (72.2s)
2026-07-22 08:32:03,542 | INFO | celeba_ood | epoch  14/20  train_loss=0.4452  train_gender_acc=99.5%  train_attr_acc=[87.0 93.1 91.4 87.0 94.8 91.9]%  (72.2s)
2026-07-22 08:33:15,830 | INFO | celeba_ood | epoch  15/20  train_loss=0.4294  train_gender_acc=99.6%  train_attr_acc=[87.2 93.6 91.4 87.6 94.9 92.2]%  (72.3s)
2026-07-22 08:34:28,144 | INFO | celeba_ood | epoch  16/20  train_loss=0.4119  train_gender_acc=99.6%  train_attr_acc=[87.8 93.7 91.9 88.0 95.2 92.7]%  (72.3s)
2026-07-22 08:35:40,197 | INFO | celeba_ood | epoch  17/20  train_loss=0.3952  train_gender_acc=99.7%  train_attr_acc=[88.4 94.0 92.1 88.5 95.6 93.3]%  (72.1s)
2026-07-22 08:36:52,498 | INFO | celeba_ood | epoch  18/20  train_loss=0.3782  train_gender_acc=99.7%  train_attr_acc=[88.7 94.3 92.3 89.1 95.8 93.6]%  (72.3s)
2026-07-22 08:38:04,898 | INFO | celeba_ood | epoch  19/20  train_loss=0.3593  train_gender_acc=99.7%  train_attr_acc=[89.1 94.6 92.7 89.7 96.1 94.0]%  (72.4s)
2026-07-22 08:39:17,389 | INFO | celeba_ood | epoch  20/20  train_loss=0.3418  train_gender_acc=99.8%  train_attr_acc=[89.7 94.9 93.0 90.1 96.3 94.5]%  (72.5s)
2026-07-22 08:39:17,390 | INFO | celeba_ood | Training done in 1442.7s
2026-07-22 08:39:17,598 | INFO | celeba_ood | ======================================================================
2026-07-22 08:39:17,599 | INFO | celeba_ood | PHASE 2 — training per-block reconstruction decoders
2026-07-22 08:39:17,599 | INFO | celeba_ood | ======================================================================
2026-07-22 08:39:17,599 | INFO | celeba_ood |   decoder L0: in=(C=24, H=64) → out=(3, 128, 128)  params=6,227
2026-07-22 08:39:17,599 | INFO | celeba_ood |   decoder L1: in=(C=64, H=32) → out=(3, 128, 128)  params=41,107
2026-07-22 08:39:17,599 | INFO | celeba_ood |   decoder L2: in=(C=128, H=16) → out=(3, 128, 128)  params=172,307
2026-07-22 08:39:17,599 | INFO | celeba_ood |   decoder L3: in=(C=192, H=8) → out=(3, 128, 128)  params=393,635
2026-07-22 08:39:17,599 | INFO | celeba_ood |   decoder L4: in=(C=256, H=8) → out=(3, 128, 128)  params=696,851
2026-07-22 08:41:18,734 | INFO | celeba_ood | [decoders] epoch   1/25  train=0.0703  per_block(train)=[0.0041 0.0075 0.0100 0.0180 0.0307]  (121.1s)
2026-07-22 08:43:19,787 | INFO | celeba_ood | [decoders] epoch   2/25  train=0.0450  per_block(train)=[0.0014 0.0035 0.0061 0.0108 0.0232]  (121.1s)
2026-07-22 08:45:20,805 | INFO | celeba_ood | [decoders] epoch   3/25  train=0.0422  per_block(train)=[0.0013 0.0033 0.0058 0.0102 0.0216]  (121.0s)
2026-07-22 08:47:21,837 | INFO | celeba_ood | [decoders] epoch   4/25  train=0.0407  per_block(train)=[0.0013 0.0032 0.0057 0.0099 0.0207]  (121.0s)
2026-07-22 08:49:22,839 | INFO | celeba_ood | [decoders] epoch   5/25  train=0.0398  per_block(train)=[0.0013 0.0031 0.0056 0.0097 0.0201]  (121.0s)
2026-07-22 08:51:23,848 | INFO | celeba_ood | [decoders] epoch   6/25  train=0.0391  per_block(train)=[0.0012 0.0031 0.0055 0.0096 0.0197]  (121.0s)
2026-07-22 08:53:24,901 | INFO | celeba_ood | [decoders] epoch   7/25  train=0.0386  per_block(train)=[0.0012 0.0031 0.0055 0.0095 0.0193]  (121.1s)
2026-07-22 08:55:25,953 | INFO | celeba_ood | [decoders] epoch   8/25  train=0.0383  per_block(train)=[0.0012 0.0031 0.0055 0.0094 0.0191]  (121.1s)
2026-07-22 08:57:27,002 | INFO | celeba_ood | [decoders] epoch   9/25  train=0.0379  per_block(train)=[0.0012 0.0030 0.0054 0.0094 0.0189]  (121.0s)
2026-07-22 08:59:28,064 | INFO | celeba_ood | [decoders] epoch  10/25  train=0.0376  per_block(train)=[0.0012 0.0030 0.0054 0.0093 0.0187]  (121.1s)
2026-07-22 09:01:29,124 | INFO | celeba_ood | [decoders] epoch  11/25  train=0.0373  per_block(train)=[0.0012 0.0030 0.0054 0.0093 0.0185]  (121.1s)
2026-07-22 09:03:30,124 | INFO | celeba_ood | [decoders] epoch  12/25  train=0.0371  per_block(train)=[0.0012 0.0030 0.0054 0.0092 0.0184]  (121.0s)
2026-07-22 09:05:31,122 | INFO | celeba_ood | [decoders] epoch  13/25  train=0.0369  per_block(train)=[0.0012 0.0030 0.0054 0.0092 0.0182]  (121.0s)
2026-07-22 09:07:32,157 | INFO | celeba_ood | [decoders] epoch  14/25  train=0.0368  per_block(train)=[0.0012 0.0030 0.0053 0.0092 0.0181]  (121.0s)
2026-07-22 09:09:33,236 | INFO | celeba_ood | [decoders] epoch  15/25  train=0.0366  per_block(train)=[0.0012 0.0030 0.0053 0.0091 0.0180]  (121.1s)
2026-07-22 09:11:34,271 | INFO | celeba_ood | [decoders] epoch  16/25  train=0.0365  per_block(train)=[0.0012 0.0030 0.0053 0.0091 0.0179]  (121.0s)
2026-07-22 09:13:35,349 | INFO | celeba_ood | [decoders] epoch  17/25  train=0.0364  per_block(train)=[0.0012 0.0030 0.0053 0.0091 0.0179]  (121.1s)
2026-07-22 09:15:36,438 | INFO | celeba_ood | [decoders] epoch  18/25  train=0.0362  per_block(train)=[0.0012 0.0029 0.0053 0.0090 0.0178]  (121.1s)
2026-07-22 09:17:37,544 | INFO | celeba_ood | [decoders] epoch  19/25  train=0.0361  per_block(train)=[0.0012 0.0029 0.0053 0.0090 0.0177]  (121.1s)
2026-07-22 09:19:38,586 | INFO | celeba_ood | [decoders] epoch  20/25  train=0.0360  per_block(train)=[0.0011 0.0029 0.0053 0.0090 0.0177]  (121.0s)
2026-07-22 09:21:39,648 | INFO | celeba_ood | [decoders] epoch  21/25  train=0.0359  per_block(train)=[0.0011 0.0029 0.0053 0.0090 0.0176]  (121.1s)
2026-07-22 09:23:40,691 | INFO | celeba_ood | [decoders] epoch  22/25  train=0.0359  per_block(train)=[0.0011 0.0029 0.0053 0.0090 0.0176]  (121.0s)
2026-07-22 09:25:41,696 | INFO | celeba_ood | [decoders] epoch  23/25  train=0.0357  per_block(train)=[0.0011 0.0029 0.0052 0.0089 0.0175]  (121.0s)
2026-07-22 09:27:42,779 | INFO | celeba_ood | [decoders] epoch  24/25  train=0.0357  per_block(train)=[0.0011 0.0029 0.0052 0.0089 0.0174]  (121.1s)
2026-07-22 09:29:43,748 | INFO | celeba_ood | [decoders] epoch  25/25  train=0.0356  per_block(train)=[0.0011 0.0029 0.0052 0.0089 0.0174]  (121.0s)
2026-07-22 09:29:43,749 | INFO | celeba_ood | Decoder training done in 3026.1s
2026-07-22 09:29:43,778 | INFO | celeba_ood | ======================================================================
2026-07-22 09:29:43,778 | INFO | celeba_ood | EVALUATION — per-attribute accuracy + OOD AUROC
2026-07-22 09:29:43,778 | INFO | celeba_ood | ======================================================================
2026-07-22 09:29:43,778 | INFO | celeba_ood | Collecting predictions on test_in...
2026-07-22 09:29:49,977 | INFO | celeba_ood |   test_in size = 18941, OOD score (attr entropy) mean = 0.2061
2026-07-22 09:29:49,977 | INFO | celeba_ood | Collecting predictions on test_ood (Eyeglasses)...
2026-07-22 09:29:53,881 | INFO | celeba_ood |   test_ood size = 13193, OOD score (attr entropy) mean = 0.2339
2026-07-22 09:29:53,906 | INFO | celeba_ood | Per-attribute accuracy (in-distribution test set):
2026-07-22 09:29:53,907 | INFO | celeba_ood |   Male/Female : 97.52%
2026-07-22 09:29:53,907 | INFO | celeba_ood |   Arched_Eyebrows       : 82.30%
2026-07-22 09:29:53,907 | INFO | celeba_ood |   Bushy_Eyebrows        : 55.42%
2026-07-22 09:29:53,907 | INFO | celeba_ood |   Narrow_Eyes           : 88.49%
2026-07-22 09:29:53,907 | INFO | celeba_ood |   Bags_Under_Eyes       : 83.30%
2026-07-22 09:29:53,907 | INFO | celeba_ood |   Smiling               : 89.68%
2026-07-22 09:29:53,907 | INFO | celeba_ood |   Young                 : 85.75%
2026-07-22 09:29:53,907 | INFO | celeba_ood | OOD AUROC (in-dist vs Eyeglasses):
2026-07-22 09:29:53,907 | INFO | celeba_ood |   score_entropy_gender     AUROC = 0.6491  (in_mean=0.022, ood_mean=0.056)
2026-07-22 09:29:53,907 | INFO | celeba_ood |   score_entropy_attrs      AUROC = 0.5843  (in_mean=0.206, ood_mean=0.234)
2026-07-22 09:31:03,011 | INFO | celeba_ood | Wrote per-block plots: per_block_breakdown.png, recons_only.png, activations.png, fusion_overlay.png
2026-07-22 09:31:03,023 | INFO | celeba_ood | Summary written to outputs/celeba_ood/cp128_20260721_230657_6787580/model_7/summary.json
2026-07-22 09:31:03,026 | INFO | celeba_ood | model 8/10 done in 4548.3s
2026-07-22 09:31:03,034 | INFO | celeba_ood | ######################################################################
2026-07-22 09:31:03,034 | INFO | celeba_ood | # MODEL 9/10   (seed=50, channels=[48, 64, 96, 192, 384], kernel=3)
2026-07-22 09:31:03,034 | INFO | celeba_ood | ######################################################################
2026-07-22 09:31:03,065 | INFO | celeba_ood | Model        : FacialCNN  (919,098 params)
2026-07-22 09:31:03,065 | INFO | celeba_ood | ======================================================================
2026-07-22 09:31:03,065 | INFO | celeba_ood | TRAINING — combined CE(gender) + BCE(attrs) loss
2026-07-22 09:31:03,065 | INFO | celeba_ood | ======================================================================
2026-07-22 09:31:03,065 | INFO | celeba_ood | CutPaste pretext on: {'prob': 0.5, 'area_range': (0.05, 0.15), 'aspect_range': (0.3, 3.3), 'scar_prob': 0.0}  loss_weight=0.5
2026-07-22 09:31:03,066 | INFO | celeba_ood | No validation set — running the full 20-epoch schedule with no early stopping; final-epoch weights are kept.
2026-07-22 09:32:00,200 | INFO | celeba_ood | epoch   1/20  train_loss=0.9726  train_gender_acc=92.8%  train_attr_acc=[76.7 88.3 88.2 80.8 83.0 82.8]%  (57.1s)
2026-07-22 09:32:57,433 | INFO | celeba_ood | epoch   2/20  train_loss=0.7127  train_gender_acc=96.6%  train_attr_acc=[79.8 90.6 89.1 82.9 90.9 85.9]%  (57.2s)
2026-07-22 09:33:54,652 | INFO | celeba_ood | epoch   3/20  train_loss=0.6576  train_gender_acc=97.2%  train_attr_acc=[81.7 91.2 89.5 83.6 91.5 87.2]%  (57.2s)
2026-07-22 09:34:51,751 | INFO | celeba_ood | epoch   4/20  train_loss=0.6226  train_gender_acc=97.6%  train_attr_acc=[82.6 91.4 89.8 84.0 92.0 87.8]%  (57.1s)
2026-07-22 09:35:48,831 | INFO | celeba_ood | epoch   5/20  train_loss=0.6036  train_gender_acc=97.9%  train_attr_acc=[83.1 91.6 89.9 84.3 92.3 88.2]%  (57.1s)
2026-07-22 09:36:45,858 | INFO | celeba_ood | epoch   6/20  train_loss=0.5889  train_gender_acc=98.1%  train_attr_acc=[83.4 91.6 89.9 84.4 92.5 88.6]%  (57.0s)
2026-07-22 09:37:42,967 | INFO | celeba_ood | epoch   7/20  train_loss=0.5733  train_gender_acc=98.3%  train_attr_acc=[83.7 91.9 90.1 84.7 92.7 88.7]%  (57.1s)
2026-07-22 09:38:40,011 | INFO | celeba_ood | epoch   8/20  train_loss=0.5644  train_gender_acc=98.3%  train_attr_acc=[83.9 91.8 90.2 84.8 92.9 89.1]%  (57.0s)
2026-07-22 09:39:37,180 | INFO | celeba_ood | epoch   9/20  train_loss=0.5536  train_gender_acc=98.5%  train_attr_acc=[84.2 92.1 90.2 85.0 93.0 89.2]%  (57.2s)
2026-07-22 09:40:34,229 | INFO | celeba_ood | epoch  10/20  train_loss=0.5457  train_gender_acc=98.6%  train_attr_acc=[84.1 92.0 90.3 85.1 93.2 89.4]%  (57.0s)
2026-07-22 09:41:31,439 | INFO | celeba_ood | epoch  11/20  train_loss=0.5365  train_gender_acc=98.7%  train_attr_acc=[84.4 92.3 90.4 85.1 93.3 89.8]%  (57.2s)
2026-07-22 09:42:28,617 | INFO | celeba_ood | epoch  12/20  train_loss=0.5278  train_gender_acc=98.8%  train_attr_acc=[84.7 92.4 90.3 85.6 93.3 89.7]%  (57.2s)
2026-07-22 09:43:25,837 | INFO | celeba_ood | epoch  13/20  train_loss=0.5200  train_gender_acc=98.9%  train_attr_acc=[84.8 92.4 90.5 85.6 93.5 89.8]%  (57.2s)
2026-07-22 09:44:22,957 | INFO | celeba_ood | epoch  14/20  train_loss=0.5140  train_gender_acc=99.0%  train_attr_acc=[85.0 92.4 90.5 85.5 93.6 90.0]%  (57.1s)
2026-07-22 09:45:20,040 | INFO | celeba_ood | epoch  15/20  train_loss=0.5084  train_gender_acc=99.0%  train_attr_acc=[85.2 92.4 90.6 85.8 93.7 90.2]%  (57.1s)
2026-07-22 09:46:17,117 | INFO | celeba_ood | epoch  16/20  train_loss=0.4970  train_gender_acc=99.2%  train_attr_acc=[85.5 92.6 90.7 85.9 93.8 90.3]%  (57.1s)
2026-07-22 09:47:14,240 | INFO | celeba_ood | epoch  17/20  train_loss=0.4956  train_gender_acc=99.2%  train_attr_acc=[85.4 92.7 90.7 85.7 93.8 90.3]%  (57.1s)
2026-07-22 09:48:11,302 | INFO | celeba_ood | epoch  18/20  train_loss=0.4865  train_gender_acc=99.2%  train_attr_acc=[85.7 92.7 90.8 86.3 94.0 90.7]%  (57.1s)
2026-07-22 09:49:08,286 | INFO | celeba_ood | epoch  19/20  train_loss=0.4797  train_gender_acc=99.3%  train_attr_acc=[85.9 92.8 90.9 86.3 94.1 90.7]%  (57.0s)
2026-07-22 09:50:05,294 | INFO | celeba_ood | epoch  20/20  train_loss=0.4755  train_gender_acc=99.4%  train_attr_acc=[85.9 93.0 90.9 86.4 94.1 90.9]%  (57.0s)
2026-07-22 09:50:05,295 | INFO | celeba_ood | Training done in 1142.2s
2026-07-22 09:50:05,498 | INFO | celeba_ood | ======================================================================
2026-07-22 09:50:05,498 | INFO | celeba_ood | PHASE 2 — training per-block reconstruction decoders
2026-07-22 09:50:05,498 | INFO | celeba_ood | ======================================================================
2026-07-22 09:50:05,498 | INFO | celeba_ood |   decoder L0: in=(C=48, H=64) → out=(3, 128, 128)  params=18,555
2026-07-22 09:50:05,498 | INFO | celeba_ood |   decoder L1: in=(C=64, H=32) → out=(3, 128, 128)  params=41,107
2026-07-22 09:50:05,499 | INFO | celeba_ood |   decoder L2: in=(C=96, H=16) → out=(3, 128, 128)  params=98,531
2026-07-22 09:50:05,499 | INFO | celeba_ood |   decoder L3: in=(C=192, H=8) → out=(3, 128, 128)  params=393,635
2026-07-22 09:50:05,499 | INFO | celeba_ood |   decoder L4: in=(C=384, H=8) → out=(3, 128, 128)  params=1,567,515
2026-07-22 09:52:10,328 | INFO | celeba_ood | [decoders] epoch   1/25  train=0.0462  per_block(train)=[0.0026 0.0047 0.0082 0.0112 0.0195]  (124.8s)
2026-07-22 09:54:15,169 | INFO | celeba_ood | [decoders] epoch   2/25  train=0.0270  per_block(train)=[0.0005 0.0015 0.0045 0.0075 0.0130]  (124.8s)
2026-07-22 09:56:19,942 | INFO | celeba_ood | [decoders] epoch   3/25  train=0.0252  per_block(train)=[0.0005 0.0014 0.0043 0.0071 0.0120]  (124.8s)
2026-07-22 09:58:24,728 | INFO | celeba_ood | [decoders] epoch   4/25  train=0.0243  per_block(train)=[0.0004 0.0014 0.0041 0.0069 0.0115]  (124.8s)
2026-07-22 10:00:29,479 | INFO | celeba_ood | [decoders] epoch   5/25  train=0.0237  per_block(train)=[0.0004 0.0013 0.0041 0.0067 0.0111]  (124.8s)
2026-07-22 10:02:34,313 | INFO | celeba_ood | [decoders] epoch   6/25  train=0.0233  per_block(train)=[0.0004 0.0013 0.0040 0.0066 0.0109]  (124.8s)
2026-07-22 10:04:39,001 | INFO | celeba_ood | [decoders] epoch   7/25  train=0.0229  per_block(train)=[0.0004 0.0013 0.0040 0.0066 0.0107]  (124.7s)
2026-07-22 10:06:43,769 | INFO | celeba_ood | [decoders] epoch   8/25  train=0.0226  per_block(train)=[0.0004 0.0013 0.0040 0.0065 0.0105]  (124.8s)
2026-07-22 10:08:48,475 | INFO | celeba_ood | [decoders] epoch   9/25  train=0.0224  per_block(train)=[0.0004 0.0013 0.0039 0.0065 0.0104]  (124.7s)
2026-07-22 10:10:53,227 | INFO | celeba_ood | [decoders] epoch  10/25  train=0.0222  per_block(train)=[0.0003 0.0013 0.0039 0.0064 0.0103]  (124.8s)
2026-07-22 10:12:57,967 | INFO | celeba_ood | [decoders] epoch  11/25  train=0.0221  per_block(train)=[0.0003 0.0013 0.0039 0.0064 0.0102]  (124.7s)
2026-07-22 10:15:02,723 | INFO | celeba_ood | [decoders] epoch  12/25  train=0.0219  per_block(train)=[0.0003 0.0013 0.0039 0.0064 0.0101]  (124.8s)
2026-07-22 10:17:07,436 | INFO | celeba_ood | [decoders] epoch  13/25  train=0.0218  per_block(train)=[0.0003 0.0012 0.0039 0.0063 0.0100]  (124.7s)
2026-07-22 10:19:16,487 | INFO | celeba_ood | [decoders] epoch  14/25  train=0.0217  per_block(train)=[0.0003 0.0013 0.0039 0.0063 0.0100]  (129.0s)
2026-07-22 10:21:21,001 | INFO | celeba_ood | [decoders] epoch  15/25  train=0.0216  per_block(train)=[0.0003 0.0012 0.0038 0.0063 0.0099]  (124.5s)
2026-07-22 10:23:25,636 | INFO | celeba_ood | [decoders] epoch  16/25  train=0.0215  per_block(train)=[0.0003 0.0012 0.0038 0.0063 0.0099]  (124.6s)
2026-07-22 10:25:30,181 | INFO | celeba_ood | [decoders] epoch  17/25  train=0.0214  per_block(train)=[0.0003 0.0012 0.0038 0.0062 0.0098]  (124.5s)
2026-07-22 10:27:34,731 | INFO | celeba_ood | [decoders] epoch  18/25  train=0.0214  per_block(train)=[0.0003 0.0012 0.0038 0.0062 0.0098]  (124.5s)
2026-07-22 10:29:39,265 | INFO | celeba_ood | [decoders] epoch  19/25  train=0.0212  per_block(train)=[0.0003 0.0012 0.0038 0.0062 0.0097]  (124.5s)
2026-07-22 10:31:43,873 | INFO | celeba_ood | [decoders] epoch  20/25  train=0.0212  per_block(train)=[0.0003 0.0012 0.0038 0.0062 0.0097]  (124.6s)
2026-07-22 10:33:48,468 | INFO | celeba_ood | [decoders] epoch  21/25  train=0.0211  per_block(train)=[0.0003 0.0012 0.0038 0.0062 0.0096]  (124.6s)
2026-07-22 10:35:53,102 | INFO | celeba_ood | [decoders] epoch  22/25  train=0.0211  per_block(train)=[0.0003 0.0012 0.0038 0.0062 0.0096]  (124.6s)
2026-07-22 10:37:57,717 | INFO | celeba_ood | [decoders] epoch  23/25  train=0.0210  per_block(train)=[0.0003 0.0012 0.0038 0.0061 0.0096]  (124.6s)
2026-07-22 10:40:02,400 | INFO | celeba_ood | [decoders] epoch  24/25  train=0.0210  per_block(train)=[0.0003 0.0012 0.0038 0.0061 0.0096]  (124.7s)
2026-07-22 10:42:07,028 | INFO | celeba_ood | [decoders] epoch  25/25  train=0.0209  per_block(train)=[0.0003 0.0012 0.0038 0.0061 0.0095]  (124.6s)
2026-07-22 10:42:07,029 | INFO | celeba_ood | Decoder training done in 3121.5s
2026-07-22 10:42:07,061 | INFO | celeba_ood | ======================================================================
2026-07-22 10:42:07,061 | INFO | celeba_ood | EVALUATION — per-attribute accuracy + OOD AUROC
2026-07-22 10:42:07,061 | INFO | celeba_ood | ======================================================================
2026-07-22 10:42:07,061 | INFO | celeba_ood | Collecting predictions on test_in...
2026-07-22 10:42:13,247 | INFO | celeba_ood |   test_in size = 18941, OOD score (attr entropy) mean = 0.2641
2026-07-22 10:42:13,247 | INFO | celeba_ood | Collecting predictions on test_ood (Eyeglasses)...
2026-07-22 10:42:17,113 | INFO | celeba_ood |   test_ood size = 13193, OOD score (attr entropy) mean = 0.3219
2026-07-22 10:42:17,139 | INFO | celeba_ood | Per-attribute accuracy (in-distribution test set):
2026-07-22 10:42:17,139 | INFO | celeba_ood |   Male/Female : 97.77%
2026-07-22 10:42:17,139 | INFO | celeba_ood |   Arched_Eyebrows       : 81.04%
2026-07-22 10:42:17,139 | INFO | celeba_ood |   Bushy_Eyebrows        : 90.54%
2026-07-22 10:42:17,139 | INFO | celeba_ood |   Narrow_Eyes           : 90.13%
2026-07-22 10:42:17,139 | INFO | celeba_ood |   Bags_Under_Eyes       : 72.63%
2026-07-22 10:42:17,139 | INFO | celeba_ood |   Smiling               : 92.45%
2026-07-22 10:42:17,139 | INFO | celeba_ood |   Young                 : 88.11%
2026-07-22 10:42:17,139 | INFO | celeba_ood | OOD AUROC (in-dist vs Eyeglasses):
2026-07-22 10:42:17,139 | INFO | celeba_ood |   score_entropy_gender     AUROC = 0.6942  (in_mean=0.029, ood_mean=0.077)
2026-07-22 10:42:17,139 | INFO | celeba_ood |   score_entropy_attrs      AUROC = 0.6729  (in_mean=0.264, ood_mean=0.322)
2026-07-22 10:43:22,914 | INFO | celeba_ood | Wrote per-block plots: per_block_breakdown.png, recons_only.png, activations.png, fusion_overlay.png
2026-07-22 10:43:22,916 | INFO | celeba_ood | Summary written to outputs/celeba_ood/cp128_20260721_230657_6787580/model_8/summary.json
2026-07-22 10:43:22,919 | INFO | celeba_ood | model 9/10 done in 4339.9s
2026-07-22 10:43:22,927 | INFO | celeba_ood | ######################################################################
2026-07-22 10:43:22,927 | INFO | celeba_ood | # MODEL 10/10   (seed=51, channels=[32, 48, 112, 224, 336], kernel=5)
2026-07-22 10:43:22,927 | INFO | celeba_ood | ######################################################################
2026-07-22 10:43:22,981 | INFO | celeba_ood | Model        : FacialCNN  (2,688,874 params)
2026-07-22 10:43:22,981 | INFO | celeba_ood | ======================================================================
2026-07-22 10:43:22,981 | INFO | celeba_ood | TRAINING — combined CE(gender) + BCE(attrs) loss
2026-07-22 10:43:22,981 | INFO | celeba_ood | ======================================================================
2026-07-22 10:43:22,982 | INFO | celeba_ood | CutPaste pretext on: {'prob': 0.5, 'area_range': (0.05, 0.15), 'aspect_range': (0.3, 3.3), 'scar_prob': 0.0}  loss_weight=0.5
2026-07-22 10:43:22,982 | INFO | celeba_ood | No validation set — running the full 20-epoch schedule with no early stopping; final-epoch weights are kept.
2026-07-22 10:44:39,546 | INFO | celeba_ood | epoch   1/20  train_loss=0.9353  train_gender_acc=93.4%  train_attr_acc=[77.1 88.8 88.2 80.7 85.7 83.5]%  (76.6s)
2026-07-22 10:45:56,778 | INFO | celeba_ood | epoch   2/20  train_loss=0.6876  train_gender_acc=97.1%  train_attr_acc=[80.8 91.0 89.0 83.0 91.3 86.7]%  (77.2s)
2026-07-22 10:47:14,023 | INFO | celeba_ood | epoch   3/20  train_loss=0.6324  train_gender_acc=97.6%  train_attr_acc=[82.4 91.4 89.6 83.5 92.1 87.7]%  (77.2s)
2026-07-22 10:48:31,098 | INFO | celeba_ood | epoch   4/20  train_loss=0.6022  train_gender_acc=98.0%  train_attr_acc=[83.0 91.4 89.7 84.2 92.3 88.3]%  (77.1s)
2026-07-22 10:49:48,093 | INFO | celeba_ood | epoch   5/20  train_loss=0.5797  train_gender_acc=98.3%  train_attr_acc=[83.8 91.7 90.1 84.5 92.6 88.8]%  (77.0s)
2026-07-22 10:51:05,146 | INFO | celeba_ood | epoch   6/20  train_loss=0.5633  train_gender_acc=98.4%  train_attr_acc=[83.9 92.1 90.2 84.7 92.8 89.1]%  (77.1s)
2026-07-22 10:52:22,052 | INFO | celeba_ood | epoch   7/20  train_loss=0.5486  train_gender_acc=98.6%  train_attr_acc=[84.3 92.1 90.4 84.9 93.1 89.5]%  (76.9s)
2026-07-22 10:53:38,963 | INFO | celeba_ood | epoch   8/20  train_loss=0.5340  train_gender_acc=98.7%  train_attr_acc=[84.8 92.2 90.3 85.1 93.3 89.6]%  (76.9s)
2026-07-22 10:54:56,098 | INFO | celeba_ood | epoch   9/20  train_loss=0.5197  train_gender_acc=98.9%  train_attr_acc=[84.9 92.4 90.5 85.3 93.6 90.1]%  (77.1s)
2026-07-22 10:56:13,005 | INFO | celeba_ood | epoch  10/20  train_loss=0.5082  train_gender_acc=99.0%  train_attr_acc=[85.3 92.5 90.6 85.7 93.7 90.3]%  (76.9s)
2026-07-22 10:57:30,121 | INFO | celeba_ood | epoch  11/20  train_loss=0.4913  train_gender_acc=99.2%  train_attr_acc=[85.5 92.7 90.9 86.1 93.8 90.7]%  (77.1s)
2026-07-22 10:58:47,063 | INFO | celeba_ood | epoch  12/20  train_loss=0.4774  train_gender_acc=99.4%  train_attr_acc=[85.9 92.9 90.9 86.3 94.1 91.1]%  (76.9s)
2026-07-22 11:00:03,888 | INFO | celeba_ood | epoch  13/20  train_loss=0.4642  train_gender_acc=99.4%  train_attr_acc=[86.3 93.1 91.1 86.6 94.3 91.3]%  (76.8s)
2026-07-22 11:01:21,390 | INFO | celeba_ood | epoch  14/20  train_loss=0.4510  train_gender_acc=99.4%  train_attr_acc=[86.7 93.2 91.2 87.0 94.5 91.8]%  (77.5s)
2026-07-22 11:02:38,608 | INFO | celeba_ood | epoch  15/20  train_loss=0.4342  train_gender_acc=99.6%  train_attr_acc=[86.9 93.4 91.5 87.5 94.8 92.1]%  (77.2s)
2026-07-22 11:03:55,429 | INFO | celeba_ood | epoch  16/20  train_loss=0.4174  train_gender_acc=99.6%  train_attr_acc=[87.5 93.6 91.7 87.8 95.0 92.7]%  (76.8s)
2026-07-22 11:05:12,589 | INFO | celeba_ood | epoch  17/20  train_loss=0.4028  train_gender_acc=99.7%  train_attr_acc=[88.0 94.0 92.0 88.4 95.3 93.0]%  (77.2s)
2026-07-22 11:06:29,484 | INFO | celeba_ood | epoch  18/20  train_loss=0.3850  train_gender_acc=99.7%  train_attr_acc=[88.2 94.2 92.3 88.8 95.6 93.5]%  (76.9s)
2026-07-22 11:07:46,341 | INFO | celeba_ood | epoch  19/20  train_loss=0.3674  train_gender_acc=99.7%  train_attr_acc=[88.9 94.5 92.7 89.3 95.8 93.9]%  (76.9s)
2026-07-22 11:09:03,188 | INFO | celeba_ood | epoch  20/20  train_loss=0.3513  train_gender_acc=99.8%  train_attr_acc=[89.5 94.6 93.0 89.9 96.0 94.2]%  (76.8s)
2026-07-22 11:09:03,189 | INFO | celeba_ood | Training done in 1540.2s
2026-07-22 11:09:03,404 | INFO | celeba_ood | ======================================================================
2026-07-22 11:09:03,404 | INFO | celeba_ood | PHASE 2 — training per-block reconstruction decoders
2026-07-22 11:09:03,404 | INFO | celeba_ood | ======================================================================
2026-07-22 11:09:03,404 | INFO | celeba_ood |   decoder L0: in=(C=32, H=64) → out=(3, 128, 128)  params=8,275
2026-07-22 11:09:03,404 | INFO | celeba_ood |   decoder L1: in=(C=48, H=32) → out=(3, 128, 128)  params=24,707
2026-07-22 11:09:03,404 | INFO | celeba_ood |   decoder L2: in=(C=112, H=16) → out=(3, 128, 128)  params=132,859
2026-07-22 11:09:03,404 | INFO | celeba_ood |   decoder L3: in=(C=224, H=8) → out=(3, 128, 128)  params=534,491
2026-07-22 11:09:03,404 | INFO | celeba_ood |   decoder L4: in=(C=336, H=8) → out=(3, 128, 128)  params=1,200,216
2026-07-22 11:11:21,595 | INFO | celeba_ood | [decoders] epoch   1/25  train=0.0644  per_block(train)=[0.0043 0.0072 0.0106 0.0145 0.0277]  (138.2s)
2026-07-22 11:13:39,676 | INFO | celeba_ood | [decoders] epoch   2/25  train=0.0417  per_block(train)=[0.0009 0.0039 0.0066 0.0098 0.0204]  (138.1s)
2026-07-22 11:15:57,926 | INFO | celeba_ood | [decoders] epoch   3/25  train=0.0392  per_block(train)=[0.0008 0.0038 0.0064 0.0092 0.0190]  (138.3s)
2026-07-22 11:18:16,044 | INFO | celeba_ood | [decoders] epoch   4/25  train=0.0379  per_block(train)=[0.0008 0.0037 0.0062 0.0090 0.0182]  (138.1s)
2026-07-22 11:20:34,141 | INFO | celeba_ood | [decoders] epoch   5/25  train=0.0370  per_block(train)=[0.0008 0.0037 0.0061 0.0088 0.0176]  (138.1s)
2026-07-22 11:22:52,236 | INFO | celeba_ood | [decoders] epoch   6/25  train=0.0364  per_block(train)=[0.0008 0.0036 0.0061 0.0087 0.0172]  (138.1s)
2026-07-22 11:25:10,327 | INFO | celeba_ood | [decoders] epoch   7/25  train=0.0359  per_block(train)=[0.0008 0.0036 0.0060 0.0086 0.0169]  (138.1s)
2026-07-22 11:27:28,464 | INFO | celeba_ood | [decoders] epoch   8/25  train=0.0355  per_block(train)=[0.0007 0.0036 0.0060 0.0085 0.0167]  (138.1s)
2026-07-22 11:29:46,524 | INFO | celeba_ood | [decoders] epoch   9/25  train=0.0352  per_block(train)=[0.0007 0.0036 0.0060 0.0084 0.0164]  (138.1s)
2026-07-22 11:32:04,603 | INFO | celeba_ood | [decoders] epoch  10/25  train=0.0349  per_block(train)=[0.0007 0.0036 0.0059 0.0084 0.0163]  (138.1s)
2026-07-22 11:34:22,644 | INFO | celeba_ood | [decoders] epoch  11/25  train=0.0347  per_block(train)=[0.0007 0.0036 0.0059 0.0084 0.0161]  (138.0s)
2026-07-22 11:36:40,729 | INFO | celeba_ood | [decoders] epoch  12/25  train=0.0345  per_block(train)=[0.0007 0.0036 0.0059 0.0083 0.0160]  (138.1s)
2026-07-22 11:38:58,799 | INFO | celeba_ood | [decoders] epoch  13/25  train=0.0343  per_block(train)=[0.0007 0.0035 0.0059 0.0083 0.0159]  (138.1s)
2026-07-22 11:41:16,878 | INFO | celeba_ood | [decoders] epoch  14/25  train=0.0341  per_block(train)=[0.0007 0.0035 0.0059 0.0083 0.0158]  (138.1s)
2026-07-22 11:43:34,961 | INFO | celeba_ood | [decoders] epoch  15/25  train=0.0340  per_block(train)=[0.0007 0.0035 0.0058 0.0082 0.0157]  (138.1s)
2026-07-22 11:45:53,020 | INFO | celeba_ood | [decoders] epoch  16/25  train=0.0338  per_block(train)=[0.0007 0.0035 0.0058 0.0082 0.0156]  (138.1s)
2026-07-22 11:48:11,102 | INFO | celeba_ood | [decoders] epoch  17/25  train=0.0337  per_block(train)=[0.0007 0.0035 0.0058 0.0082 0.0155]  (138.1s)
2026-07-22 11:50:29,151 | INFO | celeba_ood | [decoders] epoch  18/25  train=0.0336  per_block(train)=[0.0007 0.0035 0.0058 0.0082 0.0154]  (138.0s)
2026-07-22 11:52:47,207 | INFO | celeba_ood | [decoders] epoch  19/25  train=0.0335  per_block(train)=[0.0007 0.0035 0.0058 0.0081 0.0154]  (138.1s)
2026-07-22 11:55:05,316 | INFO | celeba_ood | [decoders] epoch  20/25  train=0.0334  per_block(train)=[0.0007 0.0035 0.0058 0.0081 0.0153]  (138.1s)
2026-07-22 11:57:23,345 | INFO | celeba_ood | [decoders] epoch  21/25  train=0.0333  per_block(train)=[0.0007 0.0035 0.0058 0.0081 0.0153]  (138.0s)
2026-07-22 11:59:41,508 | INFO | celeba_ood | [decoders] epoch  22/25  train=0.0332  per_block(train)=[0.0007 0.0035 0.0058 0.0081 0.0152]  (138.2s)
2026-07-22 12:01:59,657 | INFO | celeba_ood | [decoders] epoch  23/25  train=0.0331  per_block(train)=[0.0007 0.0035 0.0058 0.0081 0.0152]  (138.1s)
2026-07-22 12:04:17,811 | INFO | celeba_ood | [decoders] epoch  24/25  train=0.0330  per_block(train)=[0.0007 0.0035 0.0058 0.0080 0.0151]  (138.2s)
2026-07-22 12:06:35,916 | INFO | celeba_ood | [decoders] epoch  25/25  train=0.0330  per_block(train)=[0.0007 0.0035 0.0058 0.0080 0.0151]  (138.1s)
2026-07-22 12:06:35,917 | INFO | celeba_ood | Decoder training done in 3452.5s
2026-07-22 12:06:35,951 | INFO | celeba_ood | ======================================================================
2026-07-22 12:06:35,951 | INFO | celeba_ood | EVALUATION — per-attribute accuracy + OOD AUROC
2026-07-22 12:06:35,951 | INFO | celeba_ood | ======================================================================
2026-07-22 12:06:35,951 | INFO | celeba_ood | Collecting predictions on test_in...
2026-07-22 12:06:42,195 | INFO | celeba_ood |   test_in size = 18941, OOD score (attr entropy) mean = 0.1802
2026-07-22 12:06:42,195 | INFO | celeba_ood | Collecting predictions on test_ood (Eyeglasses)...
2026-07-22 12:06:46,146 | INFO | celeba_ood |   test_ood size = 13193, OOD score (attr entropy) mean = 0.2198
2026-07-22 12:06:46,172 | INFO | celeba_ood | Per-attribute accuracy (in-distribution test set):
2026-07-22 12:06:46,172 | INFO | celeba_ood |   Male/Female : 93.57%
2026-07-22 12:06:46,172 | INFO | celeba_ood |   Arched_Eyebrows       : 73.24%
2026-07-22 12:06:46,172 | INFO | celeba_ood |   Bushy_Eyebrows        : 91.08%
2026-07-22 12:06:46,172 | INFO | celeba_ood |   Narrow_Eyes           : 89.75%
2026-07-22 12:06:46,172 | INFO | celeba_ood |   Bags_Under_Eyes       : 81.65%
2026-07-22 12:06:46,172 | INFO | celeba_ood |   Smiling               : 92.15%
2026-07-22 12:06:46,172 | INFO | celeba_ood |   Young                 : 86.93%
2026-07-22 12:06:46,172 | INFO | celeba_ood | OOD AUROC (in-dist vs Eyeglasses):
2026-07-22 12:06:46,172 | INFO | celeba_ood |   score_entropy_gender     AUROC = 0.4649  (in_mean=0.053, ood_mean=0.045)
2026-07-22 12:06:46,172 | INFO | celeba_ood |   score_entropy_attrs      AUROC = 0.6269  (in_mean=0.180, ood_mean=0.220)
2026-07-22 12:07:54,531 | INFO | celeba_ood | Wrote per-block plots: per_block_breakdown.png, recons_only.png, activations.png, fusion_overlay.png
2026-07-22 12:07:54,532 | INFO | celeba_ood | Summary written to outputs/celeba_ood/cp128_20260721_230657_6787580/model_9/summary.json
2026-07-22 12:07:54,535 | INFO | celeba_ood | model 10/10 done in 5071.6s
2026-07-22 12:07:54,545 | INFO | celeba_ood | All 10 models ready in 46799.2s
2026-07-22 12:07:54,545 | INFO | celeba_ood | ======================================================================
2026-07-22 12:07:54,545 | INFO | celeba_ood | ENSEMBLE DECOMPOSITION — Risk = Bias + Variance
2026-07-22 12:07:54,545 | INFO | celeba_ood | ======================================================================
2026-07-22 12:10:11,352 | INFO | celeba_ood | Aggregated OOD AUROC (p95):  Risk=0.6304  Bias=0.6228  Variance=0.6425
2026-07-22 12:10:11,355 | INFO | celeba_ood |   -> anomaly score = Bias = |Risk − Variance| (no sigma, no division):  AUROC=0.6228
2026-07-22 12:10:11,355 | INFO | celeba_ood |   block 0:  risk=0.5743  bias=0.5537  variance=0.5812
2026-07-22 12:10:11,355 | INFO | celeba_ood |   block 1:  risk=0.5937  bias=0.5754  variance=0.6044
2026-07-22 12:10:11,355 | INFO | celeba_ood |   block 2:  risk=0.6268  bias=0.6070  variance=0.6512
2026-07-22 12:10:11,355 | INFO | celeba_ood |   block 3:  risk=0.6460  bias=0.6338  variance=0.6682
2026-07-22 12:10:11,355 | INFO | celeba_ood |   block 4:  risk=0.6230  bias=0.6203  variance=0.6212
2026-07-22 12:10:11,355 | INFO | celeba_ood | Per-member recon-error AUROC (architecture effect):
2026-07-22 12:10:11,355 | INFO | celeba_ood |   model 0: channels=[32, 64, 128, 256, 256] k=3 params=981,802  AUROC=0.6280
2026-07-22 12:10:11,355 | INFO | celeba_ood |   model 1: channels=[24, 48, 96, 192, 384] k=3 params=887,266  AUROC=0.6340
2026-07-22 12:10:11,355 | INFO | celeba_ood |   model 2: channels=[48, 96, 192, 256, 256] k=3 params=1,245,114  AUROC=0.6335
2026-07-22 12:10:11,355 | INFO | celeba_ood |   model 3: channels=[16, 48, 96, 192, 320] k=5 params=2,136,954  AUROC=0.6311
2026-07-22 12:10:11,355 | INFO | celeba_ood |   model 4: channels=[40, 80, 160, 320, 320] k=3 params=1,532,530  AUROC=0.6263
2026-07-22 12:10:11,355 | INFO | celeba_ood |   model 5: channels=[32, 64, 128, 256, 256] k=5 params=2,720,042  AUROC=0.6298
2026-07-22 12:10:11,355 | INFO | celeba_ood |   model 6: channels=[64, 96, 160, 224, 288] k=3 params=1,102,986  AUROC=0.6384
2026-07-22 12:10:11,355 | INFO | celeba_ood |   model 7: channels=[24, 64, 128, 192, 256] k=5 params=2,092,098  AUROC=0.6307
2026-07-22 12:10:11,355 | INFO | celeba_ood |   model 8: channels=[48, 64, 96, 192, 384] k=3 params=919,098  AUROC=0.6385
2026-07-22 12:10:11,355 | INFO | celeba_ood |   model 9: channels=[32, 48, 112, 224, 336] k=5 params=2,688,874  AUROC=0.6287
2026-07-22 12:10:11,356 | INFO | celeba_ood | ======================================================================
2026-07-22 12:10:11,356 | INFO | celeba_ood | PREDICTIVE UNCERTAINTY — Total = Aleatoric + Epistemic (MI)
2026-07-22 12:10:11,356 | INFO | celeba_ood | ======================================================================
2026-07-22 12:11:52,288 | INFO | celeba_ood |   gender   : total=0.4985  aleatoric=0.5521  epistemic=0.4680
2026-07-22 12:11:52,288 | INFO | celeba_ood |   attrs    : total=0.6751  aleatoric=0.6267  epistemic=0.6895
2026-07-22 12:11:52,289 | INFO | celeba_ood |   combined : total=0.5675  aleatoric=0.6606  epistemic=0.5385
2026-07-22 12:11:52,289 | INFO | celeba_ood |   -> OOD score = epistemic (combined predictive MI):  AUROC=0.5385
2026-07-22 12:11:52,691 | INFO | celeba_ood | Risk = Bias + Variance identity — max abs residual on 25 samples (10 ID + 15 OOD): 2.09e-07
2026-07-22 12:12:29,574 | INFO | celeba_ood | Member architecture diagram → outputs/celeba_ood/cp128_20260721_230657_6787580/ensemble/architectures.svg
2026-07-22 12:13:58,011 | INFO | celeba_ood | Wrote ensemble plots: ensemble_decomposition.png, decomposition_auroc.png, ensemble_score_hists.png, architecture_effect.png, mean_recon_breakdown.png, mean_recons_only.png, mean_abs_bias.png, variance_heatmaps_ood.png, variance_heatmaps_all.png, mean_error_maps.png, min_error_maps.png, score_comparison.png, bias_variance_vs_block.png, bias_variance_vs_percentile.png
2026-07-22 12:16:32,316 | INFO | celeba_ood | Wrote per-instance figures: 20 ID → instances_in/, 20 OOD → instances_ood/  (one folder per instance: 10 member figures + summary.png; block L4, sigma=1.5, overlay_power=0.8)
2026-07-22 12:17:13,292 | INFO | celeba_ood | Top 10 OOD eyeglasses faces (eye-region bias, block L4) → top_ood_glasses.png; ranking in top_ood_glasses.json
2026-07-22 12:17:13,294 | INFO | celeba_ood | Ensemble summary written to outputs/celeba_ood/cp128_20260721_230657_6787580/ensemble/summary.json
2026-07-22 12:17:13,294 | INFO | celeba_ood | All done.
