2026-08-19 19:22:22,713 | INFO | celeba_ood | ======================================================================
2026-08-19 19:22:22,714 | INFO | celeba_ood | Ensemble experiment : celeba_ood_abl_cutpaste
2026-08-19 19:22:22,714 | INFO | celeba_ood | Config              : configs/ablation_cutpaste.yaml
2026-08-19 19:22:22,714 | INFO | celeba_ood | Output dir          : outputs/celeba_ood/ablation/cutpaste_20260819_192140_6866856
2026-08-19 19:22:22,714 | INFO | celeba_ood | Device              : cuda
2026-08-19 19:22:22,714 | INFO | celeba_ood | Ensemble size       : 10   seeds = [42, 43, 44, 45, 46, 47, 48, 49, 50, 51]
2026-08-19 19:22:22,714 | INFO | celeba_ood | Decomposition agg   : p95
2026-08-19 19:22:22,760 | INFO | celeba_ood | GPU                 : NVIDIA A40  (torch 2.5.1+cu121, cuda 12.1)
2026-08-19 19:22:22,760 | INFO | celeba_ood | ======================================================================
2026-08-19 19:22:36,362 | INFO | celeba_ood | OOD attributes: Eyeglasses  →  in-dist=189406  ood=13193 images
2026-08-19 19:22:36,749 | INFO | celeba_ood | Train pos rates: Male=39.0%  Arched_Eyebrows=28.4%  Bushy_Eyebrows=14.9%  Narrow_Eyes=11.9%  Bags_Under_Eyes=20.9%  Smiling=48.7%  Young=79.9%
2026-08-19 19:22:36,749 | INFO | celeba_ood | val_ratio=0 → no validation split: 170465 in-dist images train, 18941 held out for test_in (no early stopping, full schedule).
2026-08-19 19:22:36,772 | INFO | celeba_ood | Dataloaders  train=170465  val=0  test_in=18941  test_ood=13193
2026-08-19 19:22:36,773 | INFO | celeba_ood | ######################################################################
2026-08-19 19:22:36,773 | INFO | celeba_ood | # MODEL 1/10   (seed=42, channels=[32, 64, 128, 256, 256], kernel=3)
2026-08-19 19:22:36,773 | INFO | celeba_ood | ######################################################################
2026-08-19 19:22:38,024 | INFO | celeba_ood | Model        : FacialCNN  (981,802 params)
2026-08-19 19:22:38,024 | INFO | celeba_ood | ======================================================================
2026-08-19 19:22:38,024 | INFO | celeba_ood | TRAINING — combined CE(gender) + BCE(attrs) loss
2026-08-19 19:22:38,024 | INFO | celeba_ood | ======================================================================
2026-08-19 19:22:38,025 | INFO | celeba_ood | CutPaste pretext on: {'prob': 0.5, 'area_range': (0.05, 0.15), 'aspect_range': (0.3, 3.3), 'scar_prob': 0.0, 'three_way': False}  loss_weight=0.5
2026-08-19 19:22:38,025 | INFO | celeba_ood | No validation set — running the full 20-epoch schedule with no early stopping; final-epoch weights are kept.
2026-08-19 19:30:31,989 | INFO | celeba_ood | epoch   1/20  train_loss=0.9964  train_gender_acc=92.7%  train_attr_acc=[76.3 87.5 88.2 80.7 82.8 83.0]%  train_cutpaste_acc=96.2%  (474.0s)
2026-08-19 19:31:27,597 | INFO | celeba_ood | epoch   2/20  train_loss=0.7189  train_gender_acc=96.5%  train_attr_acc=[80.0 90.6 89.0 82.9 90.7 86.0]%  train_cutpaste_acc=99.2%  (55.6s)
2026-08-19 19:32:22,965 | INFO | celeba_ood | epoch   3/20  train_loss=0.6575  train_gender_acc=97.3%  train_attr_acc=[81.5 91.2 89.6 83.5 91.6 87.0]%  train_cutpaste_acc=99.5%  (55.4s)
2026-08-19 19:33:18,941 | INFO | celeba_ood | epoch   4/20  train_loss=0.6235  train_gender_acc=97.6%  train_attr_acc=[82.5 91.4 89.7 84.3 92.0 87.9]%  train_cutpaste_acc=99.6%  (56.0s)
2026-08-19 19:34:15,209 | INFO | celeba_ood | epoch   5/20  train_loss=0.6010  train_gender_acc=97.9%  train_attr_acc=[83.3 91.7 89.8 84.2 92.4 88.2]%  train_cutpaste_acc=99.7%  (56.3s)
2026-08-19 19:35:10,666 | INFO | celeba_ood | epoch   6/20  train_loss=0.5809  train_gender_acc=98.2%  train_attr_acc=[83.6 91.7 90.3 84.6 92.7 88.7]%  train_cutpaste_acc=99.8%  (55.5s)
2026-08-19 19:36:06,746 | INFO | celeba_ood | epoch   7/20  train_loss=0.5700  train_gender_acc=98.3%  train_attr_acc=[83.9 91.9 90.2 84.7 92.8 88.9]%  train_cutpaste_acc=99.8%  (56.1s)
2026-08-19 19:37:02,651 | INFO | celeba_ood | epoch   8/20  train_loss=0.5598  train_gender_acc=98.4%  train_attr_acc=[83.9 91.9 90.3 84.9 92.9 89.2]%  train_cutpaste_acc=99.8%  (55.9s)
2026-08-19 19:37:58,206 | INFO | celeba_ood | epoch   9/20  train_loss=0.5499  train_gender_acc=98.5%  train_attr_acc=[84.4 92.1 90.2 84.9 93.2 89.4]%  train_cutpaste_acc=99.8%  (55.6s)
2026-08-19 19:38:53,629 | INFO | celeba_ood | epoch  10/20  train_loss=0.5359  train_gender_acc=98.7%  train_attr_acc=[84.8 92.2 90.3 85.2 93.4 89.6]%  train_cutpaste_acc=99.8%  (55.4s)
2026-08-19 19:39:49,263 | INFO | celeba_ood | epoch  11/20  train_loss=0.5254  train_gender_acc=98.8%  train_attr_acc=[84.8 92.3 90.6 85.4 93.4 89.8]%  train_cutpaste_acc=99.9%  (55.6s)
2026-08-19 19:40:45,067 | INFO | celeba_ood | epoch  12/20  train_loss=0.5205  train_gender_acc=98.9%  train_attr_acc=[84.9 92.4 90.3 85.7 93.7 90.0]%  train_cutpaste_acc=99.9%  (55.8s)
2026-08-19 19:41:41,596 | INFO | celeba_ood | epoch  13/20  train_loss=0.5094  train_gender_acc=99.0%  train_attr_acc=[85.1 92.6 90.7 85.6 93.7 90.1]%  train_cutpaste_acc=99.9%  (56.5s)
2026-08-19 19:42:37,401 | INFO | celeba_ood | epoch  14/20  train_loss=0.4976  train_gender_acc=99.1%  train_attr_acc=[85.5 92.7 90.8 85.9 93.8 90.5]%  train_cutpaste_acc=99.9%  (55.8s)
2026-08-19 19:43:33,629 | INFO | celeba_ood | epoch  15/20  train_loss=0.4913  train_gender_acc=99.2%  train_attr_acc=[85.8 92.7 90.8 86.0 94.0 90.6]%  train_cutpaste_acc=99.9%  (56.2s)
2026-08-19 19:44:30,030 | INFO | celeba_ood | epoch  16/20  train_loss=0.4797  train_gender_acc=99.3%  train_attr_acc=[85.8 92.8 90.9 86.5 94.1 90.9]%  train_cutpaste_acc=99.9%  (56.4s)
2026-08-19 19:45:25,370 | INFO | celeba_ood | epoch  17/20  train_loss=0.4726  train_gender_acc=99.3%  train_attr_acc=[86.0 93.0 90.9 86.4 94.3 91.1]%  train_cutpaste_acc=99.9%  (55.3s)
2026-08-19 19:46:21,346 | INFO | celeba_ood | epoch  18/20  train_loss=0.4624  train_gender_acc=99.4%  train_attr_acc=[86.4 93.1 90.9 86.6 94.6 91.3]%  train_cutpaste_acc=99.9%  (56.0s)
2026-08-19 19:47:17,237 | INFO | celeba_ood | epoch  19/20  train_loss=0.4554  train_gender_acc=99.5%  train_attr_acc=[86.5 93.1 91.1 86.7 94.5 91.5]%  train_cutpaste_acc=99.9%  (55.9s)
2026-08-19 19:48:13,473 | INFO | celeba_ood | epoch  20/20  train_loss=0.4465  train_gender_acc=99.5%  train_attr_acc=[86.7 93.3 91.4 87.1 94.7 91.7]%  train_cutpaste_acc=99.9%  (56.2s)
2026-08-19 19:48:13,474 | INFO | celeba_ood | Training done in 1535.4s
2026-08-19 19:48:13,683 | INFO | celeba_ood | ======================================================================
2026-08-19 19:48:13,683 | INFO | celeba_ood | PHASE 2 — training per-block reconstruction decoders
2026-08-19 19:48:13,683 | INFO | celeba_ood | ======================================================================
2026-08-19 19:48:13,684 | INFO | celeba_ood |   decoder L0: in=(C=32, H=64) → out=(3, 128, 128)  params=8,275
2026-08-19 19:48:13,684 | INFO | celeba_ood |   decoder L1: in=(C=64, H=32) → out=(3, 128, 128)  params=41,107
2026-08-19 19:48:13,684 | INFO | celeba_ood |   decoder L2: in=(C=128, H=16) → out=(3, 128, 128)  params=172,307
2026-08-19 19:48:13,684 | INFO | celeba_ood |   decoder L3: in=(C=256, H=8) → out=(3, 128, 128)  params=696,851
2026-08-19 19:48:13,684 | INFO | celeba_ood |   decoder L4: in=(C=256, H=8) → out=(3, 128, 128)  params=696,851
2026-08-19 19:50:05,429 | INFO | celeba_ood | [decoders] epoch   1/25  train=0.0484  per_block(train)=[0.0034 0.0054 0.0077 0.0117 0.0202]  (111.7s)
2026-08-19 19:51:55,808 | INFO | celeba_ood | [decoders] epoch   2/25  train=0.0278  per_block(train)=[0.0007 0.0019 0.0040 0.0067 0.0146]  (110.4s)
2026-08-19 19:53:46,145 | INFO | celeba_ood | [decoders] epoch   3/25  train=0.0261  per_block(train)=[0.0006 0.0018 0.0038 0.0063 0.0136]  (110.3s)
2026-08-19 19:55:36,420 | INFO | celeba_ood | [decoders] epoch   4/25  train=0.0251  per_block(train)=[0.0006 0.0017 0.0037 0.0061 0.0131]  (110.3s)
2026-08-19 19:57:26,640 | INFO | celeba_ood | [decoders] epoch   5/25  train=0.0246  per_block(train)=[0.0006 0.0017 0.0036 0.0060 0.0127]  (110.2s)
2026-08-19 19:59:16,927 | INFO | celeba_ood | [decoders] epoch   6/25  train=0.0240  per_block(train)=[0.0005 0.0016 0.0035 0.0058 0.0125]  (110.3s)
2026-08-19 20:01:07,159 | INFO | celeba_ood | [decoders] epoch   7/25  train=0.0238  per_block(train)=[0.0005 0.0016 0.0035 0.0058 0.0123]  (110.2s)
2026-08-19 20:02:57,416 | INFO | celeba_ood | [decoders] epoch   8/25  train=0.0235  per_block(train)=[0.0005 0.0016 0.0035 0.0057 0.0122]  (110.3s)
2026-08-19 20:04:47,657 | INFO | celeba_ood | [decoders] epoch   9/25  train=0.0233  per_block(train)=[0.0005 0.0016 0.0034 0.0057 0.0120]  (110.2s)
2026-08-19 20:06:37,866 | INFO | celeba_ood | [decoders] epoch  10/25  train=0.0231  per_block(train)=[0.0005 0.0016 0.0034 0.0056 0.0119]  (110.2s)
2026-08-19 20:08:28,128 | INFO | celeba_ood | [decoders] epoch  11/25  train=0.0229  per_block(train)=[0.0005 0.0016 0.0034 0.0056 0.0119]  (110.3s)
2026-08-19 20:10:18,360 | INFO | celeba_ood | [decoders] epoch  12/25  train=0.0227  per_block(train)=[0.0005 0.0016 0.0034 0.0055 0.0118]  (110.2s)
2026-08-19 20:12:08,720 | INFO | celeba_ood | [decoders] epoch  13/25  train=0.0226  per_block(train)=[0.0005 0.0016 0.0034 0.0055 0.0117]  (110.4s)
2026-08-19 20:13:59,032 | INFO | celeba_ood | [decoders] epoch  14/25  train=0.0225  per_block(train)=[0.0005 0.0016 0.0034 0.0055 0.0117]  (110.3s)
2026-08-19 20:15:49,255 | INFO | celeba_ood | [decoders] epoch  15/25  train=0.0224  per_block(train)=[0.0005 0.0015 0.0033 0.0055 0.0116]  (110.2s)
2026-08-19 20:17:39,544 | INFO | celeba_ood | [decoders] epoch  16/25  train=0.0223  per_block(train)=[0.0005 0.0015 0.0033 0.0054 0.0115]  (110.3s)
2026-08-19 20:19:29,822 | INFO | celeba_ood | [decoders] epoch  17/25  train=0.0222  per_block(train)=[0.0004 0.0015 0.0033 0.0054 0.0115]  (110.3s)
2026-08-19 20:21:20,071 | INFO | celeba_ood | [decoders] epoch  18/25  train=0.0222  per_block(train)=[0.0004 0.0015 0.0033 0.0054 0.0115]  (110.2s)
2026-08-19 20:23:10,327 | INFO | celeba_ood | [decoders] epoch  19/25  train=0.0221  per_block(train)=[0.0004 0.0015 0.0033 0.0054 0.0114]  (110.3s)
2026-08-19 20:25:00,548 | INFO | celeba_ood | [decoders] epoch  20/25  train=0.0220  per_block(train)=[0.0004 0.0015 0.0033 0.0054 0.0114]  (110.2s)
2026-08-19 20:26:50,767 | INFO | celeba_ood | [decoders] epoch  21/25  train=0.0220  per_block(train)=[0.0004 0.0015 0.0033 0.0054 0.0113]  (110.2s)
2026-08-19 20:28:40,972 | INFO | celeba_ood | [decoders] epoch  22/25  train=0.0219  per_block(train)=[0.0004 0.0015 0.0033 0.0053 0.0113]  (110.2s)
2026-08-19 20:30:31,265 | INFO | celeba_ood | [decoders] epoch  23/25  train=0.0219  per_block(train)=[0.0004 0.0015 0.0033 0.0053 0.0113]  (110.3s)
2026-08-19 20:32:21,536 | INFO | celeba_ood | [decoders] epoch  24/25  train=0.0219  per_block(train)=[0.0004 0.0015 0.0033 0.0053 0.0113]  (110.3s)
2026-08-19 20:34:11,791 | INFO | celeba_ood | [decoders] epoch  25/25  train=0.0218  per_block(train)=[0.0004 0.0015 0.0033 0.0053 0.0112]  (110.3s)
2026-08-19 20:34:11,792 | INFO | celeba_ood | Decoder training done in 2758.1s
2026-08-19 20:34:11,822 | INFO | celeba_ood | ======================================================================
2026-08-19 20:34:11,822 | INFO | celeba_ood | EVALUATION — per-attribute accuracy + OOD AUROC
2026-08-19 20:34:11,822 | INFO | celeba_ood | ======================================================================
2026-08-19 20:34:11,822 | INFO | celeba_ood | Collecting predictions on test_in...
2026-08-19 20:34:50,059 | INFO | celeba_ood |   test_in size = 18941, OOD score (attr entropy) mean = 0.2452
2026-08-19 20:34:50,059 | INFO | celeba_ood | Collecting predictions on test_ood (Eyeglasses)...
2026-08-19 20:35:01,721 | INFO | celeba_ood |   test_ood size = 13193, OOD score (attr entropy) mean = 0.2949
2026-08-19 20:35:01,872 | INFO | celeba_ood | Per-attribute accuracy (in-distribution test set):
2026-08-19 20:35:01,873 | INFO | celeba_ood |   Male/Female : 63.03%
2026-08-19 20:35:01,873 | INFO | celeba_ood |   Arched_Eyebrows       : 75.05%
2026-08-19 20:35:01,873 | INFO | celeba_ood |   Bushy_Eyebrows        : 82.29%
2026-08-19 20:35:01,873 | INFO | celeba_ood |   Narrow_Eyes           : 89.78%
2026-08-19 20:35:01,873 | INFO | celeba_ood |   Bags_Under_Eyes       : 71.26%
2026-08-19 20:35:01,873 | INFO | celeba_ood |   Smiling               : 70.98%
2026-08-19 20:35:01,873 | INFO | celeba_ood |   Young                 : 87.63%
2026-08-19 20:35:01,873 | INFO | celeba_ood | OOD AUROC (in-dist vs Eyeglasses):
2026-08-19 20:35:01,873 | INFO | celeba_ood |   score_entropy_gender     AUROC = 0.2958  (in_mean=0.122, ood_mean=0.004)
2026-08-19 20:35:01,873 | INFO | celeba_ood |   score_entropy_attrs      AUROC = 0.6701  (in_mean=0.245, ood_mean=0.295)
2026-08-19 20:36:07,548 | INFO | celeba_ood | Wrote per-block plots: per_block_breakdown.png, recons_only.png, activations.png, fusion_overlay.png
2026-08-19 20:36:07,549 | INFO | celeba_ood | Summary written to outputs/celeba_ood/ablation/cutpaste_20260819_192140_6866856/model_0/summary.json
2026-08-19 20:36:07,552 | INFO | celeba_ood | model 1/10 done in 4410.8s
2026-08-19 20:36:07,562 | INFO | celeba_ood | ######################################################################
2026-08-19 20:36:07,562 | INFO | celeba_ood | # MODEL 2/10   (seed=43, channels=[32, 64, 128, 256, 256], kernel=3)
2026-08-19 20:36:07,562 | INFO | celeba_ood | ######################################################################
2026-08-19 20:36:07,591 | INFO | celeba_ood | Model        : FacialCNN  (981,802 params)
2026-08-19 20:36:07,591 | INFO | celeba_ood | ======================================================================
2026-08-19 20:36:07,591 | INFO | celeba_ood | TRAINING — combined CE(gender) + BCE(attrs) loss
2026-08-19 20:36:07,591 | INFO | celeba_ood | ======================================================================
2026-08-19 20:36:07,592 | INFO | celeba_ood | CutPaste pretext on: {'prob': 0.5, 'area_range': (0.05, 0.15), 'aspect_range': (0.3, 3.3), 'scar_prob': 0.0, 'three_way': False}  loss_weight=0.5
2026-08-19 20:36:07,592 | INFO | celeba_ood | No validation set — running the full 20-epoch schedule with no early stopping; final-epoch weights are kept.
2026-08-19 20:37:02,339 | INFO | celeba_ood | epoch   1/20  train_loss=0.9955  train_gender_acc=92.7%  train_attr_acc=[76.9 87.6 87.5 80.8 82.7 82.9]%  train_cutpaste_acc=96.5%  (54.7s)
2026-08-19 20:37:56,926 | INFO | celeba_ood | epoch   2/20  train_loss=0.7179  train_gender_acc=96.5%  train_attr_acc=[80.0 90.5 89.0 82.9 90.9 86.1]%  train_cutpaste_acc=99.2%  (54.6s)
2026-08-19 20:38:51,808 | INFO | celeba_ood | epoch   3/20  train_loss=0.6568  train_gender_acc=97.2%  train_attr_acc=[81.8 91.1 89.7 83.6 91.7 87.0]%  train_cutpaste_acc=99.5%  (54.9s)
2026-08-19 20:39:46,183 | INFO | celeba_ood | epoch   4/20  train_loss=0.6242  train_gender_acc=97.6%  train_attr_acc=[82.6 91.3 89.7 84.0 92.2 87.7]%  train_cutpaste_acc=99.6%  (54.4s)
2026-08-19 20:40:40,809 | INFO | celeba_ood | epoch   5/20  train_loss=0.6021  train_gender_acc=97.9%  train_attr_acc=[83.2 91.6 89.7 84.1 92.5 88.3]%  train_cutpaste_acc=99.7%  (54.6s)
2026-08-19 20:41:35,530 | INFO | celeba_ood | epoch   6/20  train_loss=0.5840  train_gender_acc=98.1%  train_attr_acc=[83.4 91.8 90.2 84.7 92.8 88.5]%  train_cutpaste_acc=99.7%  (54.7s)
2026-08-19 20:42:30,100 | INFO | celeba_ood | epoch   7/20  train_loss=0.5692  train_gender_acc=98.3%  train_attr_acc=[84.0 91.9 90.0 84.6 92.9 88.8]%  train_cutpaste_acc=99.8%  (54.6s)
2026-08-19 20:43:24,602 | INFO | celeba_ood | epoch   8/20  train_loss=0.5579  train_gender_acc=98.4%  train_attr_acc=[84.2 92.0 90.3 84.8 93.0 89.2]%  train_cutpaste_acc=99.8%  (54.5s)
2026-08-19 20:44:19,151 | INFO | celeba_ood | epoch   9/20  train_loss=0.5444  train_gender_acc=98.6%  train_attr_acc=[84.3 92.1 90.4 85.2 93.2 89.5]%  train_cutpaste_acc=99.8%  (54.5s)
2026-08-19 20:45:13,866 | INFO | celeba_ood | epoch  10/20  train_loss=0.5362  train_gender_acc=98.7%  train_attr_acc=[84.6 92.3 90.4 85.1 93.3 89.6]%  train_cutpaste_acc=99.8%  (54.7s)
2026-08-19 20:46:08,372 | INFO | celeba_ood | epoch  11/20  train_loss=0.5265  train_gender_acc=98.8%  train_attr_acc=[84.8 92.3 90.5 85.3 93.4 89.8]%  train_cutpaste_acc=99.8%  (54.5s)
2026-08-19 20:47:03,233 | INFO | celeba_ood | epoch  12/20  train_loss=0.5191  train_gender_acc=98.9%  train_attr_acc=[85.1 92.4 90.7 85.6 93.6 89.9]%  train_cutpaste_acc=99.9%  (54.9s)
2026-08-19 20:47:57,534 | INFO | celeba_ood | epoch  13/20  train_loss=0.5086  train_gender_acc=99.0%  train_attr_acc=[85.3 92.5 90.6 85.6 93.7 90.4]%  train_cutpaste_acc=99.9%  (54.3s)
2026-08-19 20:48:52,317 | INFO | celeba_ood | epoch  14/20  train_loss=0.5004  train_gender_acc=99.1%  train_attr_acc=[85.4 92.6 90.6 85.7 93.9 90.4]%  train_cutpaste_acc=99.9%  (54.8s)
2026-08-19 20:49:46,983 | INFO | celeba_ood | epoch  15/20  train_loss=0.4898  train_gender_acc=99.2%  train_attr_acc=[85.7 92.7 90.8 86.0 94.0 90.7]%  train_cutpaste_acc=99.9%  (54.7s)
2026-08-19 20:50:41,564 | INFO | celeba_ood | epoch  16/20  train_loss=0.4823  train_gender_acc=99.2%  train_attr_acc=[85.9 92.8 90.9 86.3 94.0 90.9]%  train_cutpaste_acc=99.9%  (54.6s)
2026-08-19 20:51:36,318 | INFO | celeba_ood | epoch  17/20  train_loss=0.4715  train_gender_acc=99.4%  train_attr_acc=[86.0 93.0 91.0 86.3 94.4 91.1]%  train_cutpaste_acc=99.9%  (54.8s)
2026-08-19 20:52:31,199 | INFO | celeba_ood | epoch  18/20  train_loss=0.4637  train_gender_acc=99.5%  train_attr_acc=[86.3 93.0 91.1 86.5 94.5 91.3]%  train_cutpaste_acc=99.9%  (54.9s)
2026-08-19 20:53:25,615 | INFO | celeba_ood | epoch  19/20  train_loss=0.4550  train_gender_acc=99.4%  train_attr_acc=[86.6 93.3 91.2 86.7 94.7 91.4]%  train_cutpaste_acc=99.9%  (54.4s)
2026-08-19 20:54:19,844 | INFO | celeba_ood | epoch  20/20  train_loss=0.4491  train_gender_acc=99.4%  train_attr_acc=[86.7 93.4 91.3 86.9 94.7 91.5]%  train_cutpaste_acc=99.9%  (54.2s)
2026-08-19 20:54:19,845 | INFO | celeba_ood | Training done in 1092.3s
2026-08-19 20:54:20,043 | INFO | celeba_ood | ======================================================================
2026-08-19 20:54:20,044 | INFO | celeba_ood | PHASE 2 — training per-block reconstruction decoders
2026-08-19 20:54:20,044 | INFO | celeba_ood | ======================================================================
2026-08-19 20:54:20,044 | INFO | celeba_ood |   decoder L0: in=(C=32, H=64) → out=(3, 128, 128)  params=8,275
2026-08-19 20:54:20,044 | INFO | celeba_ood |   decoder L1: in=(C=64, H=32) → out=(3, 128, 128)  params=41,107
2026-08-19 20:54:20,044 | INFO | celeba_ood |   decoder L2: in=(C=128, H=16) → out=(3, 128, 128)  params=172,307
2026-08-19 20:54:20,044 | INFO | celeba_ood |   decoder L3: in=(C=256, H=8) → out=(3, 128, 128)  params=696,851
2026-08-19 20:54:20,044 | INFO | celeba_ood |   decoder L4: in=(C=256, H=8) → out=(3, 128, 128)  params=696,851
2026-08-19 20:56:10,581 | INFO | celeba_ood | [decoders] epoch   1/25  train=0.0502  per_block(train)=[0.0038 0.0045 0.0068 0.0112 0.0240]  (110.5s)
2026-08-19 20:58:00,969 | INFO | celeba_ood | [decoders] epoch   2/25  train=0.0292  per_block(train)=[0.0007 0.0016 0.0039 0.0068 0.0162]  (110.4s)
2026-08-19 20:59:51,256 | INFO | celeba_ood | [decoders] epoch   3/25  train=0.0272  per_block(train)=[0.0006 0.0015 0.0036 0.0063 0.0150]  (110.3s)
2026-08-19 21:01:41,561 | INFO | celeba_ood | [decoders] epoch   4/25  train=0.0262  per_block(train)=[0.0006 0.0015 0.0035 0.0061 0.0144]  (110.3s)
2026-08-19 21:03:31,883 | INFO | celeba_ood | [decoders] epoch   5/25  train=0.0255  per_block(train)=[0.0006 0.0014 0.0035 0.0060 0.0140]  (110.3s)
2026-08-19 21:05:22,117 | INFO | celeba_ood | [decoders] epoch   6/25  train=0.0251  per_block(train)=[0.0006 0.0014 0.0034 0.0059 0.0138]  (110.2s)
2026-08-19 21:07:12,373 | INFO | celeba_ood | [decoders] epoch   7/25  train=0.0246  per_block(train)=[0.0005 0.0014 0.0034 0.0058 0.0135]  (110.3s)
2026-08-19 21:09:02,623 | INFO | celeba_ood | [decoders] epoch   8/25  train=0.0244  per_block(train)=[0.0005 0.0014 0.0034 0.0057 0.0133]  (110.2s)
2026-08-19 21:10:52,977 | INFO | celeba_ood | [decoders] epoch   9/25  train=0.0241  per_block(train)=[0.0005 0.0014 0.0033 0.0057 0.0132]  (110.4s)
2026-08-19 21:12:43,228 | INFO | celeba_ood | [decoders] epoch  10/25  train=0.0239  per_block(train)=[0.0005 0.0014 0.0033 0.0056 0.0131]  (110.2s)
2026-08-19 21:14:33,480 | INFO | celeba_ood | [decoders] epoch  11/25  train=0.0237  per_block(train)=[0.0005 0.0013 0.0033 0.0056 0.0130]  (110.3s)
2026-08-19 21:16:23,707 | INFO | celeba_ood | [decoders] epoch  12/25  train=0.0236  per_block(train)=[0.0005 0.0013 0.0033 0.0056 0.0129]  (110.2s)
2026-08-19 21:18:13,951 | INFO | celeba_ood | [decoders] epoch  13/25  train=0.0235  per_block(train)=[0.0005 0.0013 0.0033 0.0055 0.0128]  (110.2s)
2026-08-19 21:20:04,215 | INFO | celeba_ood | [decoders] epoch  14/25  train=0.0233  per_block(train)=[0.0005 0.0013 0.0033 0.0055 0.0127]  (110.3s)
2026-08-19 21:21:54,480 | INFO | celeba_ood | [decoders] epoch  15/25  train=0.0233  per_block(train)=[0.0005 0.0013 0.0033 0.0055 0.0127]  (110.3s)
2026-08-19 21:23:44,738 | INFO | celeba_ood | [decoders] epoch  16/25  train=0.0231  per_block(train)=[0.0005 0.0013 0.0032 0.0055 0.0126]  (110.3s)
2026-08-19 21:25:34,984 | INFO | celeba_ood | [decoders] epoch  17/25  train=0.0231  per_block(train)=[0.0005 0.0013 0.0032 0.0054 0.0126]  (110.2s)
2026-08-19 21:27:25,284 | INFO | celeba_ood | [decoders] epoch  18/25  train=0.0230  per_block(train)=[0.0005 0.0013 0.0032 0.0054 0.0125]  (110.3s)
2026-08-19 21:29:15,578 | INFO | celeba_ood | [decoders] epoch  19/25  train=0.0229  per_block(train)=[0.0005 0.0013 0.0032 0.0054 0.0125]  (110.3s)
2026-08-19 21:31:05,858 | INFO | celeba_ood | [decoders] epoch  20/25  train=0.0228  per_block(train)=[0.0005 0.0013 0.0032 0.0054 0.0124]  (110.3s)
2026-08-19 21:32:56,156 | INFO | celeba_ood | [decoders] epoch  21/25  train=0.0228  per_block(train)=[0.0005 0.0013 0.0032 0.0054 0.0124]  (110.3s)
2026-08-19 21:34:46,402 | INFO | celeba_ood | [decoders] epoch  22/25  train=0.0227  per_block(train)=[0.0005 0.0013 0.0032 0.0054 0.0124]  (110.2s)
2026-08-19 21:36:36,684 | INFO | celeba_ood | [decoders] epoch  23/25  train=0.0226  per_block(train)=[0.0005 0.0013 0.0032 0.0054 0.0123]  (110.3s)
2026-08-19 21:38:26,944 | INFO | celeba_ood | [decoders] epoch  24/25  train=0.0226  per_block(train)=[0.0005 0.0013 0.0032 0.0053 0.0123]  (110.3s)
2026-08-19 21:40:17,209 | INFO | celeba_ood | [decoders] epoch  25/25  train=0.0225  per_block(train)=[0.0005 0.0013 0.0032 0.0053 0.0123]  (110.3s)
2026-08-19 21:40:17,210 | INFO | celeba_ood | Decoder training done in 2757.2s
2026-08-19 21:40:17,239 | INFO | celeba_ood | ======================================================================
2026-08-19 21:40:17,240 | INFO | celeba_ood | EVALUATION — per-attribute accuracy + OOD AUROC
2026-08-19 21:40:17,240 | INFO | celeba_ood | ======================================================================
2026-08-19 21:40:17,240 | INFO | celeba_ood | Collecting predictions on test_in...
2026-08-19 21:40:23,066 | INFO | celeba_ood |   test_in size = 18941, OOD score (attr entropy) mean = 0.2082
2026-08-19 21:40:23,066 | INFO | celeba_ood | Collecting predictions on test_ood (Eyeglasses)...
2026-08-19 21:40:26,988 | INFO | celeba_ood |   test_ood size = 13193, OOD score (attr entropy) mean = 0.2600
2026-08-19 21:40:27,013 | INFO | celeba_ood | Per-attribute accuracy (in-distribution test set):
2026-08-19 21:40:27,013 | INFO | celeba_ood |   Male/Female : 98.27%
2026-08-19 21:40:27,013 | INFO | celeba_ood |   Arched_Eyebrows       : 82.47%
2026-08-19 21:40:27,013 | INFO | celeba_ood |   Bushy_Eyebrows        : 89.57%
2026-08-19 21:40:27,013 | INFO | celeba_ood |   Narrow_Eyes           : 89.98%
2026-08-19 21:40:27,013 | INFO | celeba_ood |   Bags_Under_Eyes       : 83.39%
2026-08-19 21:40:27,013 | INFO | celeba_ood |   Smiling               : 92.15%
2026-08-19 21:40:27,013 | INFO | celeba_ood |   Young                 : 87.04%
2026-08-19 21:40:27,013 | INFO | celeba_ood | OOD AUROC (in-dist vs Eyeglasses):
2026-08-19 21:40:27,013 | INFO | celeba_ood |   score_entropy_gender     AUROC = 0.7659  (in_mean=0.025, ood_mean=0.083)
2026-08-19 21:40:27,013 | INFO | celeba_ood |   score_entropy_attrs      AUROC = 0.6624  (in_mean=0.208, ood_mean=0.260)
2026-08-19 21:41:33,015 | INFO | celeba_ood | Wrote per-block plots: per_block_breakdown.png, recons_only.png, activations.png, fusion_overlay.png
2026-08-19 21:41:33,017 | INFO | celeba_ood | Summary written to outputs/celeba_ood/ablation/cutpaste_20260819_192140_6866856/model_1/summary.json
2026-08-19 21:41:33,020 | INFO | celeba_ood | model 2/10 done in 3925.5s
2026-08-19 21:41:33,031 | INFO | celeba_ood | ######################################################################
2026-08-19 21:41:33,031 | INFO | celeba_ood | # MODEL 3/10   (seed=44, channels=[32, 64, 128, 256, 256], kernel=3)
2026-08-19 21:41:33,031 | INFO | celeba_ood | ######################################################################
2026-08-19 21:41:33,070 | INFO | celeba_ood | Model        : FacialCNN  (981,802 params)
2026-08-19 21:41:33,070 | INFO | celeba_ood | ======================================================================
2026-08-19 21:41:33,070 | INFO | celeba_ood | TRAINING — combined CE(gender) + BCE(attrs) loss
2026-08-19 21:41:33,070 | INFO | celeba_ood | ======================================================================
2026-08-19 21:41:33,070 | INFO | celeba_ood | CutPaste pretext on: {'prob': 0.5, 'area_range': (0.05, 0.15), 'aspect_range': (0.3, 3.3), 'scar_prob': 0.0, 'three_way': False}  loss_weight=0.5
2026-08-19 21:41:33,071 | INFO | celeba_ood | No validation set — running the full 20-epoch schedule with no early stopping; final-epoch weights are kept.
2026-08-19 21:42:27,827 | INFO | celeba_ood | epoch   1/20  train_loss=0.9988  train_gender_acc=92.5%  train_attr_acc=[76.8 88.0 88.1 80.3 83.1 82.5]%  train_cutpaste_acc=96.1%  (54.8s)
2026-08-19 21:43:22,459 | INFO | celeba_ood | epoch   2/20  train_loss=0.7099  train_gender_acc=96.6%  train_attr_acc=[80.3 90.6 89.2 82.6 91.1 86.2]%  train_cutpaste_acc=99.2%  (54.6s)
2026-08-19 21:44:17,241 | INFO | celeba_ood | epoch   3/20  train_loss=0.6480  train_gender_acc=97.3%  train_attr_acc=[82.0 91.2 89.8 83.5 91.9 87.3]%  train_cutpaste_acc=99.5%  (54.8s)
2026-08-19 21:45:11,926 | INFO | celeba_ood | epoch   4/20  train_loss=0.6151  train_gender_acc=97.7%  train_attr_acc=[82.9 91.5 89.8 84.0 92.3 87.9]%  train_cutpaste_acc=99.7%  (54.7s)
2026-08-19 21:46:06,701 | INFO | celeba_ood | epoch   5/20  train_loss=0.5931  train_gender_acc=98.0%  train_attr_acc=[83.4 91.6 90.1 84.4 92.4 88.4]%  train_cutpaste_acc=99.7%  (54.8s)
2026-08-19 21:47:01,237 | INFO | celeba_ood | epoch   6/20  train_loss=0.5761  train_gender_acc=98.2%  train_attr_acc=[83.8 91.9 90.2 84.6 92.7 88.8]%  train_cutpaste_acc=99.8%  (54.5s)
2026-08-19 21:47:55,804 | INFO | celeba_ood | epoch   7/20  train_loss=0.5641  train_gender_acc=98.4%  train_attr_acc=[83.9 91.9 90.1 84.9 92.9 89.1]%  train_cutpaste_acc=99.8%  (54.6s)
2026-08-19 21:48:50,337 | INFO | celeba_ood | epoch   8/20  train_loss=0.5520  train_gender_acc=98.6%  train_attr_acc=[84.3 92.0 90.2 85.0 93.1 89.4]%  train_cutpaste_acc=99.8%  (54.5s)
2026-08-19 21:49:45,438 | INFO | celeba_ood | epoch   9/20  train_loss=0.5442  train_gender_acc=98.7%  train_attr_acc=[84.4 91.9 90.3 85.0 93.2 89.5]%  train_cutpaste_acc=99.8%  (55.1s)
2026-08-19 21:50:40,298 | INFO | celeba_ood | epoch  10/20  train_loss=0.5314  train_gender_acc=98.7%  train_attr_acc=[84.7 92.1 90.5 85.4 93.3 89.9]%  train_cutpaste_acc=99.9%  (54.9s)
2026-08-19 21:51:34,928 | INFO | celeba_ood | epoch  11/20  train_loss=0.5203  train_gender_acc=98.9%  train_attr_acc=[85.0 92.4 90.4 85.4 93.7 89.9]%  train_cutpaste_acc=99.9%  (54.6s)
2026-08-19 21:52:29,733 | INFO | celeba_ood | epoch  12/20  train_loss=0.5128  train_gender_acc=99.0%  train_attr_acc=[85.3 92.4 90.6 85.7 93.6 90.2]%  train_cutpaste_acc=99.9%  (54.8s)
2026-08-19 21:53:24,473 | INFO | celeba_ood | epoch  13/20  train_loss=0.5027  train_gender_acc=99.1%  train_attr_acc=[85.3 92.5 90.7 85.7 93.8 90.4]%  train_cutpaste_acc=99.9%  (54.7s)
2026-08-19 21:54:18,630 | INFO | celeba_ood | epoch  14/20  train_loss=0.4957  train_gender_acc=99.1%  train_attr_acc=[85.7 92.7 90.8 86.0 93.9 90.5]%  train_cutpaste_acc=99.9%  (54.2s)
2026-08-19 21:55:13,333 | INFO | celeba_ood | epoch  15/20  train_loss=0.4840  train_gender_acc=99.3%  train_attr_acc=[85.7 92.8 90.9 86.2 94.0 90.8]%  train_cutpaste_acc=99.9%  (54.7s)
2026-08-19 21:56:07,948 | INFO | celeba_ood | epoch  16/20  train_loss=0.4765  train_gender_acc=99.3%  train_attr_acc=[85.9 92.8 91.0 86.6 94.1 91.1]%  train_cutpaste_acc=99.9%  (54.6s)
2026-08-19 21:57:02,716 | INFO | celeba_ood | epoch  17/20  train_loss=0.4684  train_gender_acc=99.4%  train_attr_acc=[86.2 93.0 90.8 86.6 94.3 91.3]%  train_cutpaste_acc=99.9%  (54.8s)
2026-08-19 21:57:57,300 | INFO | celeba_ood | epoch  18/20  train_loss=0.4584  train_gender_acc=99.4%  train_attr_acc=[86.4 93.0 91.2 87.0 94.4 91.5]%  train_cutpaste_acc=99.9%  (54.6s)
2026-08-19 21:58:51,780 | INFO | celeba_ood | epoch  19/20  train_loss=0.4481  train_gender_acc=99.5%  train_attr_acc=[86.5 93.3 91.3 87.1 94.7 91.7]%  train_cutpaste_acc=99.9%  (54.5s)
2026-08-19 21:59:46,173 | INFO | celeba_ood | epoch  20/20  train_loss=0.4432  train_gender_acc=99.5%  train_attr_acc=[87.0 93.4 91.3 87.1 94.7 91.8]%  train_cutpaste_acc=99.9%  (54.4s)
2026-08-19 21:59:46,174 | INFO | celeba_ood | Training done in 1093.1s
2026-08-19 21:59:46,374 | INFO | celeba_ood | ======================================================================
2026-08-19 21:59:46,374 | INFO | celeba_ood | PHASE 2 — training per-block reconstruction decoders
2026-08-19 21:59:46,374 | INFO | celeba_ood | ======================================================================
2026-08-19 21:59:46,374 | INFO | celeba_ood |   decoder L0: in=(C=32, H=64) → out=(3, 128, 128)  params=8,275
2026-08-19 21:59:46,374 | INFO | celeba_ood |   decoder L1: in=(C=64, H=32) → out=(3, 128, 128)  params=41,107
2026-08-19 21:59:46,374 | INFO | celeba_ood |   decoder L2: in=(C=128, H=16) → out=(3, 128, 128)  params=172,307
2026-08-19 21:59:46,374 | INFO | celeba_ood |   decoder L3: in=(C=256, H=8) → out=(3, 128, 128)  params=696,851
2026-08-19 21:59:46,374 | INFO | celeba_ood |   decoder L4: in=(C=256, H=8) → out=(3, 128, 128)  params=696,851
2026-08-19 22:01:36,909 | INFO | celeba_ood | [decoders] epoch   1/25  train=0.0498  per_block(train)=[0.0028 0.0048 0.0071 0.0104 0.0247]  (110.5s)
2026-08-19 22:03:27,307 | INFO | celeba_ood | [decoders] epoch   2/25  train=0.0304  per_block(train)=[0.0008 0.0018 0.0040 0.0068 0.0170]  (110.4s)
2026-08-19 22:05:17,656 | INFO | celeba_ood | [decoders] epoch   3/25  train=0.0283  per_block(train)=[0.0007 0.0017 0.0038 0.0064 0.0157]  (110.3s)
2026-08-19 22:07:07,979 | INFO | celeba_ood | [decoders] epoch   4/25  train=0.0274  per_block(train)=[0.0007 0.0017 0.0037 0.0062 0.0151]  (110.3s)
2026-08-19 22:08:58,301 | INFO | celeba_ood | [decoders] epoch   5/25  train=0.0266  per_block(train)=[0.0006 0.0017 0.0037 0.0061 0.0146]  (110.3s)
2026-08-19 22:10:48,600 | INFO | celeba_ood | [decoders] epoch   6/25  train=0.0261  per_block(train)=[0.0006 0.0016 0.0036 0.0060 0.0143]  (110.3s)
2026-08-19 22:12:38,941 | INFO | celeba_ood | [decoders] epoch   7/25  train=0.0258  per_block(train)=[0.0006 0.0016 0.0036 0.0059 0.0141]  (110.3s)
2026-08-19 22:14:29,245 | INFO | celeba_ood | [decoders] epoch   8/25  train=0.0254  per_block(train)=[0.0006 0.0016 0.0035 0.0058 0.0139]  (110.3s)
2026-08-19 22:16:19,554 | INFO | celeba_ood | [decoders] epoch   9/25  train=0.0252  per_block(train)=[0.0006 0.0016 0.0035 0.0058 0.0137]  (110.3s)
2026-08-19 22:18:09,961 | INFO | celeba_ood | [decoders] epoch  10/25  train=0.0250  per_block(train)=[0.0006 0.0016 0.0035 0.0057 0.0136]  (110.4s)
2026-08-19 22:20:00,263 | INFO | celeba_ood | [decoders] epoch  11/25  train=0.0248  per_block(train)=[0.0006 0.0016 0.0035 0.0057 0.0134]  (110.3s)
2026-08-19 22:21:50,577 | INFO | celeba_ood | [decoders] epoch  12/25  train=0.0246  per_block(train)=[0.0006 0.0016 0.0035 0.0057 0.0134]  (110.3s)
2026-08-19 22:23:40,888 | INFO | celeba_ood | [decoders] epoch  13/25  train=0.0245  per_block(train)=[0.0006 0.0016 0.0035 0.0056 0.0133]  (110.3s)
2026-08-19 22:25:31,275 | INFO | celeba_ood | [decoders] epoch  14/25  train=0.0244  per_block(train)=[0.0006 0.0015 0.0035 0.0056 0.0132]  (110.4s)
2026-08-19 22:27:21,589 | INFO | celeba_ood | [decoders] epoch  15/25  train=0.0242  per_block(train)=[0.0006 0.0015 0.0034 0.0056 0.0131]  (110.3s)
2026-08-19 22:29:11,920 | INFO | celeba_ood | [decoders] epoch  16/25  train=0.0242  per_block(train)=[0.0006 0.0015 0.0034 0.0056 0.0131]  (110.3s)
2026-08-19 22:31:02,215 | INFO | celeba_ood | [decoders] epoch  17/25  train=0.0241  per_block(train)=[0.0006 0.0015 0.0034 0.0055 0.0130]  (110.3s)
2026-08-19 22:32:52,454 | INFO | celeba_ood | [decoders] epoch  18/25  train=0.0240  per_block(train)=[0.0005 0.0015 0.0034 0.0055 0.0130]  (110.2s)
2026-08-19 22:34:42,717 | INFO | celeba_ood | [decoders] epoch  19/25  train=0.0239  per_block(train)=[0.0005 0.0015 0.0034 0.0055 0.0129]  (110.3s)
2026-08-19 22:36:33,011 | INFO | celeba_ood | [decoders] epoch  20/25  train=0.0238  per_block(train)=[0.0005 0.0015 0.0034 0.0055 0.0129]  (110.3s)
2026-08-19 22:38:23,336 | INFO | celeba_ood | [decoders] epoch  21/25  train=0.0238  per_block(train)=[0.0005 0.0015 0.0034 0.0055 0.0129]  (110.3s)
2026-08-19 22:40:13,595 | INFO | celeba_ood | [decoders] epoch  22/25  train=0.0237  per_block(train)=[0.0005 0.0015 0.0034 0.0055 0.0128]  (110.3s)
2026-08-19 22:42:03,861 | INFO | celeba_ood | [decoders] epoch  23/25  train=0.0237  per_block(train)=[0.0005 0.0015 0.0034 0.0055 0.0128]  (110.3s)
2026-08-19 22:43:54,132 | INFO | celeba_ood | [decoders] epoch  24/25  train=0.0236  per_block(train)=[0.0005 0.0015 0.0034 0.0054 0.0128]  (110.3s)
2026-08-19 22:45:44,379 | INFO | celeba_ood | [decoders] epoch  25/25  train=0.0236  per_block(train)=[0.0005 0.0015 0.0034 0.0054 0.0127]  (110.2s)
2026-08-19 22:45:44,380 | INFO | celeba_ood | Decoder training done in 2758.0s
2026-08-19 22:45:44,407 | INFO | celeba_ood | ======================================================================
2026-08-19 22:45:44,407 | INFO | celeba_ood | EVALUATION — per-attribute accuracy + OOD AUROC
2026-08-19 22:45:44,407 | INFO | celeba_ood | ======================================================================
2026-08-19 22:45:44,407 | INFO | celeba_ood | Collecting predictions on test_in...
2026-08-19 22:45:50,265 | INFO | celeba_ood |   test_in size = 18941, OOD score (attr entropy) mean = 0.1898
2026-08-19 22:45:50,265 | INFO | celeba_ood | Collecting predictions on test_ood (Eyeglasses)...
2026-08-19 22:45:54,124 | INFO | celeba_ood |   test_ood size = 13193, OOD score (attr entropy) mean = 0.2220
2026-08-19 22:45:54,149 | INFO | celeba_ood | Per-attribute accuracy (in-distribution test set):
2026-08-19 22:45:54,149 | INFO | celeba_ood |   Male/Female : 96.82%
2026-08-19 22:45:54,149 | INFO | celeba_ood |   Arched_Eyebrows       : 79.74%
2026-08-19 22:45:54,149 | INFO | celeba_ood |   Bushy_Eyebrows        : 90.48%
2026-08-19 22:45:54,149 | INFO | celeba_ood |   Narrow_Eyes           : 90.14%
2026-08-19 22:45:54,149 | INFO | celeba_ood |   Bags_Under_Eyes       : 81.30%
2026-08-19 22:45:54,149 | INFO | celeba_ood |   Smiling               : 92.31%
2026-08-19 22:45:54,150 | INFO | celeba_ood |   Young                 : 86.51%
2026-08-19 22:45:54,150 | INFO | celeba_ood | OOD AUROC (in-dist vs Eyeglasses):
2026-08-19 22:45:54,150 | INFO | celeba_ood |   score_entropy_gender     AUROC = 0.8206  (in_mean=0.034, ood_mean=0.126)
2026-08-19 22:45:54,150 | INFO | celeba_ood |   score_entropy_attrs      AUROC = 0.6105  (in_mean=0.190, ood_mean=0.222)
2026-08-19 22:47:00,461 | INFO | celeba_ood | Wrote per-block plots: per_block_breakdown.png, recons_only.png, activations.png, fusion_overlay.png
2026-08-19 22:47:00,463 | INFO | celeba_ood | Summary written to outputs/celeba_ood/ablation/cutpaste_20260819_192140_6866856/model_2/summary.json
2026-08-19 22:47:00,466 | INFO | celeba_ood | model 3/10 done in 3927.4s
2026-08-19 22:47:00,475 | INFO | celeba_ood | ######################################################################
2026-08-19 22:47:00,475 | INFO | celeba_ood | # MODEL 4/10   (seed=45, channels=[32, 64, 128, 256, 256], kernel=3)
2026-08-19 22:47:00,475 | INFO | celeba_ood | ######################################################################
2026-08-19 22:47:00,504 | INFO | celeba_ood | Model        : FacialCNN  (981,802 params)
2026-08-19 22:47:00,505 | INFO | celeba_ood | ======================================================================
2026-08-19 22:47:00,505 | INFO | celeba_ood | TRAINING — combined CE(gender) + BCE(attrs) loss
2026-08-19 22:47:00,505 | INFO | celeba_ood | ======================================================================
2026-08-19 22:47:00,505 | INFO | celeba_ood | CutPaste pretext on: {'prob': 0.5, 'area_range': (0.05, 0.15), 'aspect_range': (0.3, 3.3), 'scar_prob': 0.0, 'three_way': False}  loss_weight=0.5
2026-08-19 22:47:00,505 | INFO | celeba_ood | No validation set — running the full 20-epoch schedule with no early stopping; final-epoch weights are kept.
2026-08-19 22:47:54,976 | INFO | celeba_ood | epoch   1/20  train_loss=0.9918  train_gender_acc=92.8%  train_attr_acc=[76.8 88.2 88.2 80.6 82.8 82.4]%  train_cutpaste_acc=96.0%  (54.5s)
2026-08-19 22:48:49,632 | INFO | celeba_ood | epoch   2/20  train_loss=0.7097  train_gender_acc=96.6%  train_attr_acc=[80.4 90.6 89.2 82.9 90.9 86.2]%  train_cutpaste_acc=99.1%  (54.7s)
2026-08-19 22:49:44,131 | INFO | celeba_ood | epoch   3/20  train_loss=0.6525  train_gender_acc=97.3%  train_attr_acc=[81.9 91.2 89.6 83.6 91.7 87.3]%  train_cutpaste_acc=99.5%  (54.5s)
2026-08-19 22:50:38,697 | INFO | celeba_ood | epoch   4/20  train_loss=0.6130  train_gender_acc=97.8%  train_attr_acc=[82.8 91.5 90.0 84.1 92.3 88.1]%  train_cutpaste_acc=99.6%  (54.6s)
2026-08-19 22:51:33,064 | INFO | celeba_ood | epoch   5/20  train_loss=0.5966  train_gender_acc=98.0%  train_attr_acc=[83.3 91.5 90.0 84.5 92.4 88.3]%  train_cutpaste_acc=99.7%  (54.4s)
2026-08-19 22:52:27,691 | INFO | celeba_ood | epoch   6/20  train_loss=0.5806  train_gender_acc=98.1%  train_attr_acc=[83.6 91.7 90.1 84.6 92.7 88.6]%  train_cutpaste_acc=99.8%  (54.6s)
2026-08-19 22:53:22,585 | INFO | celeba_ood | epoch   7/20  train_loss=0.5674  train_gender_acc=98.3%  train_attr_acc=[83.7 91.8 90.1 84.7 92.9 89.1]%  train_cutpaste_acc=99.8%  (54.9s)
2026-08-19 22:54:17,321 | INFO | celeba_ood | epoch   8/20  train_loss=0.5542  train_gender_acc=98.5%  train_attr_acc=[84.2 92.1 90.2 84.9 93.0 89.2]%  train_cutpaste_acc=99.8%  (54.7s)
2026-08-19 22:55:11,883 | INFO | celeba_ood | epoch   9/20  train_loss=0.5394  train_gender_acc=98.6%  train_attr_acc=[84.4 92.2 90.5 85.2 93.4 89.5]%  train_cutpaste_acc=99.8%  (54.6s)
2026-08-19 22:56:06,331 | INFO | celeba_ood | epoch  10/20  train_loss=0.5329  train_gender_acc=98.8%  train_attr_acc=[84.6 92.1 90.5 85.4 93.4 89.5]%  train_cutpaste_acc=99.8%  (54.4s)
2026-08-19 22:57:00,902 | INFO | celeba_ood | epoch  11/20  train_loss=0.5233  train_gender_acc=98.9%  train_attr_acc=[84.8 92.3 90.5 85.5 93.5 89.9]%  train_cutpaste_acc=99.9%  (54.6s)
2026-08-19 22:57:55,362 | INFO | celeba_ood | epoch  12/20  train_loss=0.5142  train_gender_acc=98.9%  train_attr_acc=[85.1 92.5 90.6 85.5 93.7 90.1]%  train_cutpaste_acc=99.9%  (54.5s)
2026-08-19 22:58:50,114 | INFO | celeba_ood | epoch  13/20  train_loss=0.5051  train_gender_acc=99.0%  train_attr_acc=[85.5 92.6 90.6 85.8 93.8 90.3]%  train_cutpaste_acc=99.9%  (54.8s)
2026-08-19 22:59:45,227 | INFO | celeba_ood | epoch  14/20  train_loss=0.4943  train_gender_acc=99.2%  train_attr_acc=[85.7 92.7 90.8 85.8 93.9 90.4]%  train_cutpaste_acc=99.9%  (55.1s)
2026-08-19 23:00:40,463 | INFO | celeba_ood | epoch  15/20  train_loss=0.4888  train_gender_acc=99.1%  train_attr_acc=[85.7 92.9 90.9 86.0 94.0 90.6]%  train_cutpaste_acc=99.9%  (55.2s)
2026-08-19 23:01:35,655 | INFO | celeba_ood | epoch  16/20  train_loss=0.4779  train_gender_acc=99.3%  train_attr_acc=[86.0 92.8 90.9 86.1 94.1 90.8]%  train_cutpaste_acc=99.9%  (55.2s)
2026-08-19 23:02:30,754 | INFO | celeba_ood | epoch  17/20  train_loss=0.4702  train_gender_acc=99.3%  train_attr_acc=[86.2 92.9 91.1 86.3 94.2 91.1]%  train_cutpaste_acc=99.9%  (55.1s)
2026-08-19 23:03:25,717 | INFO | celeba_ood | epoch  18/20  train_loss=0.4612  train_gender_acc=99.4%  train_attr_acc=[86.3 93.1 91.0 86.8 94.3 91.4]%  train_cutpaste_acc=99.9%  (55.0s)
2026-08-19 23:04:20,404 | INFO | celeba_ood | epoch  19/20  train_loss=0.4513  train_gender_acc=99.5%  train_attr_acc=[86.6 93.2 91.2 87.0 94.5 91.4]%  train_cutpaste_acc=99.9%  (54.7s)
2026-08-19 23:05:15,014 | INFO | celeba_ood | epoch  20/20  train_loss=0.4443  train_gender_acc=99.5%  train_attr_acc=[86.7 93.4 91.3 87.0 94.8 91.6]%  train_cutpaste_acc=99.9%  (54.6s)
2026-08-19 23:05:15,015 | INFO | celeba_ood | Training done in 1094.5s
2026-08-19 23:05:15,213 | INFO | celeba_ood | ======================================================================
2026-08-19 23:05:15,213 | INFO | celeba_ood | PHASE 2 — training per-block reconstruction decoders
2026-08-19 23:05:15,213 | INFO | celeba_ood | ======================================================================
2026-08-19 23:05:15,214 | INFO | celeba_ood |   decoder L0: in=(C=32, H=64) → out=(3, 128, 128)  params=8,275
2026-08-19 23:05:15,214 | INFO | celeba_ood |   decoder L1: in=(C=64, H=32) → out=(3, 128, 128)  params=41,107
2026-08-19 23:05:15,214 | INFO | celeba_ood |   decoder L2: in=(C=128, H=16) → out=(3, 128, 128)  params=172,307
2026-08-19 23:05:15,214 | INFO | celeba_ood |   decoder L3: in=(C=256, H=8) → out=(3, 128, 128)  params=696,851
2026-08-19 23:05:15,214 | INFO | celeba_ood |   decoder L4: in=(C=256, H=8) → out=(3, 128, 128)  params=696,851
2026-08-19 23:07:05,787 | INFO | celeba_ood | [decoders] epoch   1/25  train=0.0512  per_block(train)=[0.0034 0.0047 0.0075 0.0108 0.0248]  (110.6s)
2026-08-19 23:08:56,251 | INFO | celeba_ood | [decoders] epoch   2/25  train=0.0307  per_block(train)=[0.0007 0.0020 0.0041 0.0069 0.0169]  (110.5s)
2026-08-19 23:10:46,596 | INFO | celeba_ood | [decoders] epoch   3/25  train=0.0286  per_block(train)=[0.0007 0.0019 0.0039 0.0065 0.0156]  (110.3s)
2026-08-19 23:12:36,924 | INFO | celeba_ood | [decoders] epoch   4/25  train=0.0275  per_block(train)=[0.0006 0.0018 0.0038 0.0063 0.0150]  (110.3s)
2026-08-19 23:14:27,250 | INFO | celeba_ood | [decoders] epoch   5/25  train=0.0269  per_block(train)=[0.0006 0.0018 0.0037 0.0061 0.0146]  (110.3s)
2026-08-19 23:16:17,604 | INFO | celeba_ood | [decoders] epoch   6/25  train=0.0264  per_block(train)=[0.0006 0.0017 0.0037 0.0060 0.0143]  (110.4s)
2026-08-19 23:18:07,924 | INFO | celeba_ood | [decoders] epoch   7/25  train=0.0259  per_block(train)=[0.0005 0.0017 0.0036 0.0059 0.0141]  (110.3s)
2026-08-19 23:19:58,251 | INFO | celeba_ood | [decoders] epoch   8/25  train=0.0257  per_block(train)=[0.0005 0.0017 0.0036 0.0059 0.0139]  (110.3s)
2026-08-19 23:21:48,543 | INFO | celeba_ood | [decoders] epoch   9/25  train=0.0254  per_block(train)=[0.0005 0.0017 0.0036 0.0058 0.0138]  (110.3s)
2026-08-19 23:23:38,818 | INFO | celeba_ood | [decoders] epoch  10/25  train=0.0252  per_block(train)=[0.0005 0.0017 0.0036 0.0058 0.0137]  (110.3s)
2026-08-19 23:25:29,134 | INFO | celeba_ood | [decoders] epoch  11/25  train=0.0250  per_block(train)=[0.0005 0.0017 0.0036 0.0058 0.0136]  (110.3s)
2026-08-19 23:27:19,422 | INFO | celeba_ood | [decoders] epoch  12/25  train=0.0249  per_block(train)=[0.0005 0.0016 0.0035 0.0057 0.0135]  (110.3s)
2026-08-19 23:29:09,845 | INFO | celeba_ood | [decoders] epoch  13/25  train=0.0247  per_block(train)=[0.0005 0.0016 0.0035 0.0057 0.0134]  (110.4s)
2026-08-19 23:31:00,180 | INFO | celeba_ood | [decoders] epoch  14/25  train=0.0246  per_block(train)=[0.0005 0.0016 0.0035 0.0057 0.0133]  (110.3s)
2026-08-19 23:32:50,487 | INFO | celeba_ood | [decoders] epoch  15/25  train=0.0245  per_block(train)=[0.0005 0.0016 0.0035 0.0056 0.0133]  (110.3s)
2026-08-19 23:34:40,791 | INFO | celeba_ood | [decoders] epoch  16/25  train=0.0244  per_block(train)=[0.0005 0.0016 0.0035 0.0056 0.0132]  (110.3s)
2026-08-19 23:36:31,119 | INFO | celeba_ood | [decoders] epoch  17/25  train=0.0243  per_block(train)=[0.0005 0.0016 0.0035 0.0056 0.0131]  (110.3s)
2026-08-19 23:38:21,435 | INFO | celeba_ood | [decoders] epoch  18/25  train=0.0242  per_block(train)=[0.0005 0.0016 0.0035 0.0056 0.0131]  (110.3s)
2026-08-19 23:40:11,743 | INFO | celeba_ood | [decoders] epoch  19/25  train=0.0241  per_block(train)=[0.0005 0.0016 0.0035 0.0056 0.0130]  (110.3s)
2026-08-19 23:42:02,112 | INFO | celeba_ood | [decoders] epoch  20/25  train=0.0241  per_block(train)=[0.0005 0.0016 0.0035 0.0055 0.0130]  (110.4s)
2026-08-19 23:43:52,528 | INFO | celeba_ood | [decoders] epoch  21/25  train=0.0240  per_block(train)=[0.0005 0.0016 0.0034 0.0055 0.0130]  (110.4s)
2026-08-19 23:45:42,810 | INFO | celeba_ood | [decoders] epoch  22/25  train=0.0239  per_block(train)=[0.0005 0.0016 0.0034 0.0055 0.0129]  (110.3s)
2026-08-19 23:47:33,204 | INFO | celeba_ood | [decoders] epoch  23/25  train=0.0239  per_block(train)=[0.0005 0.0016 0.0034 0.0055 0.0129]  (110.4s)
2026-08-19 23:49:23,496 | INFO | celeba_ood | [decoders] epoch  24/25  train=0.0238  per_block(train)=[0.0005 0.0016 0.0034 0.0055 0.0129]  (110.3s)
2026-08-19 23:51:13,854 | INFO | celeba_ood | [decoders] epoch  25/25  train=0.0238  per_block(train)=[0.0005 0.0016 0.0034 0.0055 0.0128]  (110.4s)
2026-08-19 23:51:13,855 | INFO | celeba_ood | Decoder training done in 2758.6s
2026-08-19 23:51:13,882 | INFO | celeba_ood | ======================================================================
2026-08-19 23:51:13,882 | INFO | celeba_ood | EVALUATION — per-attribute accuracy + OOD AUROC
2026-08-19 23:51:13,882 | INFO | celeba_ood | ======================================================================
2026-08-19 23:51:13,882 | INFO | celeba_ood | Collecting predictions on test_in...
2026-08-19 23:51:19,799 | INFO | celeba_ood |   test_in size = 18941, OOD score (attr entropy) mean = 0.2326
2026-08-19 23:51:19,799 | INFO | celeba_ood | Collecting predictions on test_ood (Eyeglasses)...
2026-08-19 23:51:23,809 | INFO | celeba_ood |   test_ood size = 13193, OOD score (attr entropy) mean = 0.2674
2026-08-19 23:51:23,835 | INFO | celeba_ood | Per-attribute accuracy (in-distribution test set):
2026-08-19 23:51:23,835 | INFO | celeba_ood |   Male/Female : 97.88%
2026-08-19 23:51:23,836 | INFO | celeba_ood |   Arched_Eyebrows       : 82.95%
2026-08-19 23:51:23,836 | INFO | celeba_ood |   Bushy_Eyebrows        : 91.09%
2026-08-19 23:51:23,836 | INFO | celeba_ood |   Narrow_Eyes           : 88.80%
2026-08-19 23:51:23,836 | INFO | celeba_ood |   Bags_Under_Eyes       : 84.53%
2026-08-19 23:51:23,836 | INFO | celeba_ood |   Smiling               : 91.31%
2026-08-19 23:51:23,836 | INFO | celeba_ood |   Young                 : 88.99%
2026-08-19 23:51:23,836 | INFO | celeba_ood | OOD AUROC (in-dist vs Eyeglasses):
2026-08-19 23:51:23,836 | INFO | celeba_ood |   score_entropy_gender     AUROC = 0.6952  (in_mean=0.028, ood_mean=0.076)
2026-08-19 23:51:23,836 | INFO | celeba_ood |   score_entropy_attrs      AUROC = 0.6078  (in_mean=0.233, ood_mean=0.267)
2026-08-19 23:52:29,919 | INFO | celeba_ood | Wrote per-block plots: per_block_breakdown.png, recons_only.png, activations.png, fusion_overlay.png
2026-08-19 23:52:29,920 | INFO | celeba_ood | Summary written to outputs/celeba_ood/ablation/cutpaste_20260819_192140_6866856/model_3/summary.json
2026-08-19 23:52:29,925 | INFO | celeba_ood | model 4/10 done in 3929.4s
2026-08-19 23:52:29,933 | INFO | celeba_ood | ######################################################################
2026-08-19 23:52:29,933 | INFO | celeba_ood | # MODEL 5/10   (seed=46, channels=[32, 64, 128, 256, 256], kernel=3)
2026-08-19 23:52:29,933 | INFO | celeba_ood | ######################################################################
2026-08-19 23:52:29,962 | INFO | celeba_ood | Model        : FacialCNN  (981,802 params)
2026-08-19 23:52:29,963 | INFO | celeba_ood | ======================================================================
2026-08-19 23:52:29,963 | INFO | celeba_ood | TRAINING — combined CE(gender) + BCE(attrs) loss
2026-08-19 23:52:29,963 | INFO | celeba_ood | ======================================================================
2026-08-19 23:52:29,963 | INFO | celeba_ood | CutPaste pretext on: {'prob': 0.5, 'area_range': (0.05, 0.15), 'aspect_range': (0.3, 3.3), 'scar_prob': 0.0, 'three_way': False}  loss_weight=0.5
2026-08-19 23:52:29,963 | INFO | celeba_ood | No validation set — running the full 20-epoch schedule with no early stopping; final-epoch weights are kept.
2026-08-19 23:53:25,816 | INFO | celeba_ood | epoch   1/20  train_loss=1.0088  train_gender_acc=92.3%  train_attr_acc=[76.3 87.8 87.9 80.4 82.1 82.6]%  train_cutpaste_acc=96.1%  (55.9s)
2026-08-19 23:54:21,666 | INFO | celeba_ood | epoch   2/20  train_loss=0.7168  train_gender_acc=96.5%  train_attr_acc=[80.0 90.8 88.9 82.9 90.9 86.1]%  train_cutpaste_acc=99.3%  (55.8s)
2026-08-19 23:55:18,334 | INFO | celeba_ood | epoch   3/20  train_loss=0.6514  train_gender_acc=97.2%  train_attr_acc=[81.8 91.2 89.7 83.8 91.7 87.2]%  train_cutpaste_acc=99.6%  (56.7s)
2026-08-19 23:56:13,417 | INFO | celeba_ood | epoch   4/20  train_loss=0.6189  train_gender_acc=97.6%  train_attr_acc=[82.7 91.5 90.0 84.0 92.2 88.0]%  train_cutpaste_acc=99.7%  (55.1s)
2026-08-19 23:57:07,934 | INFO | celeba_ood | epoch   5/20  train_loss=0.5963  train_gender_acc=97.9%  train_attr_acc=[83.4 91.7 89.9 84.4 92.4 88.5]%  train_cutpaste_acc=99.7%  (54.5s)
2026-08-19 23:58:02,764 | INFO | celeba_ood | epoch   6/20  train_loss=0.5789  train_gender_acc=98.2%  train_attr_acc=[83.7 91.8 90.2 84.6 92.6 88.8]%  train_cutpaste_acc=99.8%  (54.8s)
2026-08-19 23:58:57,298 | INFO | celeba_ood | epoch   7/20  train_loss=0.5701  train_gender_acc=98.2%  train_attr_acc=[83.8 91.9 90.1 84.8 92.8 89.0]%  train_cutpaste_acc=99.8%  (54.5s)
2026-08-19 23:59:51,682 | INFO | celeba_ood | epoch   8/20  train_loss=0.5541  train_gender_acc=98.4%  train_attr_acc=[84.2 92.1 90.3 85.0 93.1 89.5]%  train_cutpaste_acc=99.8%  (54.4s)
2026-08-20 00:00:46,236 | INFO | celeba_ood | epoch   9/20  train_loss=0.5467  train_gender_acc=98.6%  train_attr_acc=[84.3 92.1 90.3 85.2 93.1 89.5]%  train_cutpaste_acc=99.8%  (54.6s)
2026-08-20 00:01:40,838 | INFO | celeba_ood | epoch  10/20  train_loss=0.5347  train_gender_acc=98.7%  train_attr_acc=[84.6 92.3 90.4 85.2 93.3 89.7]%  train_cutpaste_acc=99.9%  (54.6s)
2026-08-20 00:02:35,304 | INFO | celeba_ood | epoch  11/20  train_loss=0.5265  train_gender_acc=98.8%  train_attr_acc=[84.9 92.3 90.5 85.5 93.4 89.8]%  train_cutpaste_acc=99.9%  (54.5s)
2026-08-20 00:03:29,859 | INFO | celeba_ood | epoch  12/20  train_loss=0.5194  train_gender_acc=98.8%  train_attr_acc=[85.2 92.4 90.5 85.5 93.5 90.0]%  train_cutpaste_acc=99.9%  (54.6s)
2026-08-20 00:04:24,689 | INFO | celeba_ood | epoch  13/20  train_loss=0.5086  train_gender_acc=99.0%  train_attr_acc=[85.2 92.4 90.5 85.7 93.7 90.1]%  train_cutpaste_acc=99.9%  (54.8s)
2026-08-20 00:05:19,658 | INFO | celeba_ood | epoch  14/20  train_loss=0.5000  train_gender_acc=99.1%  train_attr_acc=[85.5 92.6 90.7 85.9 93.8 90.3]%  train_cutpaste_acc=99.9%  (55.0s)
2026-08-20 00:06:52,926 | INFO | celeba_ood | epoch  15/20  train_loss=0.4911  train_gender_acc=99.1%  train_attr_acc=[85.5 92.7 90.9 86.2 94.0 90.6]%  train_cutpaste_acc=99.9%  (93.3s)
2026-08-20 00:07:52,934 | INFO | celeba_ood | epoch  16/20  train_loss=0.4827  train_gender_acc=99.3%  train_attr_acc=[85.7 92.9 90.8 86.2 94.2 90.8]%  train_cutpaste_acc=99.9%  (60.0s)
2026-08-20 00:09:51,132 | INFO | celeba_ood | epoch  17/20  train_loss=0.4727  train_gender_acc=99.3%  train_attr_acc=[86.1 92.9 91.1 86.6 94.3 91.1]%  train_cutpaste_acc=99.9%  (118.2s)
2026-08-20 00:12:20,674 | INFO | celeba_ood | epoch  18/20  train_loss=0.4633  train_gender_acc=99.4%  train_attr_acc=[86.4 93.2 91.1 86.7 94.3 91.2]%  train_cutpaste_acc=99.9%  (149.5s)
2026-08-20 00:14:39,264 | INFO | celeba_ood | epoch  19/20  train_loss=0.4538  train_gender_acc=99.5%  train_attr_acc=[86.4 93.2 91.1 86.9 94.7 91.4]%  train_cutpaste_acc=99.9%  (138.6s)
2026-08-20 00:16:47,697 | INFO | celeba_ood | epoch  20/20  train_loss=0.4461  train_gender_acc=99.5%  train_attr_acc=[86.8 93.2 91.3 87.0 94.6 91.7]%  train_cutpaste_acc=99.9%  (128.4s)
2026-08-20 00:16:47,700 | INFO | celeba_ood | Training done in 1457.7s
2026-08-20 00:16:47,926 | INFO | celeba_ood | ======================================================================
2026-08-20 00:16:47,926 | INFO | celeba_ood | PHASE 2 — training per-block reconstruction decoders
2026-08-20 00:16:47,926 | INFO | celeba_ood | ======================================================================
2026-08-20 00:16:47,926 | INFO | celeba_ood |   decoder L0: in=(C=32, H=64) → out=(3, 128, 128)  params=8,275
2026-08-20 00:16:47,926 | INFO | celeba_ood |   decoder L1: in=(C=64, H=32) → out=(3, 128, 128)  params=41,107
2026-08-20 00:16:47,927 | INFO | celeba_ood |   decoder L2: in=(C=128, H=16) → out=(3, 128, 128)  params=172,307
2026-08-20 00:16:47,927 | INFO | celeba_ood |   decoder L3: in=(C=256, H=8) → out=(3, 128, 128)  params=696,851
2026-08-20 00:16:47,927 | INFO | celeba_ood |   decoder L4: in=(C=256, H=8) → out=(3, 128, 128)  params=696,851
2026-08-20 00:19:09,898 | INFO | celeba_ood | [decoders] epoch   1/25  train=0.0494  per_block(train)=[0.0024 0.0047 0.0075 0.0114 0.0234]  (142.0s)
2026-08-20 00:21:19,336 | INFO | celeba_ood | [decoders] epoch   2/25  train=0.0304  per_block(train)=[0.0007 0.0019 0.0041 0.0070 0.0167]  (129.4s)
2026-08-20 00:23:09,765 | INFO | celeba_ood | [decoders] epoch   3/25  train=0.0282  per_block(train)=[0.0006 0.0018 0.0038 0.0065 0.0154]  (110.4s)
2026-08-20 00:25:00,111 | INFO | celeba_ood | [decoders] epoch   4/25  train=0.0273  per_block(train)=[0.0006 0.0017 0.0037 0.0063 0.0149]  (110.3s)
2026-08-20 00:26:50,406 | INFO | celeba_ood | [decoders] epoch   5/25  train=0.0265  per_block(train)=[0.0006 0.0017 0.0037 0.0061 0.0144]  (110.3s)
2026-08-20 00:28:40,715 | INFO | celeba_ood | [decoders] epoch   6/25  train=0.0260  per_block(train)=[0.0006 0.0017 0.0036 0.0060 0.0142]  (110.3s)
2026-08-20 00:30:30,988 | INFO | celeba_ood | [decoders] epoch   7/25  train=0.0257  per_block(train)=[0.0005 0.0017 0.0036 0.0060 0.0139]  (110.3s)
2026-08-20 00:32:21,272 | INFO | celeba_ood | [decoders] epoch   8/25  train=0.0254  per_block(train)=[0.0005 0.0016 0.0035 0.0059 0.0138]  (110.3s)
2026-08-20 00:34:11,520 | INFO | celeba_ood | [decoders] epoch   9/25  train=0.0251  per_block(train)=[0.0005 0.0016 0.0035 0.0058 0.0136]  (110.2s)
2026-08-20 00:36:01,855 | INFO | celeba_ood | [decoders] epoch  10/25  train=0.0249  per_block(train)=[0.0005 0.0016 0.0035 0.0058 0.0135]  (110.3s)
2026-08-20 00:37:52,264 | INFO | celeba_ood | [decoders] epoch  11/25  train=0.0247  per_block(train)=[0.0005 0.0016 0.0035 0.0058 0.0134]  (110.4s)
2026-08-20 00:39:42,659 | INFO | celeba_ood | [decoders] epoch  12/25  train=0.0246  per_block(train)=[0.0005 0.0016 0.0035 0.0057 0.0133]  (110.4s)
2026-08-20 00:41:33,052 | INFO | celeba_ood | [decoders] epoch  13/25  train=0.0244  per_block(train)=[0.0005 0.0016 0.0034 0.0057 0.0132]  (110.4s)
2026-08-20 00:43:23,354 | INFO | celeba_ood | [decoders] epoch  14/25  train=0.0243  per_block(train)=[0.0005 0.0016 0.0034 0.0057 0.0132]  (110.3s)
2026-08-20 00:45:13,632 | INFO | celeba_ood | [decoders] epoch  15/25  train=0.0242  per_block(train)=[0.0005 0.0016 0.0034 0.0056 0.0131]  (110.3s)
2026-08-20 00:47:03,880 | INFO | celeba_ood | [decoders] epoch  16/25  train=0.0241  per_block(train)=[0.0005 0.0016 0.0034 0.0056 0.0130]  (110.2s)
2026-08-20 00:48:54,124 | INFO | celeba_ood | [decoders] epoch  17/25  train=0.0241  per_block(train)=[0.0005 0.0016 0.0034 0.0056 0.0130]  (110.2s)
2026-08-20 00:50:44,379 | INFO | celeba_ood | [decoders] epoch  18/25  train=0.0239  per_block(train)=[0.0005 0.0015 0.0034 0.0056 0.0129]  (110.3s)
2026-08-20 00:52:34,738 | INFO | celeba_ood | [decoders] epoch  19/25  train=0.0239  per_block(train)=[0.0005 0.0015 0.0034 0.0056 0.0129]  (110.4s)
2026-08-20 00:54:24,993 | INFO | celeba_ood | [decoders] epoch  20/25  train=0.0238  per_block(train)=[0.0005 0.0015 0.0034 0.0055 0.0129]  (110.3s)
2026-08-20 00:56:15,290 | INFO | celeba_ood | [decoders] epoch  21/25  train=0.0237  per_block(train)=[0.0004 0.0015 0.0034 0.0055 0.0128]  (110.3s)
2026-08-20 00:58:05,558 | INFO | celeba_ood | [decoders] epoch  22/25  train=0.0236  per_block(train)=[0.0004 0.0015 0.0034 0.0055 0.0128]  (110.3s)
2026-08-20 00:59:55,874 | INFO | celeba_ood | [decoders] epoch  23/25  train=0.0236  per_block(train)=[0.0004 0.0015 0.0034 0.0055 0.0128]  (110.3s)
2026-08-20 01:01:46,203 | INFO | celeba_ood | [decoders] epoch  24/25  train=0.0235  per_block(train)=[0.0004 0.0015 0.0034 0.0055 0.0127]  (110.3s)
2026-08-20 01:03:36,490 | INFO | celeba_ood | [decoders] epoch  25/25  train=0.0235  per_block(train)=[0.0004 0.0015 0.0034 0.0055 0.0127]  (110.3s)
2026-08-20 01:03:36,491 | INFO | celeba_ood | Decoder training done in 2808.6s
2026-08-20 01:03:36,520 | INFO | celeba_ood | ======================================================================
2026-08-20 01:03:36,520 | INFO | celeba_ood | EVALUATION — per-attribute accuracy + OOD AUROC
2026-08-20 01:03:36,520 | INFO | celeba_ood | ======================================================================
2026-08-20 01:03:36,520 | INFO | celeba_ood | Collecting predictions on test_in...
2026-08-20 01:03:42,415 | INFO | celeba_ood |   test_in size = 18941, OOD score (attr entropy) mean = 0.2569
2026-08-20 01:03:42,416 | INFO | celeba_ood | Collecting predictions on test_ood (Eyeglasses)...
2026-08-20 01:03:46,281 | INFO | celeba_ood |   test_ood size = 13193, OOD score (attr entropy) mean = 0.3192
2026-08-20 01:03:46,307 | INFO | celeba_ood | Per-attribute accuracy (in-distribution test set):
2026-08-20 01:03:46,307 | INFO | celeba_ood |   Male/Female : 93.52%
2026-08-20 01:03:46,307 | INFO | celeba_ood |   Arched_Eyebrows       : 81.38%
2026-08-20 01:03:46,307 | INFO | celeba_ood |   Bushy_Eyebrows        : 91.59%
2026-08-20 01:03:46,307 | INFO | celeba_ood |   Narrow_Eyes           : 89.55%
2026-08-20 01:03:46,307 | INFO | celeba_ood |   Bags_Under_Eyes       : 84.12%
2026-08-20 01:03:46,307 | INFO | celeba_ood |   Smiling               : 83.98%
2026-08-20 01:03:46,307 | INFO | celeba_ood |   Young                 : 89.02%
2026-08-20 01:03:46,307 | INFO | celeba_ood | OOD AUROC (in-dist vs Eyeglasses):
2026-08-20 01:03:46,307 | INFO | celeba_ood |   score_entropy_gender     AUROC = 0.5170  (in_mean=0.064, ood_mean=0.066)
2026-08-20 01:03:46,307 | INFO | celeba_ood |   score_entropy_attrs      AUROC = 0.6894  (in_mean=0.257, ood_mean=0.319)
2026-08-20 01:04:52,764 | INFO | celeba_ood | Wrote per-block plots: per_block_breakdown.png, recons_only.png, activations.png, fusion_overlay.png
2026-08-20 01:04:52,766 | INFO | celeba_ood | Summary written to outputs/celeba_ood/ablation/cutpaste_20260819_192140_6866856/model_4/summary.json
2026-08-20 01:04:52,770 | INFO | celeba_ood | model 5/10 done in 4342.8s
2026-08-20 01:04:52,779 | INFO | celeba_ood | ######################################################################
2026-08-20 01:04:52,779 | INFO | celeba_ood | # MODEL 6/10   (seed=47, channels=[32, 64, 128, 256, 256], kernel=3)
2026-08-20 01:04:52,779 | INFO | celeba_ood | ######################################################################
2026-08-20 01:04:52,807 | INFO | celeba_ood | Model        : FacialCNN  (981,802 params)
2026-08-20 01:04:52,808 | INFO | celeba_ood | ======================================================================
2026-08-20 01:04:52,808 | INFO | celeba_ood | TRAINING — combined CE(gender) + BCE(attrs) loss
2026-08-20 01:04:52,808 | INFO | celeba_ood | ======================================================================
2026-08-20 01:04:52,808 | INFO | celeba_ood | CutPaste pretext on: {'prob': 0.5, 'area_range': (0.05, 0.15), 'aspect_range': (0.3, 3.3), 'scar_prob': 0.0, 'three_way': False}  loss_weight=0.5
2026-08-20 01:04:52,808 | INFO | celeba_ood | No validation set — running the full 20-epoch schedule with no early stopping; final-epoch weights are kept.
2026-08-20 01:05:46,764 | INFO | celeba_ood | epoch   1/20  train_loss=0.9840  train_gender_acc=92.9%  train_attr_acc=[77.1 88.0 88.1 80.8 83.3 83.3]%  train_cutpaste_acc=96.2%  (54.0s)
2026-08-20 01:06:41,145 | INFO | celeba_ood | epoch   2/20  train_loss=0.7058  train_gender_acc=96.7%  train_attr_acc=[80.7 90.9 89.0 83.1 91.1 86.1]%  train_cutpaste_acc=99.2%  (54.4s)
2026-08-20 01:07:36,465 | INFO | celeba_ood | epoch   3/20  train_loss=0.6487  train_gender_acc=97.2%  train_attr_acc=[81.9 91.2 89.5 83.8 91.8 87.4]%  train_cutpaste_acc=99.5%  (55.3s)
2026-08-20 01:08:31,339 | INFO | celeba_ood | epoch   4/20  train_loss=0.6163  train_gender_acc=97.7%  train_attr_acc=[83.0 91.4 89.8 84.1 92.2 87.9]%  train_cutpaste_acc=99.7%  (54.9s)
2026-08-20 01:09:25,960 | INFO | celeba_ood | epoch   5/20  train_loss=0.5965  train_gender_acc=97.9%  train_attr_acc=[83.4 91.7 90.0 84.5 92.4 88.5]%  train_cutpaste_acc=99.7%  (54.6s)
2026-08-20 01:10:20,626 | INFO | celeba_ood | epoch   6/20  train_loss=0.5796  train_gender_acc=98.1%  train_attr_acc=[83.6 91.8 90.2 84.7 92.6 88.8]%  train_cutpaste_acc=99.8%  (54.7s)
2026-08-20 01:11:15,223 | INFO | celeba_ood | epoch   7/20  train_loss=0.5652  train_gender_acc=98.4%  train_attr_acc=[84.1 91.8 90.2 85.0 92.8 88.9]%  train_cutpaste_acc=99.8%  (54.6s)
2026-08-20 01:12:10,095 | INFO | celeba_ood | epoch   8/20  train_loss=0.5540  train_gender_acc=98.4%  train_attr_acc=[84.4 91.9 90.2 85.1 93.0 89.4]%  train_cutpaste_acc=99.8%  (54.9s)
2026-08-20 01:13:04,799 | INFO | celeba_ood | epoch   9/20  train_loss=0.5444  train_gender_acc=98.6%  train_attr_acc=[84.6 92.1 90.3 85.2 93.2 89.3]%  train_cutpaste_acc=99.8%  (54.7s)
2026-08-20 01:13:59,222 | INFO | celeba_ood | epoch  10/20  train_loss=0.5349  train_gender_acc=98.6%  train_attr_acc=[84.9 92.2 90.4 85.3 93.3 89.6]%  train_cutpaste_acc=99.9%  (54.4s)
2026-08-20 01:14:53,918 | INFO | celeba_ood | epoch  11/20  train_loss=0.5222  train_gender_acc=98.9%  train_attr_acc=[85.1 92.3 90.4 85.5 93.5 89.9]%  train_cutpaste_acc=99.9%  (54.7s)
2026-08-20 01:15:48,428 | INFO | celeba_ood | epoch  12/20  train_loss=0.5138  train_gender_acc=98.9%  train_attr_acc=[85.3 92.5 90.6 85.6 93.6 90.1]%  train_cutpaste_acc=99.9%  (54.5s)
2026-08-20 01:16:42,974 | INFO | celeba_ood | epoch  13/20  train_loss=0.5031  train_gender_acc=99.1%  train_attr_acc=[85.4 92.5 90.6 85.9 93.9 90.4]%  train_cutpaste_acc=99.9%  (54.5s)
2026-08-20 01:17:38,011 | INFO | celeba_ood | epoch  14/20  train_loss=0.4978  train_gender_acc=99.1%  train_attr_acc=[85.5 92.6 90.8 86.0 93.8 90.5]%  train_cutpaste_acc=99.9%  (55.0s)
2026-08-20 01:18:32,680 | INFO | celeba_ood | epoch  15/20  train_loss=0.4866  train_gender_acc=99.2%  train_attr_acc=[85.7 92.8 90.7 86.2 94.0 90.8]%  train_cutpaste_acc=99.9%  (54.7s)
2026-08-20 01:19:27,422 | INFO | celeba_ood | epoch  16/20  train_loss=0.4801  train_gender_acc=99.3%  train_attr_acc=[85.9 92.9 90.9 86.4 94.0 91.0]%  train_cutpaste_acc=99.9%  (54.7s)
2026-08-20 01:20:22,011 | INFO | celeba_ood | epoch  17/20  train_loss=0.4691  train_gender_acc=99.4%  train_attr_acc=[86.0 93.0 91.1 86.7 94.3 91.1]%  train_cutpaste_acc=99.9%  (54.6s)
2026-08-20 01:21:16,508 | INFO | celeba_ood | epoch  18/20  train_loss=0.4620  train_gender_acc=99.4%  train_attr_acc=[86.3 93.1 91.0 86.8 94.4 91.4]%  train_cutpaste_acc=99.9%  (54.5s)
2026-08-20 01:22:11,323 | INFO | celeba_ood | epoch  19/20  train_loss=0.4522  train_gender_acc=99.4%  train_attr_acc=[86.6 93.2 91.3 86.9 94.6 91.5]%  train_cutpaste_acc=99.9%  (54.8s)
2026-08-20 01:23:06,320 | INFO | celeba_ood | epoch  20/20  train_loss=0.4451  train_gender_acc=99.5%  train_attr_acc=[86.9 93.3 91.3 87.1 94.7 91.8]%  train_cutpaste_acc=99.9%  (55.0s)
2026-08-20 01:23:06,320 | INFO | celeba_ood | Training done in 1093.5s
2026-08-20 01:23:06,520 | INFO | celeba_ood | ======================================================================
2026-08-20 01:23:06,520 | INFO | celeba_ood | PHASE 2 — training per-block reconstruction decoders
2026-08-20 01:23:06,520 | INFO | celeba_ood | ======================================================================
2026-08-20 01:23:06,520 | INFO | celeba_ood |   decoder L0: in=(C=32, H=64) → out=(3, 128, 128)  params=8,275
2026-08-20 01:23:06,520 | INFO | celeba_ood |   decoder L1: in=(C=64, H=32) → out=(3, 128, 128)  params=41,107
2026-08-20 01:23:06,520 | INFO | celeba_ood |   decoder L2: in=(C=128, H=16) → out=(3, 128, 128)  params=172,307
2026-08-20 01:23:06,520 | INFO | celeba_ood |   decoder L3: in=(C=256, H=8) → out=(3, 128, 128)  params=696,851
2026-08-20 01:23:06,520 | INFO | celeba_ood |   decoder L4: in=(C=256, H=8) → out=(3, 128, 128)  params=696,851
2026-08-20 01:24:57,057 | INFO | celeba_ood | [decoders] epoch   1/25  train=0.0468  per_block(train)=[0.0030 0.0047 0.0071 0.0103 0.0217]  (110.5s)
2026-08-20 01:26:47,424 | INFO | celeba_ood | [decoders] epoch   2/25  train=0.0291  per_block(train)=[0.0007 0.0020 0.0040 0.0068 0.0156]  (110.4s)
2026-08-20 01:28:37,731 | INFO | celeba_ood | [decoders] epoch   3/25  train=0.0273  per_block(train)=[0.0006 0.0018 0.0038 0.0064 0.0146]  (110.3s)
2026-08-20 01:30:28,022 | INFO | celeba_ood | [decoders] epoch   4/25  train=0.0263  per_block(train)=[0.0006 0.0018 0.0037 0.0062 0.0140]  (110.3s)
2026-08-20 01:32:18,329 | INFO | celeba_ood | [decoders] epoch   5/25  train=0.0257  per_block(train)=[0.0006 0.0018 0.0036 0.0061 0.0136]  (110.3s)
2026-08-20 01:34:08,640 | INFO | celeba_ood | [decoders] epoch   6/25  train=0.0252  per_block(train)=[0.0006 0.0017 0.0036 0.0059 0.0134]  (110.3s)
2026-08-20 01:35:58,947 | INFO | celeba_ood | [decoders] epoch   7/25  train=0.0248  per_block(train)=[0.0005 0.0017 0.0035 0.0059 0.0132]  (110.3s)
2026-08-20 01:37:49,321 | INFO | celeba_ood | [decoders] epoch   8/25  train=0.0246  per_block(train)=[0.0005 0.0017 0.0035 0.0058 0.0130]  (110.4s)
2026-08-20 01:39:39,582 | INFO | celeba_ood | [decoders] epoch   9/25  train=0.0243  per_block(train)=[0.0005 0.0017 0.0035 0.0057 0.0129]  (110.3s)
2026-08-20 01:41:29,849 | INFO | celeba_ood | [decoders] epoch  10/25  train=0.0241  per_block(train)=[0.0005 0.0016 0.0035 0.0057 0.0128]  (110.3s)
2026-08-20 01:43:20,184 | INFO | celeba_ood | [decoders] epoch  11/25  train=0.0239  per_block(train)=[0.0005 0.0016 0.0035 0.0057 0.0127]  (110.3s)
2026-08-20 01:45:10,481 | INFO | celeba_ood | [decoders] epoch  12/25  train=0.0238  per_block(train)=[0.0005 0.0016 0.0034 0.0056 0.0126]  (110.3s)
2026-08-20 01:47:00,795 | INFO | celeba_ood | [decoders] epoch  13/25  train=0.0236  per_block(train)=[0.0005 0.0016 0.0034 0.0056 0.0125]  (110.3s)
2026-08-20 01:48:51,101 | INFO | celeba_ood | [decoders] epoch  14/25  train=0.0236  per_block(train)=[0.0005 0.0016 0.0034 0.0056 0.0125]  (110.3s)
2026-08-20 01:50:41,384 | INFO | celeba_ood | [decoders] epoch  15/25  train=0.0234  per_block(train)=[0.0005 0.0016 0.0034 0.0055 0.0124]  (110.3s)
2026-08-20 01:52:31,700 | INFO | celeba_ood | [decoders] epoch  16/25  train=0.0233  per_block(train)=[0.0005 0.0016 0.0034 0.0055 0.0123]  (110.3s)
2026-08-20 01:54:21,986 | INFO | celeba_ood | [decoders] epoch  17/25  train=0.0232  per_block(train)=[0.0005 0.0016 0.0034 0.0055 0.0123]  (110.3s)
2026-08-20 01:56:12,286 | INFO | celeba_ood | [decoders] epoch  18/25  train=0.0232  per_block(train)=[0.0005 0.0016 0.0034 0.0055 0.0123]  (110.3s)
2026-08-20 01:58:02,560 | INFO | celeba_ood | [decoders] epoch  19/25  train=0.0231  per_block(train)=[0.0005 0.0016 0.0034 0.0055 0.0122]  (110.3s)
2026-08-20 01:59:52,850 | INFO | celeba_ood | [decoders] epoch  20/25  train=0.0230  per_block(train)=[0.0005 0.0016 0.0033 0.0055 0.0122]  (110.3s)
2026-08-20 02:01:43,235 | INFO | celeba_ood | [decoders] epoch  21/25  train=0.0230  per_block(train)=[0.0005 0.0016 0.0033 0.0054 0.0121]  (110.4s)
2026-08-20 02:03:33,604 | INFO | celeba_ood | [decoders] epoch  22/25  train=0.0229  per_block(train)=[0.0005 0.0015 0.0033 0.0054 0.0121]  (110.4s)
2026-08-20 02:05:23,906 | INFO | celeba_ood | [decoders] epoch  23/25  train=0.0228  per_block(train)=[0.0005 0.0015 0.0033 0.0054 0.0121]  (110.3s)
2026-08-20 02:07:14,209 | INFO | celeba_ood | [decoders] epoch  24/25  train=0.0228  per_block(train)=[0.0005 0.0015 0.0033 0.0054 0.0121]  (110.3s)
2026-08-20 02:09:04,529 | INFO | celeba_ood | [decoders] epoch  25/25  train=0.0227  per_block(train)=[0.0005 0.0015 0.0033 0.0054 0.0120]  (110.3s)
2026-08-20 02:09:04,530 | INFO | celeba_ood | Decoder training done in 2758.0s
2026-08-20 02:09:04,558 | INFO | celeba_ood | ======================================================================
2026-08-20 02:09:04,558 | INFO | celeba_ood | EVALUATION — per-attribute accuracy + OOD AUROC
2026-08-20 02:09:04,558 | INFO | celeba_ood | ======================================================================
2026-08-20 02:09:04,559 | INFO | celeba_ood | Collecting predictions on test_in...
2026-08-20 02:09:10,361 | INFO | celeba_ood |   test_in size = 18941, OOD score (attr entropy) mean = 0.2271
2026-08-20 02:09:10,361 | INFO | celeba_ood | Collecting predictions on test_ood (Eyeglasses)...
2026-08-20 02:09:14,206 | INFO | celeba_ood |   test_ood size = 13193, OOD score (attr entropy) mean = 0.3030
2026-08-20 02:09:14,232 | INFO | celeba_ood | Per-attribute accuracy (in-distribution test set):
2026-08-20 02:09:14,232 | INFO | celeba_ood |   Male/Female : 95.97%
2026-08-20 02:09:14,232 | INFO | celeba_ood |   Arched_Eyebrows       : 82.31%
2026-08-20 02:09:14,232 | INFO | celeba_ood |   Bushy_Eyebrows        : 91.50%
2026-08-20 02:09:14,232 | INFO | celeba_ood |   Narrow_Eyes           : 86.49%
2026-08-20 02:09:14,232 | INFO | celeba_ood |   Bags_Under_Eyes       : 77.86%
2026-08-20 02:09:14,232 | INFO | celeba_ood |   Smiling               : 92.29%
2026-08-20 02:09:14,232 | INFO | celeba_ood |   Young                 : 86.34%
2026-08-20 02:09:14,232 | INFO | celeba_ood | OOD AUROC (in-dist vs Eyeglasses):
2026-08-20 02:09:14,232 | INFO | celeba_ood |   score_entropy_gender     AUROC = 0.6019  (in_mean=0.039, ood_mean=0.063)
2026-08-20 02:09:14,232 | INFO | celeba_ood |   score_entropy_attrs      AUROC = 0.7424  (in_mean=0.227, ood_mean=0.303)
2026-08-20 02:10:20,523 | INFO | celeba_ood | Wrote per-block plots: per_block_breakdown.png, recons_only.png, activations.png, fusion_overlay.png
2026-08-20 02:10:20,524 | INFO | celeba_ood | Summary written to outputs/celeba_ood/ablation/cutpaste_20260819_192140_6866856/model_5/summary.json
2026-08-20 02:10:20,528 | INFO | celeba_ood | model 6/10 done in 3927.7s
2026-08-20 02:10:20,537 | INFO | celeba_ood | ######################################################################
2026-08-20 02:10:20,537 | INFO | celeba_ood | # MODEL 7/10   (seed=48, channels=[32, 64, 128, 256, 256], kernel=3)
2026-08-20 02:10:20,537 | INFO | celeba_ood | ######################################################################
2026-08-20 02:10:20,567 | INFO | celeba_ood | Model        : FacialCNN  (981,802 params)
2026-08-20 02:10:20,567 | INFO | celeba_ood | ======================================================================
2026-08-20 02:10:20,567 | INFO | celeba_ood | TRAINING — combined CE(gender) + BCE(attrs) loss
2026-08-20 02:10:20,567 | INFO | celeba_ood | ======================================================================
2026-08-20 02:10:20,568 | INFO | celeba_ood | CutPaste pretext on: {'prob': 0.5, 'area_range': (0.05, 0.15), 'aspect_range': (0.3, 3.3), 'scar_prob': 0.0, 'three_way': False}  loss_weight=0.5
2026-08-20 02:10:20,568 | INFO | celeba_ood | No validation set — running the full 20-epoch schedule with no early stopping; final-epoch weights are kept.
2026-08-20 02:11:15,396 | INFO | celeba_ood | epoch   1/20  train_loss=0.9921  train_gender_acc=92.6%  train_attr_acc=[76.6 88.0 88.0 80.2 83.0 83.1]%  train_cutpaste_acc=96.6%  (54.8s)
2026-08-20 02:12:10,141 | INFO | celeba_ood | epoch   2/20  train_loss=0.7105  train_gender_acc=96.7%  train_attr_acc=[80.1 91.0 89.0 83.1 91.0 86.0]%  train_cutpaste_acc=99.2%  (54.7s)
2026-08-20 02:13:04,330 | INFO | celeba_ood | epoch   3/20  train_loss=0.6493  train_gender_acc=97.3%  train_attr_acc=[81.8 91.2 89.5 83.8 91.9 87.2]%  train_cutpaste_acc=99.5%  (54.2s)
2026-08-20 02:13:58,561 | INFO | celeba_ood | epoch   4/20  train_loss=0.6177  train_gender_acc=97.6%  train_attr_acc=[82.7 91.3 89.8 84.1 92.3 87.9]%  train_cutpaste_acc=99.6%  (54.2s)
2026-08-20 02:14:53,346 | INFO | celeba_ood | epoch   5/20  train_loss=0.5959  train_gender_acc=97.9%  train_attr_acc=[83.2 91.8 89.9 84.5 92.4 88.4]%  train_cutpaste_acc=99.7%  (54.8s)
2026-08-20 02:15:47,498 | INFO | celeba_ood | epoch   6/20  train_loss=0.5808  train_gender_acc=98.1%  train_attr_acc=[83.8 91.8 89.9 84.6 92.7 88.8]%  train_cutpaste_acc=99.8%  (54.2s)
2026-08-20 02:16:41,897 | INFO | celeba_ood | epoch   7/20  train_loss=0.5641  train_gender_acc=98.4%  train_attr_acc=[84.1 92.0 90.2 84.7 93.0 89.0]%  train_cutpaste_acc=99.8%  (54.4s)
2026-08-20 02:17:36,785 | INFO | celeba_ood | epoch   8/20  train_loss=0.5565  train_gender_acc=98.4%  train_attr_acc=[84.3 91.9 90.4 85.0 92.9 89.2]%  train_cutpaste_acc=99.8%  (54.9s)
2026-08-20 02:18:31,423 | INFO | celeba_ood | epoch   9/20  train_loss=0.5407  train_gender_acc=98.6%  train_attr_acc=[84.5 92.1 90.4 85.3 93.3 89.6]%  train_cutpaste_acc=99.9%  (54.6s)
2026-08-20 02:19:25,727 | INFO | celeba_ood | epoch  10/20  train_loss=0.5334  train_gender_acc=98.7%  train_attr_acc=[84.8 92.2 90.5 85.4 93.3 89.7]%  train_cutpaste_acc=99.9%  (54.3s)
2026-08-20 02:20:20,710 | INFO | celeba_ood | epoch  11/20  train_loss=0.5268  train_gender_acc=98.7%  train_attr_acc=[84.8 92.3 90.5 85.4 93.4 89.9]%  train_cutpaste_acc=99.9%  (55.0s)
2026-08-20 02:21:15,614 | INFO | celeba_ood | epoch  12/20  train_loss=0.5160  train_gender_acc=99.0%  train_attr_acc=[85.1 92.5 90.4 85.6 93.7 89.8]%  train_cutpaste_acc=99.9%  (54.9s)
2026-08-20 02:22:10,380 | INFO | celeba_ood | epoch  13/20  train_loss=0.5081  train_gender_acc=98.9%  train_attr_acc=[85.3 92.4 90.7 85.6 93.7 90.3]%  train_cutpaste_acc=99.9%  (54.8s)
2026-08-20 02:23:05,182 | INFO | celeba_ood | epoch  14/20  train_loss=0.4976  train_gender_acc=99.1%  train_attr_acc=[85.6 92.6 90.8 85.8 93.9 90.5]%  train_cutpaste_acc=99.9%  (54.8s)
2026-08-20 02:24:00,136 | INFO | celeba_ood | epoch  15/20  train_loss=0.4883  train_gender_acc=99.2%  train_attr_acc=[85.9 92.8 90.9 86.1 93.9 90.6]%  train_cutpaste_acc=99.9%  (55.0s)
2026-08-20 02:24:55,086 | INFO | celeba_ood | epoch  16/20  train_loss=0.4807  train_gender_acc=99.2%  train_attr_acc=[86.2 92.8 90.9 86.2 94.2 90.7]%  train_cutpaste_acc=99.9%  (54.9s)
2026-08-20 02:25:49,690 | INFO | celeba_ood | epoch  17/20  train_loss=0.4715  train_gender_acc=99.3%  train_attr_acc=[86.2 93.0 90.9 86.6 94.3 91.2]%  train_cutpaste_acc=99.9%  (54.6s)
2026-08-20 02:26:44,065 | INFO | celeba_ood | epoch  18/20  train_loss=0.4636  train_gender_acc=99.3%  train_attr_acc=[86.6 93.1 91.0 86.6 94.5 91.3]%  train_cutpaste_acc=99.9%  (54.4s)
2026-08-20 02:27:38,676 | INFO | celeba_ood | epoch  19/20  train_loss=0.4542  train_gender_acc=99.4%  train_attr_acc=[86.7 93.1 91.2 86.9 94.5 91.5]%  train_cutpaste_acc=99.9%  (54.6s)
2026-08-20 02:28:33,735 | INFO | celeba_ood | epoch  20/20  train_loss=0.4471  train_gender_acc=99.5%  train_attr_acc=[87.0 93.3 91.2 86.9 94.6 91.6]%  train_cutpaste_acc=99.9%  (55.1s)
2026-08-20 02:28:33,735 | INFO | celeba_ood | Training done in 1093.2s
2026-08-20 02:28:33,932 | INFO | celeba_ood | ======================================================================
2026-08-20 02:28:33,932 | INFO | celeba_ood | PHASE 2 — training per-block reconstruction decoders
2026-08-20 02:28:33,932 | INFO | celeba_ood | ======================================================================
2026-08-20 02:28:33,932 | INFO | celeba_ood |   decoder L0: in=(C=32, H=64) → out=(3, 128, 128)  params=8,275
2026-08-20 02:28:33,933 | INFO | celeba_ood |   decoder L1: in=(C=64, H=32) → out=(3, 128, 128)  params=41,107
2026-08-20 02:28:33,933 | INFO | celeba_ood |   decoder L2: in=(C=128, H=16) → out=(3, 128, 128)  params=172,307
2026-08-20 02:28:33,933 | INFO | celeba_ood |   decoder L3: in=(C=256, H=8) → out=(3, 128, 128)  params=696,851
2026-08-20 02:28:33,933 | INFO | celeba_ood |   decoder L4: in=(C=256, H=8) → out=(3, 128, 128)  params=696,851
2026-08-20 02:30:24,436 | INFO | celeba_ood | [decoders] epoch   1/25  train=0.0484  per_block(train)=[0.0035 0.0043 0.0073 0.0106 0.0228]  (110.5s)
2026-08-20 02:32:14,812 | INFO | celeba_ood | [decoders] epoch   2/25  train=0.0290  per_block(train)=[0.0007 0.0018 0.0039 0.0067 0.0159]  (110.4s)
2026-08-20 02:34:05,152 | INFO | celeba_ood | [decoders] epoch   3/25  train=0.0271  per_block(train)=[0.0007 0.0017 0.0037 0.0063 0.0147]  (110.3s)
2026-08-20 02:35:55,461 | INFO | celeba_ood | [decoders] epoch   4/25  train=0.0261  per_block(train)=[0.0006 0.0016 0.0036 0.0061 0.0141]  (110.3s)
2026-08-20 02:37:45,734 | INFO | celeba_ood | [decoders] epoch   5/25  train=0.0256  per_block(train)=[0.0006 0.0016 0.0035 0.0060 0.0138]  (110.3s)
2026-08-20 02:39:36,008 | INFO | celeba_ood | [decoders] epoch   6/25  train=0.0249  per_block(train)=[0.0005 0.0016 0.0035 0.0059 0.0135]  (110.3s)
2026-08-20 02:41:26,290 | INFO | celeba_ood | [decoders] epoch   7/25  train=0.0246  per_block(train)=[0.0005 0.0016 0.0034 0.0058 0.0133]  (110.3s)
2026-08-20 02:43:16,559 | INFO | celeba_ood | [decoders] epoch   8/25  train=0.0243  per_block(train)=[0.0005 0.0016 0.0034 0.0057 0.0131]  (110.3s)
2026-08-20 02:45:06,811 | INFO | celeba_ood | [decoders] epoch   9/25  train=0.0241  per_block(train)=[0.0005 0.0015 0.0034 0.0057 0.0130]  (110.3s)
2026-08-20 02:46:57,198 | INFO | celeba_ood | [decoders] epoch  10/25  train=0.0239  per_block(train)=[0.0005 0.0015 0.0034 0.0056 0.0128]  (110.4s)
2026-08-20 02:48:47,584 | INFO | celeba_ood | [decoders] epoch  11/25  train=0.0238  per_block(train)=[0.0005 0.0015 0.0034 0.0056 0.0128]  (110.4s)
2026-08-20 02:50:37,917 | INFO | celeba_ood | [decoders] epoch  12/25  train=0.0236  per_block(train)=[0.0005 0.0015 0.0033 0.0056 0.0127]  (110.3s)
2026-08-20 02:52:28,252 | INFO | celeba_ood | [decoders] epoch  13/25  train=0.0235  per_block(train)=[0.0005 0.0015 0.0033 0.0055 0.0126]  (110.3s)
2026-08-20 02:54:18,514 | INFO | celeba_ood | [decoders] epoch  14/25  train=0.0234  per_block(train)=[0.0005 0.0015 0.0033 0.0055 0.0125]  (110.3s)
2026-08-20 02:56:08,754 | INFO | celeba_ood | [decoders] epoch  15/25  train=0.0232  per_block(train)=[0.0005 0.0015 0.0033 0.0055 0.0125]  (110.2s)
2026-08-20 02:57:59,041 | INFO | celeba_ood | [decoders] epoch  16/25  train=0.0232  per_block(train)=[0.0005 0.0015 0.0033 0.0055 0.0124]  (110.3s)
2026-08-20 02:59:49,309 | INFO | celeba_ood | [decoders] epoch  17/25  train=0.0231  per_block(train)=[0.0005 0.0015 0.0033 0.0054 0.0124]  (110.3s)
2026-08-20 03:01:39,598 | INFO | celeba_ood | [decoders] epoch  18/25  train=0.0230  per_block(train)=[0.0005 0.0015 0.0033 0.0054 0.0123]  (110.3s)
2026-08-20 03:03:29,874 | INFO | celeba_ood | [decoders] epoch  19/25  train=0.0229  per_block(train)=[0.0005 0.0015 0.0033 0.0054 0.0123]  (110.3s)
2026-08-20 03:05:20,102 | INFO | celeba_ood | [decoders] epoch  20/25  train=0.0229  per_block(train)=[0.0005 0.0015 0.0033 0.0054 0.0123]  (110.2s)
2026-08-20 03:07:10,374 | INFO | celeba_ood | [decoders] epoch  21/25  train=0.0228  per_block(train)=[0.0005 0.0015 0.0033 0.0054 0.0122]  (110.3s)
2026-08-20 03:09:00,624 | INFO | celeba_ood | [decoders] epoch  22/25  train=0.0227  per_block(train)=[0.0005 0.0015 0.0033 0.0054 0.0122]  (110.2s)
2026-08-20 03:10:50,867 | INFO | celeba_ood | [decoders] epoch  23/25  train=0.0227  per_block(train)=[0.0005 0.0015 0.0033 0.0054 0.0122]  (110.2s)
2026-08-20 03:12:41,125 | INFO | celeba_ood | [decoders] epoch  24/25  train=0.0226  per_block(train)=[0.0005 0.0015 0.0032 0.0054 0.0121]  (110.3s)
2026-08-20 03:14:31,406 | INFO | celeba_ood | [decoders] epoch  25/25  train=0.0226  per_block(train)=[0.0005 0.0014 0.0032 0.0053 0.0121]  (110.3s)
2026-08-20 03:14:31,406 | INFO | celeba_ood | Decoder training done in 2757.5s
2026-08-20 03:14:31,437 | INFO | celeba_ood | ======================================================================
2026-08-20 03:14:31,437 | INFO | celeba_ood | EVALUATION — per-attribute accuracy + OOD AUROC
2026-08-20 03:14:31,437 | INFO | celeba_ood | ======================================================================
2026-08-20 03:14:31,437 | INFO | celeba_ood | Collecting predictions on test_in...
2026-08-20 03:14:37,351 | INFO | celeba_ood |   test_in size = 18941, OOD score (attr entropy) mean = 0.2463
2026-08-20 03:14:37,351 | INFO | celeba_ood | Collecting predictions on test_ood (Eyeglasses)...
2026-08-20 03:14:41,327 | INFO | celeba_ood |   test_ood size = 13193, OOD score (attr entropy) mean = 0.2981
2026-08-20 03:14:41,352 | INFO | celeba_ood | Per-attribute accuracy (in-distribution test set):
2026-08-20 03:14:41,352 | INFO | celeba_ood |   Male/Female : 97.56%
2026-08-20 03:14:41,352 | INFO | celeba_ood |   Arched_Eyebrows       : 83.62%
2026-08-20 03:14:41,352 | INFO | celeba_ood |   Bushy_Eyebrows        : 88.71%
2026-08-20 03:14:41,352 | INFO | celeba_ood |   Narrow_Eyes           : 90.31%
2026-08-20 03:14:41,352 | INFO | celeba_ood |   Bags_Under_Eyes       : 76.52%
2026-08-20 03:14:41,352 | INFO | celeba_ood |   Smiling               : 85.49%
2026-08-20 03:14:41,352 | INFO | celeba_ood |   Young                 : 88.89%
2026-08-20 03:14:41,353 | INFO | celeba_ood | OOD AUROC (in-dist vs Eyeglasses):
2026-08-20 03:14:41,353 | INFO | celeba_ood |   score_entropy_gender     AUROC = 0.8171  (in_mean=0.028, ood_mean=0.115)
2026-08-20 03:14:41,353 | INFO | celeba_ood |   score_entropy_attrs      AUROC = 0.6622  (in_mean=0.246, ood_mean=0.298)
2026-08-20 03:15:47,565 | INFO | celeba_ood | Wrote per-block plots: per_block_breakdown.png, recons_only.png, activations.png, fusion_overlay.png
2026-08-20 03:15:47,567 | INFO | celeba_ood | Summary written to outputs/celeba_ood/ablation/cutpaste_20260819_192140_6866856/model_6/summary.json
2026-08-20 03:15:47,571 | INFO | celeba_ood | model 7/10 done in 3927.0s
2026-08-20 03:15:47,580 | INFO | celeba_ood | ######################################################################
2026-08-20 03:15:47,580 | INFO | celeba_ood | # MODEL 8/10   (seed=49, channels=[32, 64, 128, 256, 256], kernel=3)
2026-08-20 03:15:47,580 | INFO | celeba_ood | ######################################################################
2026-08-20 03:15:47,610 | INFO | celeba_ood | Model        : FacialCNN  (981,802 params)
2026-08-20 03:15:47,610 | INFO | celeba_ood | ======================================================================
2026-08-20 03:15:47,610 | INFO | celeba_ood | TRAINING — combined CE(gender) + BCE(attrs) loss
2026-08-20 03:15:47,610 | INFO | celeba_ood | ======================================================================
2026-08-20 03:15:47,610 | INFO | celeba_ood | CutPaste pretext on: {'prob': 0.5, 'area_range': (0.05, 0.15), 'aspect_range': (0.3, 3.3), 'scar_prob': 0.0, 'three_way': False}  loss_weight=0.5
2026-08-20 03:15:47,610 | INFO | celeba_ood | No validation set — running the full 20-epoch schedule with no early stopping; final-epoch weights are kept.
2026-08-20 03:16:42,180 | INFO | celeba_ood | epoch   1/20  train_loss=1.0040  train_gender_acc=92.3%  train_attr_acc=[76.4 88.0 87.6 80.6 82.1 82.8]%  train_cutpaste_acc=96.6%  (54.6s)
2026-08-20 03:17:36,796 | INFO | celeba_ood | epoch   2/20  train_loss=0.7107  train_gender_acc=96.6%  train_attr_acc=[80.6 90.7 89.1 83.0 91.0 86.0]%  train_cutpaste_acc=99.2%  (54.6s)
2026-08-20 03:18:31,562 | INFO | celeba_ood | epoch   3/20  train_loss=0.6488  train_gender_acc=97.3%  train_attr_acc=[82.1 91.2 89.5 83.7 91.8 87.2]%  train_cutpaste_acc=99.5%  (54.8s)
2026-08-20 03:19:26,180 | INFO | celeba_ood | epoch   4/20  train_loss=0.6185  train_gender_acc=97.6%  train_attr_acc=[83.0 91.5 89.8 84.1 92.2 88.0]%  train_cutpaste_acc=99.7%  (54.6s)
2026-08-20 03:20:20,978 | INFO | celeba_ood | epoch   5/20  train_loss=0.5952  train_gender_acc=97.9%  train_attr_acc=[83.3 91.6 90.1 84.5 92.4 88.3]%  train_cutpaste_acc=99.7%  (54.8s)
2026-08-20 03:21:15,469 | INFO | celeba_ood | epoch   6/20  train_loss=0.5781  train_gender_acc=98.2%  train_attr_acc=[83.8 91.8 90.0 84.6 92.6 88.7]%  train_cutpaste_acc=99.8%  (54.5s)
2026-08-20 03:22:10,354 | INFO | celeba_ood | epoch   7/20  train_loss=0.5647  train_gender_acc=98.4%  train_attr_acc=[84.1 91.9 90.2 84.8 92.8 89.0]%  train_cutpaste_acc=99.8%  (54.9s)
2026-08-20 03:23:05,287 | INFO | celeba_ood | epoch   8/20  train_loss=0.5523  train_gender_acc=98.5%  train_attr_acc=[84.3 92.1 90.4 85.1 93.1 89.2]%  train_cutpaste_acc=99.8%  (54.9s)
2026-08-20 03:23:59,707 | INFO | celeba_ood | epoch   9/20  train_loss=0.5458  train_gender_acc=98.6%  train_attr_acc=[84.4 92.1 90.4 85.0 93.1 89.5]%  train_cutpaste_acc=99.9%  (54.4s)
2026-08-20 03:24:54,439 | INFO | celeba_ood | epoch  10/20  train_loss=0.5345  train_gender_acc=98.7%  train_attr_acc=[84.7 92.2 90.4 85.2 93.3 89.5]%  train_cutpaste_acc=99.9%  (54.7s)
2026-08-20 03:25:48,948 | INFO | celeba_ood | epoch  11/20  train_loss=0.5226  train_gender_acc=98.9%  train_attr_acc=[85.0 92.4 90.6 85.5 93.4 89.8]%  train_cutpaste_acc=99.9%  (54.5s)
2026-08-20 03:26:43,405 | INFO | celeba_ood | epoch  12/20  train_loss=0.5135  train_gender_acc=98.9%  train_attr_acc=[85.2 92.4 90.4 85.7 93.6 90.1]%  train_cutpaste_acc=99.9%  (54.5s)
2026-08-20 03:27:38,202 | INFO | celeba_ood | epoch  13/20  train_loss=0.5054  train_gender_acc=99.0%  train_attr_acc=[85.3 92.6 90.5 85.9 93.7 90.3]%  train_cutpaste_acc=99.9%  (54.8s)
2026-08-20 03:28:32,540 | INFO | celeba_ood | epoch  14/20  train_loss=0.4976  train_gender_acc=99.1%  train_attr_acc=[85.5 92.6 90.6 86.2 93.8 90.4]%  train_cutpaste_acc=99.9%  (54.3s)
2026-08-20 03:29:27,353 | INFO | celeba_ood | epoch  15/20  train_loss=0.4873  train_gender_acc=99.2%  train_attr_acc=[85.8 92.9 90.8 86.1 94.0 90.7]%  train_cutpaste_acc=99.9%  (54.8s)
2026-08-20 03:30:22,371 | INFO | celeba_ood | epoch  16/20  train_loss=0.4792  train_gender_acc=99.3%  train_attr_acc=[85.9 92.9 90.9 86.4 94.0 90.8]%  train_cutpaste_acc=99.9%  (55.0s)
2026-08-20 03:31:17,104 | INFO | celeba_ood | epoch  17/20  train_loss=0.4707  train_gender_acc=99.3%  train_attr_acc=[86.2 93.0 90.8 86.6 94.3 91.2]%  train_cutpaste_acc=99.9%  (54.7s)
2026-08-20 03:32:11,720 | INFO | celeba_ood | epoch  18/20  train_loss=0.4637  train_gender_acc=99.4%  train_attr_acc=[86.5 93.1 91.1 86.5 94.3 91.1]%  train_cutpaste_acc=99.9%  (54.6s)
2026-08-20 03:33:06,598 | INFO | celeba_ood | epoch  19/20  train_loss=0.4555  train_gender_acc=99.4%  train_attr_acc=[86.6 93.2 91.1 86.9 94.4 91.5]%  train_cutpaste_acc=99.9%  (54.9s)
2026-08-20 03:34:01,097 | INFO | celeba_ood | epoch  20/20  train_loss=0.4445  train_gender_acc=99.5%  train_attr_acc=[86.9 93.4 91.3 86.9 94.7 91.7]%  train_cutpaste_acc=99.9%  (54.5s)
2026-08-20 03:34:01,097 | INFO | celeba_ood | Training done in 1093.5s
2026-08-20 03:34:01,296 | INFO | celeba_ood | ======================================================================
2026-08-20 03:34:01,296 | INFO | celeba_ood | PHASE 2 — training per-block reconstruction decoders
2026-08-20 03:34:01,296 | INFO | celeba_ood | ======================================================================
2026-08-20 03:34:01,296 | INFO | celeba_ood |   decoder L0: in=(C=32, H=64) → out=(3, 128, 128)  params=8,275
2026-08-20 03:34:01,296 | INFO | celeba_ood |   decoder L1: in=(C=64, H=32) → out=(3, 128, 128)  params=41,107
2026-08-20 03:34:01,296 | INFO | celeba_ood |   decoder L2: in=(C=128, H=16) → out=(3, 128, 128)  params=172,307
2026-08-20 03:34:01,296 | INFO | celeba_ood |   decoder L3: in=(C=256, H=8) → out=(3, 128, 128)  params=696,851
2026-08-20 03:34:01,296 | INFO | celeba_ood |   decoder L4: in=(C=256, H=8) → out=(3, 128, 128)  params=696,851
2026-08-20 03:35:51,780 | INFO | celeba_ood | [decoders] epoch   1/25  train=0.0504  per_block(train)=[0.0034 0.0046 0.0085 0.0102 0.0237]  (110.5s)
2026-08-20 03:37:42,110 | INFO | celeba_ood | [decoders] epoch   2/25  train=0.0295  per_block(train)=[0.0007 0.0019 0.0039 0.0067 0.0162]  (110.3s)
2026-08-20 03:39:32,407 | INFO | celeba_ood | [decoders] epoch   3/25  train=0.0275  per_block(train)=[0.0007 0.0018 0.0037 0.0063 0.0150]  (110.3s)
2026-08-20 03:41:22,809 | INFO | celeba_ood | [decoders] epoch   4/25  train=0.0265  per_block(train)=[0.0006 0.0018 0.0036 0.0061 0.0145]  (110.4s)
2026-08-20 03:43:13,066 | INFO | celeba_ood | [decoders] epoch   5/25  train=0.0258  per_block(train)=[0.0006 0.0017 0.0035 0.0060 0.0141]  (110.3s)
2026-08-20 03:45:03,318 | INFO | celeba_ood | [decoders] epoch   6/25  train=0.0253  per_block(train)=[0.0005 0.0017 0.0034 0.0059 0.0138]  (110.3s)
2026-08-20 03:46:53,585 | INFO | celeba_ood | [decoders] epoch   7/25  train=0.0250  per_block(train)=[0.0005 0.0017 0.0034 0.0058 0.0136]  (110.3s)
2026-08-20 03:48:43,846 | INFO | celeba_ood | [decoders] epoch   8/25  train=0.0247  per_block(train)=[0.0005 0.0016 0.0034 0.0057 0.0135]  (110.3s)
2026-08-20 03:50:34,084 | INFO | celeba_ood | [decoders] epoch   9/25  train=0.0245  per_block(train)=[0.0005 0.0016 0.0034 0.0057 0.0133]  (110.2s)
2026-08-20 03:52:24,318 | INFO | celeba_ood | [decoders] epoch  10/25  train=0.0243  per_block(train)=[0.0005 0.0016 0.0033 0.0056 0.0132]  (110.2s)
2026-08-20 03:54:14,569 | INFO | celeba_ood | [decoders] epoch  11/25  train=0.0241  per_block(train)=[0.0005 0.0016 0.0033 0.0056 0.0131]  (110.3s)
2026-08-20 03:56:04,810 | INFO | celeba_ood | [decoders] epoch  12/25  train=0.0240  per_block(train)=[0.0005 0.0016 0.0033 0.0056 0.0130]  (110.2s)
2026-08-20 03:57:55,070 | INFO | celeba_ood | [decoders] epoch  13/25  train=0.0238  per_block(train)=[0.0005 0.0016 0.0033 0.0055 0.0129]  (110.3s)
2026-08-20 03:59:45,336 | INFO | celeba_ood | [decoders] epoch  14/25  train=0.0237  per_block(train)=[0.0005 0.0016 0.0033 0.0055 0.0129]  (110.3s)
2026-08-20 04:01:35,623 | INFO | celeba_ood | [decoders] epoch  15/25  train=0.0236  per_block(train)=[0.0005 0.0016 0.0033 0.0055 0.0128]  (110.3s)
2026-08-20 04:03:25,899 | INFO | celeba_ood | [decoders] epoch  16/25  train=0.0235  per_block(train)=[0.0005 0.0016 0.0033 0.0055 0.0128]  (110.3s)
2026-08-20 04:05:16,159 | INFO | celeba_ood | [decoders] epoch  17/25  train=0.0234  per_block(train)=[0.0005 0.0016 0.0032 0.0054 0.0127]  (110.3s)
2026-08-20 04:07:06,422 | INFO | celeba_ood | [decoders] epoch  18/25  train=0.0233  per_block(train)=[0.0005 0.0016 0.0032 0.0054 0.0127]  (110.3s)
2026-08-20 04:08:56,653 | INFO | celeba_ood | [decoders] epoch  19/25  train=0.0233  per_block(train)=[0.0005 0.0016 0.0032 0.0054 0.0126]  (110.2s)
2026-08-20 04:10:46,916 | INFO | celeba_ood | [decoders] epoch  20/25  train=0.0232  per_block(train)=[0.0005 0.0015 0.0032 0.0054 0.0126]  (110.3s)
2026-08-20 04:12:37,206 | INFO | celeba_ood | [decoders] epoch  21/25  train=0.0231  per_block(train)=[0.0005 0.0015 0.0032 0.0054 0.0125]  (110.3s)
2026-08-20 04:14:27,526 | INFO | celeba_ood | [decoders] epoch  22/25  train=0.0231  per_block(train)=[0.0004 0.0015 0.0032 0.0054 0.0125]  (110.3s)
2026-08-20 04:16:17,770 | INFO | celeba_ood | [decoders] epoch  23/25  train=0.0230  per_block(train)=[0.0005 0.0015 0.0032 0.0054 0.0125]  (110.2s)
2026-08-20 04:18:08,003 | INFO | celeba_ood | [decoders] epoch  24/25  train=0.0230  per_block(train)=[0.0004 0.0015 0.0032 0.0054 0.0125]  (110.2s)
2026-08-20 04:19:58,274 | INFO | celeba_ood | [decoders] epoch  25/25  train=0.0229  per_block(train)=[0.0004 0.0015 0.0032 0.0053 0.0124]  (110.3s)
2026-08-20 04:19:58,275 | INFO | celeba_ood | Decoder training done in 2757.0s
2026-08-20 04:19:58,305 | INFO | celeba_ood | ======================================================================
2026-08-20 04:19:58,305 | INFO | celeba_ood | EVALUATION — per-attribute accuracy + OOD AUROC
2026-08-20 04:19:58,305 | INFO | celeba_ood | ======================================================================
2026-08-20 04:19:58,305 | INFO | celeba_ood | Collecting predictions on test_in...
2026-08-20 04:20:04,219 | INFO | celeba_ood |   test_in size = 18941, OOD score (attr entropy) mean = 0.2308
2026-08-20 04:20:04,219 | INFO | celeba_ood | Collecting predictions on test_ood (Eyeglasses)...
2026-08-20 04:20:08,112 | INFO | celeba_ood |   test_ood size = 13193, OOD score (attr entropy) mean = 0.2544
2026-08-20 04:20:08,138 | INFO | celeba_ood | Per-attribute accuracy (in-distribution test set):
2026-08-20 04:20:08,138 | INFO | celeba_ood |   Male/Female : 98.08%
2026-08-20 04:20:08,138 | INFO | celeba_ood |   Arched_Eyebrows       : 83.61%
2026-08-20 04:20:08,138 | INFO | celeba_ood |   Bushy_Eyebrows        : 90.06%
2026-08-20 04:20:08,138 | INFO | celeba_ood |   Narrow_Eyes           : 90.32%
2026-08-20 04:20:08,138 | INFO | celeba_ood |   Bags_Under_Eyes       : 83.33%
2026-08-20 04:20:08,138 | INFO | celeba_ood |   Smiling               : 88.67%
2026-08-20 04:20:08,138 | INFO | celeba_ood |   Young                 : 85.26%
2026-08-20 04:20:08,138 | INFO | celeba_ood | OOD AUROC (in-dist vs Eyeglasses):
2026-08-20 04:20:08,138 | INFO | celeba_ood |   score_entropy_gender     AUROC = 0.7273  (in_mean=0.025, ood_mean=0.074)
2026-08-20 04:20:08,138 | INFO | celeba_ood |   score_entropy_attrs      AUROC = 0.5813  (in_mean=0.231, ood_mean=0.254)
2026-08-20 04:21:14,412 | INFO | celeba_ood | Wrote per-block plots: per_block_breakdown.png, recons_only.png, activations.png, fusion_overlay.png
2026-08-20 04:21:14,414 | INFO | celeba_ood | Summary written to outputs/celeba_ood/ablation/cutpaste_20260819_192140_6866856/model_7/summary.json
2026-08-20 04:21:14,417 | INFO | celeba_ood | model 8/10 done in 3926.8s
2026-08-20 04:21:14,425 | INFO | celeba_ood | ######################################################################
2026-08-20 04:21:14,426 | INFO | celeba_ood | # MODEL 9/10   (seed=50, channels=[32, 64, 128, 256, 256], kernel=3)
2026-08-20 04:21:14,426 | INFO | celeba_ood | ######################################################################
2026-08-20 04:21:14,455 | INFO | celeba_ood | Model        : FacialCNN  (981,802 params)
2026-08-20 04:21:14,455 | INFO | celeba_ood | ======================================================================
2026-08-20 04:21:14,455 | INFO | celeba_ood | TRAINING — combined CE(gender) + BCE(attrs) loss
2026-08-20 04:21:14,455 | INFO | celeba_ood | ======================================================================
2026-08-20 04:21:14,455 | INFO | celeba_ood | CutPaste pretext on: {'prob': 0.5, 'area_range': (0.05, 0.15), 'aspect_range': (0.3, 3.3), 'scar_prob': 0.0, 'three_way': False}  loss_weight=0.5
2026-08-20 04:21:14,455 | INFO | celeba_ood | No validation set — running the full 20-epoch schedule with no early stopping; final-epoch weights are kept.
2026-08-20 04:22:09,108 | INFO | celeba_ood | epoch   1/20  train_loss=0.9829  train_gender_acc=92.9%  train_attr_acc=[76.8 88.2 87.4 81.3 83.3 83.0]%  train_cutpaste_acc=96.3%  (54.7s)
2026-08-20 04:23:04,143 | INFO | celeba_ood | epoch   2/20  train_loss=0.7164  train_gender_acc=96.6%  train_attr_acc=[80.3 90.6 88.9 83.2 91.0 86.1]%  train_cutpaste_acc=99.1%  (55.0s)
2026-08-20 04:23:58,753 | INFO | celeba_ood | epoch   3/20  train_loss=0.6537  train_gender_acc=97.2%  train_attr_acc=[81.9 91.1 89.5 83.6 91.8 87.4]%  train_cutpaste_acc=99.5%  (54.6s)
2026-08-20 04:24:53,370 | INFO | celeba_ood | epoch   4/20  train_loss=0.6227  train_gender_acc=97.6%  train_attr_acc=[82.8 91.5 89.6 84.2 92.2 87.9]%  train_cutpaste_acc=99.6%  (54.6s)
2026-08-20 04:25:47,696 | INFO | celeba_ood | epoch   5/20  train_loss=0.5988  train_gender_acc=97.9%  train_attr_acc=[83.3 91.6 90.0 84.5 92.4 88.3]%  train_cutpaste_acc=99.7%  (54.3s)
2026-08-20 04:26:42,044 | INFO | celeba_ood | epoch   6/20  train_loss=0.5780  train_gender_acc=98.2%  train_attr_acc=[83.6 91.7 90.1 84.7 92.8 88.7]%  train_cutpaste_acc=99.7%  (54.3s)
2026-08-20 04:27:36,447 | INFO | celeba_ood | epoch   7/20  train_loss=0.5708  train_gender_acc=98.3%  train_attr_acc=[83.8 91.7 90.1 84.8 92.9 89.0]%  train_cutpaste_acc=99.8%  (54.4s)
2026-08-20 04:28:30,627 | INFO | celeba_ood | epoch   8/20  train_loss=0.5547  train_gender_acc=98.5%  train_attr_acc=[84.3 92.1 90.2 85.0 93.0 89.2]%  train_cutpaste_acc=99.8%  (54.2s)
2026-08-20 04:29:24,889 | INFO | celeba_ood | epoch   9/20  train_loss=0.5457  train_gender_acc=98.6%  train_attr_acc=[84.6 92.0 90.4 85.0 93.1 89.4]%  train_cutpaste_acc=99.8%  (54.3s)
2026-08-20 04:30:18,326 | INFO | celeba_ood | epoch  10/20  train_loss=0.5329  train_gender_acc=98.7%  train_attr_acc=[84.7 92.1 90.5 85.5 93.4 89.8]%  train_cutpaste_acc=99.8%  (53.4s)
2026-08-20 04:31:11,473 | INFO | celeba_ood | epoch  11/20  train_loss=0.5247  train_gender_acc=98.9%  train_attr_acc=[84.8 92.4 90.4 85.4 93.5 89.9]%  train_cutpaste_acc=99.9%  (53.1s)
2026-08-20 04:32:04,991 | INFO | celeba_ood | epoch  12/20  train_loss=0.5143  train_gender_acc=99.0%  train_attr_acc=[84.9 92.4 90.7 85.6 93.6 90.1]%  train_cutpaste_acc=99.9%  (53.5s)
2026-08-20 04:32:58,340 | INFO | celeba_ood | epoch  13/20  train_loss=0.5055  train_gender_acc=99.0%  train_attr_acc=[85.3 92.6 90.6 85.8 93.8 90.2]%  train_cutpaste_acc=99.9%  (53.3s)
2026-08-20 04:33:51,674 | INFO | celeba_ood | epoch  14/20  train_loss=0.4987  train_gender_acc=99.1%  train_attr_acc=[85.5 92.6 90.5 86.0 93.9 90.5]%  train_cutpaste_acc=99.9%  (53.3s)
2026-08-20 04:34:45,155 | INFO | celeba_ood | epoch  15/20  train_loss=0.4870  train_gender_acc=99.2%  train_attr_acc=[85.7 92.7 90.9 86.3 93.9 90.7]%  train_cutpaste_acc=99.9%  (53.5s)
2026-08-20 04:35:38,461 | INFO | celeba_ood | epoch  16/20  train_loss=0.4797  train_gender_acc=99.3%  train_attr_acc=[85.9 92.7 90.8 86.4 94.1 90.9]%  train_cutpaste_acc=99.9%  (53.3s)
2026-08-20 04:36:32,078 | INFO | celeba_ood | epoch  17/20  train_loss=0.4704  train_gender_acc=99.3%  train_attr_acc=[86.3 93.1 90.9 86.5 94.2 91.1]%  train_cutpaste_acc=99.9%  (53.6s)
2026-08-20 04:37:25,391 | INFO | celeba_ood | epoch  18/20  train_loss=0.4632  train_gender_acc=99.4%  train_attr_acc=[86.2 93.0 91.0 86.6 94.4 91.3]%  train_cutpaste_acc=99.9%  (53.3s)
2026-08-20 04:38:18,490 | INFO | celeba_ood | epoch  19/20  train_loss=0.4532  train_gender_acc=99.5%  train_attr_acc=[86.4 93.3 91.1 86.9 94.6 91.6]%  train_cutpaste_acc=99.9%  (53.1s)
2026-08-20 04:39:11,929 | INFO | celeba_ood | epoch  20/20  train_loss=0.4454  train_gender_acc=99.5%  train_attr_acc=[86.6 93.3 91.2 87.4 94.7 91.8]%  train_cutpaste_acc=99.9%  (53.4s)
2026-08-20 04:39:11,929 | INFO | celeba_ood | Training done in 1077.5s
2026-08-20 04:39:12,126 | INFO | celeba_ood | ======================================================================
2026-08-20 04:39:12,126 | INFO | celeba_ood | PHASE 2 — training per-block reconstruction decoders
2026-08-20 04:39:12,126 | INFO | celeba_ood | ======================================================================
2026-08-20 04:39:12,126 | INFO | celeba_ood |   decoder L0: in=(C=32, H=64) → out=(3, 128, 128)  params=8,275
2026-08-20 04:39:12,126 | INFO | celeba_ood |   decoder L1: in=(C=64, H=32) → out=(3, 128, 128)  params=41,107
2026-08-20 04:39:12,126 | INFO | celeba_ood |   decoder L2: in=(C=128, H=16) → out=(3, 128, 128)  params=172,307
2026-08-20 04:39:12,126 | INFO | celeba_ood |   decoder L3: in=(C=256, H=8) → out=(3, 128, 128)  params=696,851
2026-08-20 04:39:12,126 | INFO | celeba_ood |   decoder L4: in=(C=256, H=8) → out=(3, 128, 128)  params=696,851
2026-08-20 04:41:02,649 | INFO | celeba_ood | [decoders] epoch   1/25  train=0.0475  per_block(train)=[0.0030 0.0045 0.0076 0.0106 0.0217]  (110.5s)
2026-08-20 04:42:53,134 | INFO | celeba_ood | [decoders] epoch   2/25  train=0.0291  per_block(train)=[0.0008 0.0021 0.0041 0.0068 0.0153]  (110.5s)
2026-08-20 04:44:43,452 | INFO | celeba_ood | [decoders] epoch   3/25  train=0.0272  per_block(train)=[0.0007 0.0020 0.0039 0.0064 0.0143]  (110.3s)
2026-08-20 04:46:33,755 | INFO | celeba_ood | [decoders] epoch   4/25  train=0.0264  per_block(train)=[0.0007 0.0019 0.0038 0.0062 0.0138]  (110.3s)
2026-08-20 04:48:24,063 | INFO | celeba_ood | [decoders] epoch   5/25  train=0.0256  per_block(train)=[0.0006 0.0019 0.0037 0.0060 0.0134]  (110.3s)
2026-08-20 04:50:14,330 | INFO | celeba_ood | [decoders] epoch   6/25  train=0.0252  per_block(train)=[0.0006 0.0019 0.0037 0.0059 0.0131]  (110.3s)
2026-08-20 04:52:04,631 | INFO | celeba_ood | [decoders] epoch   7/25  train=0.0248  per_block(train)=[0.0006 0.0018 0.0036 0.0059 0.0129]  (110.3s)
2026-08-20 04:53:54,930 | INFO | celeba_ood | [decoders] epoch   8/25  train=0.0246  per_block(train)=[0.0006 0.0018 0.0036 0.0058 0.0128]  (110.3s)
2026-08-20 04:55:45,225 | INFO | celeba_ood | [decoders] epoch   9/25  train=0.0243  per_block(train)=[0.0006 0.0018 0.0036 0.0057 0.0126]  (110.3s)
2026-08-20 04:57:35,510 | INFO | celeba_ood | [decoders] epoch  10/25  train=0.0241  per_block(train)=[0.0006 0.0018 0.0036 0.0057 0.0125]  (110.3s)
2026-08-20 04:59:25,748 | INFO | celeba_ood | [decoders] epoch  11/25  train=0.0239  per_block(train)=[0.0006 0.0018 0.0035 0.0057 0.0124]  (110.2s)
2026-08-20 05:01:16,029 | INFO | celeba_ood | [decoders] epoch  12/25  train=0.0238  per_block(train)=[0.0006 0.0018 0.0035 0.0056 0.0123]  (110.3s)
2026-08-20 05:03:06,320 | INFO | celeba_ood | [decoders] epoch  13/25  train=0.0237  per_block(train)=[0.0005 0.0018 0.0035 0.0056 0.0123]  (110.3s)
2026-08-20 05:04:56,601 | INFO | celeba_ood | [decoders] epoch  14/25  train=0.0236  per_block(train)=[0.0005 0.0018 0.0035 0.0056 0.0122]  (110.3s)
2026-08-20 05:06:46,906 | INFO | celeba_ood | [decoders] epoch  15/25  train=0.0235  per_block(train)=[0.0005 0.0017 0.0035 0.0055 0.0121]  (110.3s)
2026-08-20 05:08:37,271 | INFO | celeba_ood | [decoders] epoch  16/25  train=0.0233  per_block(train)=[0.0005 0.0017 0.0035 0.0055 0.0121]  (110.4s)
2026-08-20 05:10:27,505 | INFO | celeba_ood | [decoders] epoch  17/25  train=0.0233  per_block(train)=[0.0005 0.0017 0.0035 0.0055 0.0120]  (110.2s)
2026-08-20 05:12:17,774 | INFO | celeba_ood | [decoders] epoch  18/25  train=0.0232  per_block(train)=[0.0005 0.0017 0.0034 0.0055 0.0120]  (110.3s)
2026-08-20 05:14:08,082 | INFO | celeba_ood | [decoders] epoch  19/25  train=0.0231  per_block(train)=[0.0005 0.0017 0.0034 0.0055 0.0120]  (110.3s)
2026-08-20 05:15:58,427 | INFO | celeba_ood | [decoders] epoch  20/25  train=0.0230  per_block(train)=[0.0005 0.0017 0.0034 0.0055 0.0119]  (110.3s)
2026-08-20 05:17:48,757 | INFO | celeba_ood | [decoders] epoch  21/25  train=0.0230  per_block(train)=[0.0005 0.0017 0.0034 0.0054 0.0119]  (110.3s)
2026-08-20 05:19:39,105 | INFO | celeba_ood | [decoders] epoch  22/25  train=0.0229  per_block(train)=[0.0005 0.0017 0.0034 0.0054 0.0118]  (110.3s)
2026-08-20 05:21:29,406 | INFO | celeba_ood | [decoders] epoch  23/25  train=0.0229  per_block(train)=[0.0005 0.0017 0.0034 0.0054 0.0118]  (110.3s)
2026-08-20 05:23:19,647 | INFO | celeba_ood | [decoders] epoch  24/25  train=0.0228  per_block(train)=[0.0005 0.0017 0.0034 0.0054 0.0118]  (110.2s)
2026-08-20 05:25:09,879 | INFO | celeba_ood | [decoders] epoch  25/25  train=0.0228  per_block(train)=[0.0005 0.0017 0.0034 0.0054 0.0118]  (110.2s)
2026-08-20 05:25:09,879 | INFO | celeba_ood | Decoder training done in 2757.8s
2026-08-20 05:25:09,910 | INFO | celeba_ood | ======================================================================
2026-08-20 05:25:09,910 | INFO | celeba_ood | EVALUATION — per-attribute accuracy + OOD AUROC
2026-08-20 05:25:09,910 | INFO | celeba_ood | ======================================================================
2026-08-20 05:25:09,910 | INFO | celeba_ood | Collecting predictions on test_in...
2026-08-20 05:25:15,753 | INFO | celeba_ood |   test_in size = 18941, OOD score (attr entropy) mean = 0.2160
2026-08-20 05:25:15,753 | INFO | celeba_ood | Collecting predictions on test_ood (Eyeglasses)...
2026-08-20 05:25:19,563 | INFO | celeba_ood |   test_ood size = 13193, OOD score (attr entropy) mean = 0.2511
2026-08-20 05:25:19,589 | INFO | celeba_ood | Per-attribute accuracy (in-distribution test set):
2026-08-20 05:25:19,589 | INFO | celeba_ood |   Male/Female : 98.12%
2026-08-20 05:25:19,589 | INFO | celeba_ood |   Arched_Eyebrows       : 80.67%
2026-08-20 05:25:19,589 | INFO | celeba_ood |   Bushy_Eyebrows        : 91.47%
2026-08-20 05:25:19,589 | INFO | celeba_ood |   Narrow_Eyes           : 90.11%
2026-08-20 05:25:19,589 | INFO | celeba_ood |   Bags_Under_Eyes       : 84.22%
2026-08-20 05:25:19,589 | INFO | celeba_ood |   Smiling               : 91.30%
2026-08-20 05:25:19,589 | INFO | celeba_ood |   Young                 : 78.11%
2026-08-20 05:25:19,589 | INFO | celeba_ood | OOD AUROC (in-dist vs Eyeglasses):
2026-08-20 05:25:19,589 | INFO | celeba_ood |   score_entropy_gender     AUROC = 0.7759  (in_mean=0.024, ood_mean=0.084)
2026-08-20 05:25:19,589 | INFO | celeba_ood |   score_entropy_attrs      AUROC = 0.6169  (in_mean=0.216, ood_mean=0.251)
2026-08-20 05:26:25,823 | INFO | celeba_ood | Wrote per-block plots: per_block_breakdown.png, recons_only.png, activations.png, fusion_overlay.png
2026-08-20 05:26:25,824 | INFO | celeba_ood | Summary written to outputs/celeba_ood/ablation/cutpaste_20260819_192140_6866856/model_8/summary.json
2026-08-20 05:26:25,828 | INFO | celeba_ood | model 9/10 done in 3911.4s
2026-08-20 05:26:25,837 | INFO | celeba_ood | ######################################################################
2026-08-20 05:26:25,837 | INFO | celeba_ood | # MODEL 10/10   (seed=51, channels=[32, 64, 128, 256, 256], kernel=3)
2026-08-20 05:26:25,837 | INFO | celeba_ood | ######################################################################
2026-08-20 05:26:25,866 | INFO | celeba_ood | Model        : FacialCNN  (981,802 params)
2026-08-20 05:26:25,867 | INFO | celeba_ood | ======================================================================
2026-08-20 05:26:25,867 | INFO | celeba_ood | TRAINING — combined CE(gender) + BCE(attrs) loss
2026-08-20 05:26:25,867 | INFO | celeba_ood | ======================================================================
2026-08-20 05:26:25,867 | INFO | celeba_ood | CutPaste pretext on: {'prob': 0.5, 'area_range': (0.05, 0.15), 'aspect_range': (0.3, 3.3), 'scar_prob': 0.0, 'three_way': False}  loss_weight=0.5
2026-08-20 05:26:25,867 | INFO | celeba_ood | No validation set — running the full 20-epoch schedule with no early stopping; final-epoch weights are kept.
2026-08-20 05:27:19,283 | INFO | celeba_ood | epoch   1/20  train_loss=0.9811  train_gender_acc=92.7%  train_attr_acc=[76.8 88.1 88.2 80.4 82.4 83.3]%  train_cutpaste_acc=96.7%  (53.4s)
2026-08-20 05:28:12,533 | INFO | celeba_ood | epoch   2/20  train_loss=0.7036  train_gender_acc=96.5%  train_attr_acc=[80.9 90.8 89.3 83.1 90.9 86.3]%  train_cutpaste_acc=99.3%  (53.2s)
2026-08-20 05:29:05,606 | INFO | celeba_ood | epoch   3/20  train_loss=0.6486  train_gender_acc=97.2%  train_attr_acc=[82.2 91.2 89.6 83.7 91.7 87.4]%  train_cutpaste_acc=99.5%  (53.1s)
2026-08-20 05:29:58,905 | INFO | celeba_ood | epoch   4/20  train_loss=0.6172  train_gender_acc=97.6%  train_attr_acc=[83.1 91.5 89.8 84.1 92.2 88.0]%  train_cutpaste_acc=99.7%  (53.3s)
2026-08-20 05:30:52,190 | INFO | celeba_ood | epoch   5/20  train_loss=0.5973  train_gender_acc=97.9%  train_attr_acc=[83.4 91.7 89.9 84.3 92.5 88.5]%  train_cutpaste_acc=99.7%  (53.3s)
2026-08-20 05:31:45,435 | INFO | celeba_ood | epoch   6/20  train_loss=0.5805  train_gender_acc=98.1%  train_attr_acc=[83.6 91.7 90.4 84.6 92.8 88.6]%  train_cutpaste_acc=99.8%  (53.2s)
2026-08-20 05:32:38,757 | INFO | celeba_ood | epoch   7/20  train_loss=0.5669  train_gender_acc=98.2%  train_attr_acc=[84.1 91.8 90.1 84.7 92.9 89.1]%  train_cutpaste_acc=99.8%  (53.3s)
2026-08-20 05:33:32,228 | INFO | celeba_ood | epoch   8/20  train_loss=0.5544  train_gender_acc=98.4%  train_attr_acc=[84.2 92.1 90.3 84.9 93.0 89.3]%  train_cutpaste_acc=99.8%  (53.5s)
2026-08-20 05:34:25,652 | INFO | celeba_ood | epoch   9/20  train_loss=0.5442  train_gender_acc=98.6%  train_attr_acc=[84.3 92.1 90.4 85.2 93.2 89.3]%  train_cutpaste_acc=99.8%  (53.4s)
2026-08-20 05:35:19,288 | INFO | celeba_ood | epoch  10/20  train_loss=0.5350  train_gender_acc=98.7%  train_attr_acc=[84.7 92.3 90.3 85.3 93.3 89.7]%  train_cutpaste_acc=99.9%  (53.6s)
2026-08-20 05:36:12,650 | INFO | celeba_ood | epoch  11/20  train_loss=0.5234  train_gender_acc=98.9%  train_attr_acc=[84.8 92.4 90.5 85.5 93.5 90.0]%  train_cutpaste_acc=99.8%  (53.4s)
2026-08-20 05:37:06,181 | INFO | celeba_ood | epoch  12/20  train_loss=0.5151  train_gender_acc=98.9%  train_attr_acc=[84.9 92.4 90.7 85.5 93.7 90.3]%  train_cutpaste_acc=99.9%  (53.5s)
2026-08-20 05:37:59,609 | INFO | celeba_ood | epoch  13/20  train_loss=0.5061  train_gender_acc=99.1%  train_attr_acc=[85.5 92.6 90.6 85.7 93.7 90.2]%  train_cutpaste_acc=99.9%  (53.4s)
2026-08-20 05:38:53,086 | INFO | celeba_ood | epoch  14/20  train_loss=0.4959  train_gender_acc=99.2%  train_attr_acc=[85.6 92.7 90.7 85.9 93.9 90.4]%  train_cutpaste_acc=99.9%  (53.5s)
2026-08-20 05:39:46,382 | INFO | celeba_ood | epoch  15/20  train_loss=0.4910  train_gender_acc=99.2%  train_attr_acc=[85.5 92.7 90.8 86.2 94.0 90.7]%  train_cutpaste_acc=99.9%  (53.3s)
2026-08-20 05:40:39,510 | INFO | celeba_ood | epoch  16/20  train_loss=0.4825  train_gender_acc=99.2%  train_attr_acc=[85.9 92.9 90.9 86.2 94.0 90.8]%  train_cutpaste_acc=99.9%  (53.1s)
2026-08-20 05:41:32,976 | INFO | celeba_ood | epoch  17/20  train_loss=0.4691  train_gender_acc=99.4%  train_attr_acc=[86.0 93.0 91.0 86.5 94.4 91.2]%  train_cutpaste_acc=99.9%  (53.5s)
2026-08-20 05:42:26,414 | INFO | celeba_ood | epoch  18/20  train_loss=0.4631  train_gender_acc=99.4%  train_attr_acc=[86.3 93.1 91.2 86.7 94.4 91.3]%  train_cutpaste_acc=99.9%  (53.4s)
2026-08-20 05:43:19,937 | INFO | celeba_ood | epoch  19/20  train_loss=0.4561  train_gender_acc=99.5%  train_attr_acc=[86.5 93.1 91.1 87.0 94.4 91.5]%  train_cutpaste_acc=99.9%  (53.5s)
2026-08-20 05:44:13,497 | INFO | celeba_ood | epoch  20/20  train_loss=0.4469  train_gender_acc=99.5%  train_attr_acc=[86.6 93.2 91.3 87.0 94.7 91.9]%  train_cutpaste_acc=99.9%  (53.6s)
2026-08-20 05:44:13,497 | INFO | celeba_ood | Training done in 1067.6s
2026-08-20 05:44:13,695 | INFO | celeba_ood | ======================================================================
2026-08-20 05:44:13,695 | INFO | celeba_ood | PHASE 2 — training per-block reconstruction decoders
2026-08-20 05:44:13,695 | INFO | celeba_ood | ======================================================================
2026-08-20 05:44:13,695 | INFO | celeba_ood |   decoder L0: in=(C=32, H=64) → out=(3, 128, 128)  params=8,275
2026-08-20 05:44:13,695 | INFO | celeba_ood |   decoder L1: in=(C=64, H=32) → out=(3, 128, 128)  params=41,107
2026-08-20 05:44:13,695 | INFO | celeba_ood |   decoder L2: in=(C=128, H=16) → out=(3, 128, 128)  params=172,307
2026-08-20 05:44:13,695 | INFO | celeba_ood |   decoder L3: in=(C=256, H=8) → out=(3, 128, 128)  params=696,851
2026-08-20 05:44:13,696 | INFO | celeba_ood |   decoder L4: in=(C=256, H=8) → out=(3, 128, 128)  params=696,851
2026-08-20 05:46:04,219 | INFO | celeba_ood | [decoders] epoch   1/25  train=0.0498  per_block(train)=[0.0028 0.0049 0.0072 0.0110 0.0240]  (110.5s)
2026-08-20 05:47:54,594 | INFO | celeba_ood | [decoders] epoch   2/25  train=0.0303  per_block(train)=[0.0008 0.0019 0.0041 0.0070 0.0165]  (110.4s)
2026-08-20 05:49:44,887 | INFO | celeba_ood | [decoders] epoch   3/25  train=0.0282  per_block(train)=[0.0007 0.0018 0.0039 0.0066 0.0152]  (110.3s)
2026-08-20 05:51:35,122 | INFO | celeba_ood | [decoders] epoch   4/25  train=0.0271  per_block(train)=[0.0007 0.0018 0.0038 0.0064 0.0146]  (110.2s)
2026-08-20 05:53:25,364 | INFO | celeba_ood | [decoders] epoch   5/25  train=0.0264  per_block(train)=[0.0006 0.0017 0.0037 0.0062 0.0141]  (110.2s)
2026-08-20 05:55:15,562 | INFO | celeba_ood | [decoders] epoch   6/25  train=0.0258  per_block(train)=[0.0006 0.0017 0.0036 0.0061 0.0138]  (110.2s)
2026-08-20 05:57:05,802 | INFO | celeba_ood | [decoders] epoch   7/25  train=0.0255  per_block(train)=[0.0006 0.0017 0.0036 0.0060 0.0136]  (110.2s)
2026-08-20 05:58:56,051 | INFO | celeba_ood | [decoders] epoch   8/25  train=0.0252  per_block(train)=[0.0006 0.0017 0.0036 0.0059 0.0134]  (110.2s)
2026-08-20 06:00:46,258 | INFO | celeba_ood | [decoders] epoch   9/25  train=0.0249  per_block(train)=[0.0006 0.0016 0.0035 0.0059 0.0132]  (110.2s)
2026-08-20 06:02:36,521 | INFO | celeba_ood | [decoders] epoch  10/25  train=0.0247  per_block(train)=[0.0006 0.0016 0.0035 0.0058 0.0131]  (110.3s)
2026-08-20 06:04:26,714 | INFO | celeba_ood | [decoders] epoch  11/25  train=0.0245  per_block(train)=[0.0005 0.0016 0.0035 0.0058 0.0130]  (110.2s)
2026-08-20 06:06:16,939 | INFO | celeba_ood | [decoders] epoch  12/25  train=0.0243  per_block(train)=[0.0005 0.0016 0.0035 0.0058 0.0129]  (110.2s)
2026-08-20 06:08:07,168 | INFO | celeba_ood | [decoders] epoch  13/25  train=0.0242  per_block(train)=[0.0005 0.0016 0.0035 0.0057 0.0128]  (110.2s)
2026-08-20 06:09:57,420 | INFO | celeba_ood | [decoders] epoch  14/25  train=0.0241  per_block(train)=[0.0005 0.0016 0.0035 0.0057 0.0127]  (110.3s)
2026-08-20 06:11:47,701 | INFO | celeba_ood | [decoders] epoch  15/25  train=0.0239  per_block(train)=[0.0005 0.0016 0.0034 0.0057 0.0127]  (110.3s)
2026-08-20 06:13:37,937 | INFO | celeba_ood | [decoders] epoch  16/25  train=0.0239  per_block(train)=[0.0005 0.0016 0.0034 0.0057 0.0126]  (110.2s)
2026-08-20 06:15:28,146 | INFO | celeba_ood | [decoders] epoch  17/25  train=0.0237  per_block(train)=[0.0005 0.0016 0.0034 0.0056 0.0125]  (110.2s)
2026-08-20 06:17:18,384 | INFO | celeba_ood | [decoders] epoch  18/25  train=0.0236  per_block(train)=[0.0005 0.0016 0.0034 0.0056 0.0125]  (110.2s)
2026-08-20 06:19:08,581 | INFO | celeba_ood | [decoders] epoch  19/25  train=0.0236  per_block(train)=[0.0005 0.0016 0.0034 0.0056 0.0125]  (110.2s)
2026-08-20 06:20:58,769 | INFO | celeba_ood | [decoders] epoch  20/25  train=0.0235  per_block(train)=[0.0005 0.0016 0.0034 0.0056 0.0124]  (110.2s)
2026-08-20 06:22:49,030 | INFO | celeba_ood | [decoders] epoch  21/25  train=0.0235  per_block(train)=[0.0005 0.0016 0.0034 0.0056 0.0124]  (110.3s)
2026-08-20 06:24:39,279 | INFO | celeba_ood | [decoders] epoch  22/25  train=0.0234  per_block(train)=[0.0005 0.0016 0.0034 0.0056 0.0123]  (110.2s)
2026-08-20 06:26:29,504 | INFO | celeba_ood | [decoders] epoch  23/25  train=0.0233  per_block(train)=[0.0005 0.0016 0.0034 0.0055 0.0123]  (110.2s)
2026-08-20 06:28:19,781 | INFO | celeba_ood | [decoders] epoch  24/25  train=0.0232  per_block(train)=[0.0005 0.0016 0.0034 0.0055 0.0123]  (110.3s)
2026-08-20 06:30:10,053 | INFO | celeba_ood | [decoders] epoch  25/25  train=0.0232  per_block(train)=[0.0005 0.0015 0.0034 0.0055 0.0123]  (110.3s)
2026-08-20 06:30:10,056 | INFO | celeba_ood | Decoder training done in 2756.4s
2026-08-20 06:30:10,085 | INFO | celeba_ood | ======================================================================
2026-08-20 06:30:10,085 | INFO | celeba_ood | EVALUATION — per-attribute accuracy + OOD AUROC
2026-08-20 06:30:10,085 | INFO | celeba_ood | ======================================================================
2026-08-20 06:30:10,085 | INFO | celeba_ood | Collecting predictions on test_in...
2026-08-20 06:30:15,905 | INFO | celeba_ood |   test_in size = 18941, OOD score (attr entropy) mean = 0.1877
2026-08-20 06:30:15,906 | INFO | celeba_ood | Collecting predictions on test_ood (Eyeglasses)...
2026-08-20 06:30:19,722 | INFO | celeba_ood |   test_ood size = 13193, OOD score (attr entropy) mean = 0.2484
2026-08-20 06:30:19,747 | INFO | celeba_ood | Per-attribute accuracy (in-distribution test set):
2026-08-20 06:30:19,747 | INFO | celeba_ood |   Male/Female : 98.13%
2026-08-20 06:30:19,747 | INFO | celeba_ood |   Arched_Eyebrows       : 81.24%
2026-08-20 06:30:19,747 | INFO | celeba_ood |   Bushy_Eyebrows        : 90.45%
2026-08-20 06:30:19,747 | INFO | celeba_ood |   Narrow_Eyes           : 90.20%
2026-08-20 06:30:19,747 | INFO | celeba_ood |   Bags_Under_Eyes       : 83.59%
2026-08-20 06:30:19,747 | INFO | celeba_ood |   Smiling               : 90.63%
2026-08-20 06:30:19,747 | INFO | celeba_ood |   Young                 : 82.10%
2026-08-20 06:30:19,747 | INFO | celeba_ood | OOD AUROC (in-dist vs Eyeglasses):
2026-08-20 06:30:19,747 | INFO | celeba_ood |   score_entropy_gender     AUROC = 0.7755  (in_mean=0.024, ood_mean=0.086)
2026-08-20 06:30:19,748 | INFO | celeba_ood |   score_entropy_attrs      AUROC = 0.6864  (in_mean=0.188, ood_mean=0.248)
2026-08-20 06:31:25,494 | INFO | celeba_ood | Wrote per-block plots: per_block_breakdown.png, recons_only.png, activations.png, fusion_overlay.png
2026-08-20 06:31:25,496 | INFO | celeba_ood | Summary written to outputs/celeba_ood/ablation/cutpaste_20260819_192140_6866856/model_9/summary.json
2026-08-20 06:31:25,500 | INFO | celeba_ood | model 10/10 done in 3899.7s
2026-08-20 06:31:25,508 | INFO | celeba_ood | All 10 models ready in 40128.7s
2026-08-20 06:31:25,508 | INFO | celeba_ood | ======================================================================
2026-08-20 06:31:25,508 | INFO | celeba_ood | ENSEMBLE DECOMPOSITION — Risk = Bias + Variance
2026-08-20 06:31:25,508 | INFO | celeba_ood | ======================================================================
2026-08-20 06:33:20,189 | INFO | celeba_ood | Aggregated OOD AUROC (p95):  Risk=0.6294  Bias=0.6214  Variance=0.6452
2026-08-20 06:33:20,190 | INFO | celeba_ood |   -> anomaly score = Bias = |Risk − Variance| (no sigma, no division):  AUROC=0.6214
2026-08-20 06:33:20,190 | INFO | celeba_ood |   block 0:  risk=0.5700  bias=0.5511  variance=0.5806
2026-08-20 06:33:20,190 | INFO | celeba_ood |   block 1:  risk=0.5886  bias=0.5690  variance=0.6030
2026-08-20 06:33:20,190 | INFO | celeba_ood |   block 2:  risk=0.6250  bias=0.6057  variance=0.6499
2026-08-20 06:33:20,190 | INFO | celeba_ood |   block 3:  risk=0.6469  bias=0.6322  variance=0.6796
2026-08-20 06:33:20,190 | INFO | celeba_ood |   block 4:  risk=0.6217  bias=0.6195  variance=0.6189
2026-08-20 06:33:20,190 | INFO | celeba_ood | Per-member recon-error AUROC (architecture effect):
2026-08-20 06:33:20,190 | INFO | celeba_ood |   model 0: channels=[32, 64, 128, 256, 256] k=3 params=981,802  AUROC=0.6280
2026-08-20 06:33:20,190 | INFO | celeba_ood |   model 1: channels=[32, 64, 128, 256, 256] k=3 params=981,802  AUROC=0.6266
2026-08-20 06:33:20,190 | INFO | celeba_ood |   model 2: channels=[32, 64, 128, 256, 256] k=3 params=981,802  AUROC=0.6311
2026-08-20 06:33:20,190 | INFO | celeba_ood |   model 3: channels=[32, 64, 128, 256, 256] k=3 params=981,802  AUROC=0.6266
2026-08-20 06:33:20,190 | INFO | celeba_ood |   model 4: channels=[32, 64, 128, 256, 256] k=3 params=981,802  AUROC=0.6303
2026-08-20 06:33:20,190 | INFO | celeba_ood |   model 5: channels=[32, 64, 128, 256, 256] k=3 params=981,802  AUROC=0.6316
2026-08-20 06:33:20,190 | INFO | celeba_ood |   model 6: channels=[32, 64, 128, 256, 256] k=3 params=981,802  AUROC=0.6307
2026-08-20 06:33:20,190 | INFO | celeba_ood |   model 7: channels=[32, 64, 128, 256, 256] k=3 params=981,802  AUROC=0.6350
2026-08-20 06:33:20,191 | INFO | celeba_ood |   model 8: channels=[32, 64, 128, 256, 256] k=3 params=981,802  AUROC=0.6306
2026-08-20 06:33:20,191 | INFO | celeba_ood |   model 9: channels=[32, 64, 128, 256, 256] k=3 params=981,802  AUROC=0.6307
2026-08-20 06:33:20,191 | INFO | celeba_ood | ======================================================================
2026-08-20 06:33:20,191 | INFO | celeba_ood | PREDICTIVE UNCERTAINTY — Total = Aleatoric + Epistemic (MI)
2026-08-20 06:33:20,191 | INFO | celeba_ood | ======================================================================
2026-08-20 06:34:57,350 | INFO | celeba_ood |   gender   : total=0.5213  aleatoric=0.5801  epistemic=0.4868
2026-08-20 06:34:57,350 | INFO | celeba_ood |   attrs    : total=0.7502  aleatoric=0.7180  epistemic=0.7512
2026-08-20 06:34:57,350 | INFO | celeba_ood |   combined : total=0.6219  aleatoric=0.7411  epistemic=0.5698
2026-08-20 06:34:57,350 | INFO | celeba_ood |   -> OOD score = epistemic (combined predictive MI):  AUROC=0.5698
2026-08-20 06:34:57,675 | INFO | celeba_ood | Risk = Bias + Variance identity — max abs residual on 25 samples (10 ID + 15 OOD): 2.38e-07
2026-08-20 06:35:33,739 | INFO | celeba_ood | Member architecture diagram → outputs/celeba_ood/ablation/cutpaste_20260819_192140_6866856/ensemble/architectures.svg
2026-08-20 06:37:00,391 | INFO | celeba_ood | Wrote ensemble plots: ensemble_decomposition.png, decomposition_auroc.png, ensemble_score_hists.png, architecture_effect.png, mean_recon_breakdown.png, mean_recons_only.png, mean_abs_bias.png, variance_heatmaps_ood.png, variance_heatmaps_all.png, mean_error_maps.png, min_error_maps.png, score_comparison.png, bias_variance_vs_block.png, bias_variance_vs_percentile.png
2026-08-20 06:39:35,060 | INFO | celeba_ood | Wrote per-instance figures: 20 ID → instances_in/, 20 OOD → instances_ood/  (one folder per instance: 10 member figures + summary.png; block L4, sigma=1.5, overlay_power=0.8)
2026-08-20 06:40:07,050 | INFO | celeba_ood | Top 10 OOD eyeglasses faces (eye-region bias, block L4) → top_ood_glasses.png; ranking in top_ood_glasses.json
2026-08-20 06:40:07,052 | INFO | celeba_ood | Ensemble summary written to outputs/celeba_ood/ablation/cutpaste_20260819_192140_6866856/ensemble/summary.json
2026-08-20 06:40:07,052 | INFO | celeba_ood | All done.
