2026-06-12 16:46:04,760 | INFO | celeba_ood | ======================================================================
2026-06-12 16:46:04,760 | INFO | celeba_ood | Ensemble experiment : celeba_ood
2026-06-12 16:46:04,760 | INFO | celeba_ood | Config              : configs/celeba_ood.yaml
2026-06-12 16:46:04,760 | INFO | celeba_ood | Output dir          : outputs/celeba_ood/ensemble_20260612_164529_6508484
2026-06-12 16:46:04,760 | INFO | celeba_ood | Device              : cuda
2026-06-12 16:46:04,760 | INFO | celeba_ood | Ensemble size       : 10   seeds = [42, 43, 44, 45, 46, 47, 48, 49, 50, 51]
2026-06-12 16:46:04,761 | INFO | celeba_ood | Decomposition agg   : p95
2026-06-12 16:46:04,796 | INFO | celeba_ood | GPU                 : Tesla V100-PCIE-16GB  (torch 2.5.1+cu121, cuda 12.1)
2026-06-12 16:46:04,796 | INFO | celeba_ood | ======================================================================
2026-06-12 16:46:17,639 | INFO | celeba_ood | Train pos rates: Male=39.0%  Young=79.9%  Smiling=48.7%  Mouth_Slightly_Open=48.4%  High_Cheekbones=46.7%  Pointy_Nose=28.9%  Oval_Face=29.1%
2026-06-12 16:46:17,639 | INFO | celeba_ood | val_ratio=0 → no validation split: 170465 in-dist images train, 18941 held out for test_in (no early stopping, full schedule).
2026-06-12 16:46:17,675 | INFO | celeba_ood | Dataloaders  train=170465  val=0  test_in=18941  test_ood=13193
2026-06-12 16:46:17,676 | INFO | celeba_ood | ######################################################################
2026-06-12 16:46:17,676 | INFO | celeba_ood | # MODEL 1/10   (seed=42)
2026-06-12 16:46:17,676 | INFO | celeba_ood | ######################################################################
2026-06-12 16:46:18,731 | INFO | celeba_ood | Model        : FacialCNN  (1,571,624 params)
2026-06-12 16:46:18,731 | INFO | celeba_ood | ======================================================================
2026-06-12 16:46:18,731 | INFO | celeba_ood | TRAINING — combined CE(gender) + BCE(attrs) loss
2026-06-12 16:46:18,731 | INFO | celeba_ood | ======================================================================
2026-06-12 16:46:18,732 | INFO | celeba_ood | No validation set — running the full 30-epoch schedule with no early stopping; final-epoch weights are kept.
2026-06-12 16:52:10,430 | INFO | celeba_ood | epoch   1/30  train_loss=0.9313  train_gender_acc=95.1%  train_attr_acc=[84.9 87.8 84.4 83.2 73.0 73.3]%  (351.7s)
2026-06-12 16:53:03,595 | INFO | celeba_ood | epoch   2/30  train_loss=0.7421  train_gender_acc=97.7%  train_attr_acc=[87.4 91.8 91.5 87.1 74.7 74.8]%  (53.2s)
2026-06-12 16:53:56,343 | INFO | celeba_ood | epoch   3/30  train_loss=0.6935  train_gender_acc=98.3%  train_attr_acc=[88.4 92.4 92.6 87.6 75.7 75.5]%  (52.7s)
2026-06-12 16:54:49,507 | INFO | celeba_ood | epoch   4/30  train_loss=0.6582  train_gender_acc=98.7%  train_attr_acc=[89.0 92.9 93.1 88.1 76.4 76.0]%  (53.2s)
2026-06-12 16:55:42,651 | INFO | celeba_ood | epoch   5/30  train_loss=0.6248  train_gender_acc=99.2%  train_attr_acc=[89.6 93.3 93.5 88.7 76.8 76.6]%  (53.1s)
2026-06-12 16:56:35,166 | INFO | celeba_ood | epoch   6/30  train_loss=0.5946  train_gender_acc=99.5%  train_attr_acc=[90.2 93.8 94.0 89.1 77.5 77.4]%  (52.5s)
2026-06-12 16:57:28,313 | INFO | celeba_ood | epoch   7/30  train_loss=0.5645  train_gender_acc=99.6%  train_attr_acc=[91.0 94.2 94.5 89.6 78.3 78.1]%  (53.1s)
2026-06-12 16:58:22,143 | INFO | celeba_ood | epoch   8/30  train_loss=0.5309  train_gender_acc=99.7%  train_attr_acc=[91.8 94.6 95.0 90.2 79.1 79.2]%  (53.8s)
2026-06-12 16:59:15,336 | INFO | celeba_ood | epoch   9/30  train_loss=0.4975  train_gender_acc=99.8%  train_attr_acc=[92.7 95.2 95.5 91.0 80.1 80.4]%  (53.2s)
2026-06-12 17:00:08,034 | INFO | celeba_ood | epoch  10/30  train_loss=0.4590  train_gender_acc=99.8%  train_attr_acc=[93.5 95.8 96.1 91.8 81.4 81.8]%  (52.7s)
2026-06-12 17:01:01,406 | INFO | celeba_ood | epoch  11/30  train_loss=0.4204  train_gender_acc=99.8%  train_attr_acc=[94.4 96.2 96.6 92.6 82.8 83.4]%  (53.4s)
2026-06-12 17:01:54,424 | INFO | celeba_ood | epoch  12/30  train_loss=0.3789  train_gender_acc=99.9%  train_attr_acc=[95.2 96.7 97.1 93.4 84.3 85.0]%  (53.0s)
2026-06-12 17:02:47,630 | INFO | celeba_ood | epoch  13/30  train_loss=0.3377  train_gender_acc=99.9%  train_attr_acc=[95.9 97.1 97.5 94.2 85.9 86.8]%  (53.2s)
2026-06-12 17:03:40,971 | INFO | celeba_ood | epoch  14/30  train_loss=0.3017  train_gender_acc=99.9%  train_attr_acc=[96.5 97.4 97.8 94.9 87.6 88.4]%  (53.3s)
2026-06-12 17:04:33,644 | INFO | celeba_ood | epoch  15/30  train_loss=0.2635  train_gender_acc=99.9%  train_attr_acc=[97.0 97.8 98.2 95.6 89.3 90.1]%  (52.7s)
2026-06-12 17:05:26,895 | INFO | celeba_ood | epoch  16/30  train_loss=0.2306  train_gender_acc=99.9%  train_attr_acc=[97.4 98.0 98.4 96.2 90.7 91.5]%  (53.2s)
2026-06-12 17:06:20,454 | INFO | celeba_ood | epoch  17/30  train_loss=0.2038  train_gender_acc=99.9%  train_attr_acc=[97.6 98.3 98.5 96.7 92.0 92.7]%  (53.6s)
2026-06-12 17:07:13,683 | INFO | celeba_ood | epoch  18/30  train_loss=0.1775  train_gender_acc=99.9%  train_attr_acc=[98.0 98.4 98.7 97.1 93.3 93.8]%  (53.2s)
2026-06-12 17:08:06,596 | INFO | celeba_ood | epoch  19/30  train_loss=0.1587  train_gender_acc=99.9%  train_attr_acc=[98.3 98.5 98.8 97.4 94.1 94.5]%  (52.9s)
2026-06-12 17:08:59,458 | INFO | celeba_ood | epoch  20/30  train_loss=0.1394  train_gender_acc=100.0%  train_attr_acc=[98.4 98.7 99.0 97.8 95.0 95.2]%  (52.9s)
2026-06-12 17:09:52,538 | INFO | celeba_ood | epoch  21/30  train_loss=0.1277  train_gender_acc=99.9%  train_attr_acc=[98.5 98.8 99.0 97.9 95.5 95.8]%  (53.1s)
2026-06-12 17:10:45,347 | INFO | celeba_ood | epoch  22/30  train_loss=0.1224  train_gender_acc=99.9%  train_attr_acc=[98.5 98.9 99.0 98.0 95.9 96.0]%  (52.8s)
2026-06-12 17:11:38,354 | INFO | celeba_ood | epoch  23/30  train_loss=0.1086  train_gender_acc=99.9%  train_attr_acc=[98.7 99.0 99.2 98.3 96.4 96.5]%  (53.0s)
2026-06-12 17:12:31,048 | INFO | celeba_ood | epoch  24/30  train_loss=0.1005  train_gender_acc=99.9%  train_attr_acc=[98.8 99.1 99.1 98.4 96.6 96.8]%  (52.7s)
2026-06-12 17:13:23,865 | INFO | celeba_ood | epoch  25/30  train_loss=0.0959  train_gender_acc=99.9%  train_attr_acc=[98.8 99.1 99.3 98.5 96.9 96.9]%  (52.8s)
2026-06-12 17:14:16,879 | INFO | celeba_ood | epoch  26/30  train_loss=0.0916  train_gender_acc=99.9%  train_attr_acc=[98.9 99.1 99.2 98.5 97.1 97.0]%  (53.0s)
2026-06-12 17:15:09,395 | INFO | celeba_ood | epoch  27/30  train_loss=0.0883  train_gender_acc=99.9%  train_attr_acc=[98.9 99.1 99.3 98.6 97.1 97.3]%  (52.5s)
2026-06-12 17:16:02,754 | INFO | celeba_ood | epoch  28/30  train_loss=0.0837  train_gender_acc=99.9%  train_attr_acc=[98.9 99.2 99.3 98.7 97.4 97.4]%  (53.4s)
2026-06-12 17:16:55,527 | INFO | celeba_ood | epoch  29/30  train_loss=0.0798  train_gender_acc=100.0%  train_attr_acc=[99.0 99.3 99.3 98.7 97.5 97.5]%  (52.8s)
2026-06-12 17:17:47,968 | INFO | celeba_ood | epoch  30/30  train_loss=0.0811  train_gender_acc=99.9%  train_attr_acc=[98.9 99.2 99.3 98.7 97.4 97.5]%  (52.4s)
2026-06-12 17:17:47,968 | INFO | celeba_ood | Training done in 1889.2s
2026-06-12 17:17:48,090 | INFO | celeba_ood | ======================================================================
2026-06-12 17:17:48,090 | INFO | celeba_ood | PHASE 2 — training per-block reconstruction decoders
2026-06-12 17:17:48,090 | INFO | celeba_ood | ======================================================================
2026-06-12 17:17:48,090 | INFO | celeba_ood |   decoder L0: in=(C=32, H=32) → out=(3, 64, 64)  params=4,691
2026-06-12 17:17:48,090 | INFO | celeba_ood |   decoder L1: in=(C=64, H=16) → out=(3, 64, 64)  params=23,187
2026-06-12 17:17:48,090 | INFO | celeba_ood |   decoder L2: in=(C=128, H=8) → out=(3, 64, 64)  params=97,043
2026-06-12 17:17:48,090 | INFO | celeba_ood |   decoder L3: in=(C=256, H=4) → out=(3, 64, 64)  params=392,211
2026-06-12 17:17:48,090 | INFO | celeba_ood |   decoder L4: in=(C=256, H=2) → out=(3, 64, 64)  params=394,547
2026-06-12 17:17:48,091 | INFO | celeba_ood |   decoder L5: in=(C=256, H=2) → out=(3, 64, 64)  params=394,547
2026-06-12 17:20:27,283 | INFO | celeba_ood | [decoders] epoch   1/30  train=0.1144  per_block(train)=[0.0048 0.0066 0.0093 0.0178 0.0311 0.0447]  (159.2s)
2026-06-12 17:23:05,687 | INFO | celeba_ood | [decoders] epoch   2/30  train=0.0817  per_block(train)=[0.0011 0.0025 0.0055 0.0113 0.0250 0.0362]  (158.4s)
2026-06-12 17:25:44,110 | INFO | celeba_ood | [decoders] epoch   3/30  train=0.0768  per_block(train)=[0.0010 0.0022 0.0051 0.0105 0.0237 0.0342]  (158.4s)
2026-06-12 17:28:22,526 | INFO | celeba_ood | [decoders] epoch   4/30  train=0.0740  per_block(train)=[0.0009 0.0021 0.0049 0.0101 0.0230 0.0330]  (158.4s)
2026-06-12 17:31:00,935 | INFO | celeba_ood | [decoders] epoch   5/30  train=0.0722  per_block(train)=[0.0009 0.0021 0.0048 0.0099 0.0225 0.0322]  (158.4s)
2026-06-12 17:33:39,368 | INFO | celeba_ood | [decoders] epoch   6/30  train=0.0709  per_block(train)=[0.0008 0.0020 0.0047 0.0097 0.0221 0.0316]  (158.4s)
2026-06-12 17:36:17,792 | INFO | celeba_ood | [decoders] epoch   7/30  train=0.0698  per_block(train)=[0.0008 0.0020 0.0047 0.0095 0.0218 0.0311]  (158.4s)
2026-06-12 17:38:56,246 | INFO | celeba_ood | [decoders] epoch   8/30  train=0.0690  per_block(train)=[0.0008 0.0020 0.0046 0.0094 0.0216 0.0307]  (158.5s)
2026-06-12 17:41:34,642 | INFO | celeba_ood | [decoders] epoch   9/30  train=0.0682  per_block(train)=[0.0008 0.0019 0.0046 0.0093 0.0213 0.0303]  (158.4s)
2026-06-12 17:44:13,064 | INFO | celeba_ood | [decoders] epoch  10/30  train=0.0676  per_block(train)=[0.0007 0.0019 0.0045 0.0092 0.0212 0.0300]  (158.4s)
2026-06-12 17:46:51,486 | INFO | celeba_ood | [decoders] epoch  11/30  train=0.0671  per_block(train)=[0.0007 0.0019 0.0045 0.0091 0.0210 0.0298]  (158.4s)
2026-06-12 17:49:29,910 | INFO | celeba_ood | [decoders] epoch  12/30  train=0.0665  per_block(train)=[0.0007 0.0019 0.0045 0.0091 0.0209 0.0296]  (158.4s)
2026-06-12 17:52:08,325 | INFO | celeba_ood | [decoders] epoch  13/30  train=0.0661  per_block(train)=[0.0007 0.0019 0.0045 0.0090 0.0207 0.0293]  (158.4s)
2026-06-12 17:54:46,752 | INFO | celeba_ood | [decoders] epoch  14/30  train=0.0658  per_block(train)=[0.0007 0.0019 0.0045 0.0090 0.0206 0.0292]  (158.4s)
2026-06-12 17:57:25,148 | INFO | celeba_ood | [decoders] epoch  15/30  train=0.0652  per_block(train)=[0.0007 0.0018 0.0044 0.0089 0.0205 0.0290]  (158.4s)
2026-06-12 18:00:03,552 | INFO | celeba_ood | [decoders] epoch  16/30  train=0.0650  per_block(train)=[0.0007 0.0018 0.0044 0.0089 0.0204 0.0288]  (158.4s)
2026-06-12 18:02:41,971 | INFO | celeba_ood | [decoders] epoch  17/30  train=0.0647  per_block(train)=[0.0007 0.0018 0.0044 0.0089 0.0203 0.0287]  (158.4s)
2026-06-12 18:05:20,389 | INFO | celeba_ood | [decoders] epoch  18/30  train=0.0644  per_block(train)=[0.0006 0.0018 0.0044 0.0088 0.0202 0.0285]  (158.4s)
2026-06-12 18:07:58,789 | INFO | celeba_ood | [decoders] epoch  19/30  train=0.0641  per_block(train)=[0.0006 0.0018 0.0044 0.0088 0.0201 0.0284]  (158.4s)
2026-06-12 18:10:37,178 | INFO | celeba_ood | [decoders] epoch  20/30  train=0.0639  per_block(train)=[0.0006 0.0018 0.0044 0.0088 0.0201 0.0283]  (158.4s)
2026-06-12 18:13:15,579 | INFO | celeba_ood | [decoders] epoch  21/30  train=0.0636  per_block(train)=[0.0006 0.0018 0.0044 0.0087 0.0200 0.0281]  (158.4s)
2026-06-12 18:15:54,007 | INFO | celeba_ood | [decoders] epoch  22/30  train=0.0634  per_block(train)=[0.0006 0.0018 0.0043 0.0087 0.0199 0.0280]  (158.4s)
2026-06-12 18:18:32,409 | INFO | celeba_ood | [decoders] epoch  23/30  train=0.0632  per_block(train)=[0.0006 0.0018 0.0043 0.0087 0.0199 0.0279]  (158.4s)
2026-06-12 18:21:10,833 | INFO | celeba_ood | [decoders] epoch  24/30  train=0.0630  per_block(train)=[0.0006 0.0018 0.0043 0.0086 0.0198 0.0278]  (158.4s)
2026-06-12 18:23:49,230 | INFO | celeba_ood | [decoders] epoch  25/30  train=0.0628  per_block(train)=[0.0006 0.0018 0.0043 0.0086 0.0197 0.0277]  (158.4s)
2026-06-12 18:26:27,620 | INFO | celeba_ood | [decoders] epoch  26/30  train=0.0626  per_block(train)=[0.0006 0.0018 0.0043 0.0086 0.0197 0.0276]  (158.4s)
2026-06-12 18:29:06,018 | INFO | celeba_ood | [decoders] epoch  27/30  train=0.0624  per_block(train)=[0.0006 0.0018 0.0043 0.0086 0.0196 0.0275]  (158.4s)
2026-06-12 18:31:44,422 | INFO | celeba_ood | [decoders] epoch  28/30  train=0.0623  per_block(train)=[0.0006 0.0018 0.0043 0.0086 0.0196 0.0275]  (158.4s)
2026-06-12 18:34:22,847 | INFO | celeba_ood | [decoders] epoch  29/30  train=0.0622  per_block(train)=[0.0006 0.0018 0.0043 0.0086 0.0196 0.0274]  (158.4s)
2026-06-12 18:37:01,254 | INFO | celeba_ood | [decoders] epoch  30/30  train=0.0620  per_block(train)=[0.0006 0.0018 0.0043 0.0085 0.0195 0.0273]  (158.4s)
2026-06-12 18:37:01,255 | INFO | celeba_ood | Decoder training done in 4753.2s
2026-06-12 18:37:01,286 | INFO | celeba_ood | ======================================================================
2026-06-12 18:37:01,286 | INFO | celeba_ood | EVALUATION — per-attribute accuracy + OOD AUROC
2026-06-12 18:37:01,288 | INFO | celeba_ood | ======================================================================
2026-06-12 18:37:01,288 | INFO | celeba_ood | Collecting predictions on test_in...
2026-06-12 18:37:44,144 | INFO | celeba_ood |   test_in size = 18941, OOD score (combined entropy) mean = nan
2026-06-12 18:37:44,144 | INFO | celeba_ood | Collecting predictions on test_ood (Eyeglasses)...
2026-06-12 18:37:59,710 | INFO | celeba_ood |   test_ood size = 13193, OOD score (combined entropy) mean = nan
2026-06-12 18:37:59,860 | INFO | celeba_ood | Per-attribute accuracy (in-distribution test set):
2026-06-12 18:37:59,860 | INFO | celeba_ood |   Male/Female : 97.69%
2026-06-12 18:37:59,860 | INFO | celeba_ood |   Young                 : 86.39%
2026-06-12 18:37:59,860 | INFO | celeba_ood |   Smiling               : 90.49%
2026-06-12 18:37:59,860 | INFO | celeba_ood |   Mouth_Slightly_Open   : 90.42%
2026-06-12 18:37:59,860 | INFO | celeba_ood |   High_Cheekbones       : 84.39%
2026-06-12 18:37:59,860 | INFO | celeba_ood |   Pointy_Nose           : 72.77%
2026-06-12 18:37:59,860 | INFO | celeba_ood |   Oval_Face             : 68.83%
2026-06-12 18:37:59,860 | INFO | celeba_ood | OOD AUROC (in-dist vs Eyeglasses):
2026-06-12 18:37:59,860 | INFO | celeba_ood |   score_msp                AUROC = 0.6009  (in_mean=0.004, ood_mean=0.014)
2026-06-12 18:37:59,860 | INFO | celeba_ood |   score_entropy_gender     AUROC = 0.5986  (in_mean=0.011, ood_mean=0.034)
2026-06-12 18:39:17,468 | INFO | celeba_ood | Fusion-based AUROC (max-pixel) = 0.5850  (in_mean=1.1381, ood_mean=1.2547)
2026-06-12 18:39:17,469 | INFO | celeba_ood | Wrote per-block plots: per_block_breakdown.png, recons_only.png, activations.png, fusion_overlay.png, fusion_auroc.png
2026-06-12 18:39:17,470 | INFO | celeba_ood | Summary written to outputs/celeba_ood/ensemble_20260612_164529_6508484/model_0/summary.json
2026-06-12 18:39:17,472 | INFO | celeba_ood | model 1/10 done in 6779.8s
2026-06-12 18:39:17,501 | INFO | celeba_ood | ######################################################################
2026-06-12 18:39:17,501 | INFO | celeba_ood | # MODEL 2/10   (seed=43)
2026-06-12 18:39:17,501 | INFO | celeba_ood | ######################################################################
2026-06-12 18:39:17,550 | INFO | celeba_ood | Model        : FacialCNN  (1,571,624 params)
2026-06-12 18:39:17,550 | INFO | celeba_ood | ======================================================================
2026-06-12 18:39:17,550 | INFO | celeba_ood | TRAINING — combined CE(gender) + BCE(attrs) loss
2026-06-12 18:39:17,550 | INFO | celeba_ood | ======================================================================
2026-06-12 18:39:17,551 | INFO | celeba_ood | No validation set — running the full 30-epoch schedule with no early stopping; final-epoch weights are kept.
2026-06-12 18:40:10,329 | INFO | celeba_ood | epoch   1/30  train_loss=0.9160  train_gender_acc=95.2%  train_attr_acc=[84.6 88.4 85.2 83.7 73.1 73.4]%  (52.8s)
2026-06-12 18:41:03,219 | INFO | celeba_ood | epoch   2/30  train_loss=0.7373  train_gender_acc=97.7%  train_attr_acc=[87.3 92.0 91.7 87.1 74.8 74.8]%  (52.9s)
2026-06-12 18:41:56,105 | INFO | celeba_ood | epoch   3/30  train_loss=0.6905  train_gender_acc=98.3%  train_attr_acc=[88.2 92.6 92.6 87.7 75.7 75.5]%  (52.9s)
2026-06-12 18:42:49,261 | INFO | celeba_ood | epoch   4/30  train_loss=0.6536  train_gender_acc=98.8%  train_attr_acc=[89.0 93.0 93.1 88.1 76.4 76.1]%  (53.2s)
2026-06-12 18:43:42,561 | INFO | celeba_ood | epoch   5/30  train_loss=0.6217  train_gender_acc=99.2%  train_attr_acc=[89.6 93.4 93.6 88.6 77.0 76.7]%  (53.3s)
2026-06-12 18:44:35,536 | INFO | celeba_ood | epoch   6/30  train_loss=0.5920  train_gender_acc=99.4%  train_attr_acc=[90.2 93.8 94.0 89.1 77.7 77.3]%  (53.0s)
2026-06-12 18:45:28,625 | INFO | celeba_ood | epoch   7/30  train_loss=0.5606  train_gender_acc=99.6%  train_attr_acc=[90.9 94.3 94.5 89.7 78.4 78.2]%  (53.1s)
2026-06-12 18:46:22,200 | INFO | celeba_ood | epoch   8/30  train_loss=0.5289  train_gender_acc=99.7%  train_attr_acc=[91.7 94.8 95.0 90.2 79.3 79.2]%  (53.6s)
2026-06-12 18:47:14,726 | INFO | celeba_ood | epoch   9/30  train_loss=0.4958  train_gender_acc=99.8%  train_attr_acc=[92.6 95.3 95.5 91.0 80.5 80.2]%  (52.5s)
2026-06-12 18:48:07,135 | INFO | celeba_ood | epoch  10/30  train_loss=0.4581  train_gender_acc=99.8%  train_attr_acc=[93.4 95.8 96.1 91.7 81.7 81.7]%  (52.4s)
2026-06-12 18:48:59,856 | INFO | celeba_ood | epoch  11/30  train_loss=0.4173  train_gender_acc=99.9%  train_attr_acc=[94.4 96.3 96.5 92.6 83.1 83.2]%  (52.7s)
2026-06-12 18:49:52,638 | INFO | celeba_ood | epoch  12/30  train_loss=0.3770  train_gender_acc=99.9%  train_attr_acc=[95.1 96.8 97.1 93.4 84.8 84.8]%  (52.8s)
2026-06-12 18:50:45,510 | INFO | celeba_ood | epoch  13/30  train_loss=0.3365  train_gender_acc=99.9%  train_attr_acc=[95.9 97.2 97.5 94.2 86.4 86.5]%  (52.9s)
2026-06-12 18:51:38,301 | INFO | celeba_ood | epoch  14/30  train_loss=0.2985  train_gender_acc=99.9%  train_attr_acc=[96.5 97.6 97.8 94.8 88.1 88.2]%  (52.8s)
2026-06-12 18:52:30,442 | INFO | celeba_ood | epoch  15/30  train_loss=0.2630  train_gender_acc=99.9%  train_attr_acc=[97.0 97.8 98.1 95.5 89.5 89.8]%  (52.1s)
2026-06-12 18:53:23,181 | INFO | celeba_ood | epoch  16/30  train_loss=0.2288  train_gender_acc=99.9%  train_attr_acc=[97.4 98.1 98.4 96.1 91.2 91.2]%  (52.7s)
2026-06-12 18:54:15,576 | INFO | celeba_ood | epoch  17/30  train_loss=0.2007  train_gender_acc=99.9%  train_attr_acc=[97.8 98.3 98.6 96.6 92.4 92.5]%  (52.4s)
2026-06-12 18:55:07,897 | INFO | celeba_ood | epoch  18/30  train_loss=0.1765  train_gender_acc=99.9%  train_attr_acc=[98.1 98.5 98.7 97.1 93.4 93.7]%  (52.3s)
2026-06-12 18:56:00,655 | INFO | celeba_ood | epoch  19/30  train_loss=0.1556  train_gender_acc=99.9%  train_attr_acc=[98.2 98.6 98.8 97.5 94.5 94.5]%  (52.8s)
2026-06-12 18:56:52,886 | INFO | celeba_ood | epoch  20/30  train_loss=0.1388  train_gender_acc=99.9%  train_attr_acc=[98.4 98.8 99.0 97.7 95.2 95.3]%  (52.2s)
2026-06-12 18:57:45,261 | INFO | celeba_ood | epoch  21/30  train_loss=0.1267  train_gender_acc=99.9%  train_attr_acc=[98.6 98.8 99.1 97.9 95.7 95.7]%  (52.4s)
2026-06-12 18:58:37,863 | INFO | celeba_ood | epoch  22/30  train_loss=0.1181  train_gender_acc=99.9%  train_attr_acc=[98.5 98.9 99.1 98.1 96.1 96.0]%  (52.6s)
2026-06-12 18:59:30,407 | INFO | celeba_ood | epoch  23/30  train_loss=0.1086  train_gender_acc=99.9%  train_attr_acc=[98.7 99.0 99.2 98.2 96.4 96.4]%  (52.5s)
2026-06-12 19:00:23,689 | INFO | celeba_ood | epoch  24/30  train_loss=0.1019  train_gender_acc=99.9%  train_attr_acc=[98.7 99.1 99.2 98.3 96.7 96.7]%  (53.3s)
2026-06-12 19:01:17,101 | INFO | celeba_ood | epoch  25/30  train_loss=0.0942  train_gender_acc=99.9%  train_attr_acc=[98.8 99.1 99.2 98.5 97.0 96.9]%  (53.4s)
2026-06-12 19:02:09,825 | INFO | celeba_ood | epoch  26/30  train_loss=0.0921  train_gender_acc=99.9%  train_attr_acc=[98.8 99.1 99.3 98.5 97.1 97.1]%  (52.7s)
2026-06-12 19:03:02,485 | INFO | celeba_ood | epoch  27/30  train_loss=0.0869  train_gender_acc=99.9%  train_attr_acc=[98.9 99.2 99.3 98.6 97.3 97.3]%  (52.7s)
2026-06-12 19:03:54,855 | INFO | celeba_ood | epoch  28/30  train_loss=0.0850  train_gender_acc=99.9%  train_attr_acc=[98.9 99.2 99.3 98.6 97.3 97.3]%  (52.4s)
2026-06-12 19:04:47,238 | INFO | celeba_ood | epoch  29/30  train_loss=0.0803  train_gender_acc=99.9%  train_attr_acc=[99.0 99.3 99.3 98.7 97.4 97.5]%  (52.4s)
2026-06-12 19:05:39,643 | INFO | celeba_ood | epoch  30/30  train_loss=0.0780  train_gender_acc=99.9%  train_attr_acc=[99.1 99.3 99.4 98.8 97.6 97.5]%  (52.4s)
2026-06-12 19:05:39,644 | INFO | celeba_ood | Training done in 1582.1s
2026-06-12 19:05:40,325 | INFO | celeba_ood | ======================================================================
2026-06-12 19:05:40,325 | INFO | celeba_ood | PHASE 2 — training per-block reconstruction decoders
2026-06-12 19:05:40,325 | INFO | celeba_ood | ======================================================================
2026-06-12 19:05:40,325 | INFO | celeba_ood |   decoder L0: in=(C=32, H=32) → out=(3, 64, 64)  params=4,691
2026-06-12 19:05:40,325 | INFO | celeba_ood |   decoder L1: in=(C=64, H=16) → out=(3, 64, 64)  params=23,187
2026-06-12 19:05:40,326 | INFO | celeba_ood |   decoder L2: in=(C=128, H=8) → out=(3, 64, 64)  params=97,043
2026-06-12 19:05:40,326 | INFO | celeba_ood |   decoder L3: in=(C=256, H=4) → out=(3, 64, 64)  params=392,211
2026-06-12 19:05:40,326 | INFO | celeba_ood |   decoder L4: in=(C=256, H=2) → out=(3, 64, 64)  params=394,547
2026-06-12 19:05:40,326 | INFO | celeba_ood |   decoder L5: in=(C=256, H=2) → out=(3, 64, 64)  params=394,547
2026-06-12 19:08:18,755 | INFO | celeba_ood | [decoders] epoch   1/30  train=0.1204  per_block(train)=[0.0062 0.0054 0.0132 0.0165 0.0324 0.0467]  (158.4s)
2026-06-12 19:10:57,177 | INFO | celeba_ood | [decoders] epoch   2/30  train=0.0847  per_block(train)=[0.0011 0.0025 0.0055 0.0116 0.0259 0.0381]  (158.4s)
2026-06-12 19:13:35,568 | INFO | celeba_ood | [decoders] epoch   3/30  train=0.0795  per_block(train)=[0.0010 0.0023 0.0051 0.0108 0.0245 0.0358]  (158.4s)
2026-06-12 19:16:13,995 | INFO | celeba_ood | [decoders] epoch   4/30  train=0.0766  per_block(train)=[0.0009 0.0022 0.0049 0.0103 0.0237 0.0345]  (158.4s)
2026-06-12 19:18:52,397 | INFO | celeba_ood | [decoders] epoch   5/30  train=0.0746  per_block(train)=[0.0008 0.0021 0.0048 0.0100 0.0232 0.0337]  (158.4s)
2026-06-12 19:21:30,791 | INFO | celeba_ood | [decoders] epoch   6/30  train=0.0732  per_block(train)=[0.0008 0.0020 0.0047 0.0099 0.0228 0.0330]  (158.4s)
2026-06-12 19:24:09,206 | INFO | celeba_ood | [decoders] epoch   7/30  train=0.0721  per_block(train)=[0.0008 0.0020 0.0047 0.0097 0.0225 0.0325]  (158.4s)
2026-06-12 19:26:47,555 | INFO | celeba_ood | [decoders] epoch   8/30  train=0.0711  per_block(train)=[0.0007 0.0020 0.0046 0.0096 0.0221 0.0320]  (158.3s)
2026-06-12 19:29:25,928 | INFO | celeba_ood | [decoders] epoch   9/30  train=0.0704  per_block(train)=[0.0007 0.0019 0.0046 0.0095 0.0219 0.0317]  (158.4s)
2026-06-12 19:32:04,329 | INFO | celeba_ood | [decoders] epoch  10/30  train=0.0697  per_block(train)=[0.0007 0.0019 0.0045 0.0094 0.0217 0.0314]  (158.4s)
2026-06-12 19:34:42,722 | INFO | celeba_ood | [decoders] epoch  11/30  train=0.0691  per_block(train)=[0.0007 0.0019 0.0045 0.0093 0.0216 0.0311]  (158.4s)
2026-06-12 19:37:21,108 | INFO | celeba_ood | [decoders] epoch  12/30  train=0.0686  per_block(train)=[0.0007 0.0019 0.0045 0.0093 0.0214 0.0308]  (158.4s)
2026-06-12 19:39:59,520 | INFO | celeba_ood | [decoders] epoch  13/30  train=0.0681  per_block(train)=[0.0007 0.0019 0.0045 0.0092 0.0213 0.0306]  (158.4s)
2026-06-12 19:42:37,908 | INFO | celeba_ood | [decoders] epoch  14/30  train=0.0677  per_block(train)=[0.0007 0.0019 0.0045 0.0091 0.0211 0.0304]  (158.4s)
2026-06-12 19:45:16,288 | INFO | celeba_ood | [decoders] epoch  15/30  train=0.0672  per_block(train)=[0.0007 0.0019 0.0044 0.0091 0.0210 0.0302]  (158.4s)
2026-06-12 19:47:54,727 | INFO | celeba_ood | [decoders] epoch  16/30  train=0.0669  per_block(train)=[0.0006 0.0019 0.0044 0.0091 0.0209 0.0300]  (158.4s)
2026-06-12 19:50:33,138 | INFO | celeba_ood | [decoders] epoch  17/30  train=0.0666  per_block(train)=[0.0006 0.0019 0.0044 0.0090 0.0208 0.0298]  (158.4s)
2026-06-12 19:53:11,545 | INFO | celeba_ood | [decoders] epoch  18/30  train=0.0664  per_block(train)=[0.0006 0.0019 0.0044 0.0090 0.0208 0.0297]  (158.4s)
2026-06-12 19:55:49,915 | INFO | celeba_ood | [decoders] epoch  19/30  train=0.0659  per_block(train)=[0.0006 0.0018 0.0044 0.0089 0.0206 0.0295]  (158.4s)
2026-06-12 19:58:28,287 | INFO | celeba_ood | [decoders] epoch  20/30  train=0.0658  per_block(train)=[0.0006 0.0018 0.0044 0.0089 0.0206 0.0294]  (158.4s)
2026-06-12 20:01:06,660 | INFO | celeba_ood | [decoders] epoch  21/30  train=0.0655  per_block(train)=[0.0006 0.0018 0.0044 0.0089 0.0205 0.0293]  (158.4s)
2026-06-12 20:03:45,024 | INFO | celeba_ood | [decoders] epoch  22/30  train=0.0652  per_block(train)=[0.0006 0.0018 0.0044 0.0089 0.0204 0.0291]  (158.4s)
2026-06-12 20:06:23,412 | INFO | celeba_ood | [decoders] epoch  23/30  train=0.0650  per_block(train)=[0.0006 0.0018 0.0043 0.0088 0.0203 0.0290]  (158.4s)
2026-06-12 20:09:01,789 | INFO | celeba_ood | [decoders] epoch  24/30  train=0.0648  per_block(train)=[0.0006 0.0018 0.0043 0.0088 0.0203 0.0289]  (158.4s)
2026-06-12 20:11:40,177 | INFO | celeba_ood | [decoders] epoch  25/30  train=0.0646  per_block(train)=[0.0006 0.0018 0.0043 0.0088 0.0202 0.0288]  (158.4s)
2026-06-12 20:14:18,570 | INFO | celeba_ood | [decoders] epoch  26/30  train=0.0644  per_block(train)=[0.0006 0.0018 0.0043 0.0088 0.0201 0.0287]  (158.4s)
2026-06-12 20:16:56,969 | INFO | celeba_ood | [decoders] epoch  27/30  train=0.0643  per_block(train)=[0.0006 0.0018 0.0043 0.0087 0.0201 0.0287]  (158.4s)
2026-06-12 20:19:35,362 | INFO | celeba_ood | [decoders] epoch  28/30  train=0.0641  per_block(train)=[0.0006 0.0018 0.0043 0.0087 0.0201 0.0285]  (158.4s)
2026-06-12 20:22:13,774 | INFO | celeba_ood | [decoders] epoch  29/30  train=0.0638  per_block(train)=[0.0006 0.0018 0.0043 0.0087 0.0200 0.0284]  (158.4s)
2026-06-12 20:24:52,170 | INFO | celeba_ood | [decoders] epoch  30/30  train=0.0637  per_block(train)=[0.0006 0.0018 0.0043 0.0087 0.0200 0.0284]  (158.4s)
2026-06-12 20:24:52,171 | INFO | celeba_ood | Decoder training done in 4751.8s
2026-06-12 20:24:52,203 | INFO | celeba_ood | ======================================================================
2026-06-12 20:24:52,203 | INFO | celeba_ood | EVALUATION — per-attribute accuracy + OOD AUROC
2026-06-12 20:24:52,203 | INFO | celeba_ood | ======================================================================
2026-06-12 20:24:52,204 | INFO | celeba_ood | Collecting predictions on test_in...
2026-06-12 20:24:58,651 | INFO | celeba_ood |   test_in size = 18941, OOD score (combined entropy) mean = nan
2026-06-12 20:24:58,651 | INFO | celeba_ood | Collecting predictions on test_ood (Eyeglasses)...
2026-06-12 20:25:02,924 | INFO | celeba_ood |   test_ood size = 13193, OOD score (combined entropy) mean = nan
2026-06-12 20:25:02,953 | INFO | celeba_ood | Per-attribute accuracy (in-distribution test set):
2026-06-12 20:25:02,953 | INFO | celeba_ood |   Male/Female : 97.45%
2026-06-12 20:25:02,953 | INFO | celeba_ood |   Young                 : 86.42%
2026-06-12 20:25:02,953 | INFO | celeba_ood |   Smiling               : 90.62%
2026-06-12 20:25:02,953 | INFO | celeba_ood |   Mouth_Slightly_Open   : 91.30%
2026-06-12 20:25:02,953 | INFO | celeba_ood |   High_Cheekbones       : 81.85%
2026-06-12 20:25:02,953 | INFO | celeba_ood |   Pointy_Nose           : 73.28%
2026-06-12 20:25:02,953 | INFO | celeba_ood |   Oval_Face             : 69.59%
2026-06-12 20:25:02,953 | INFO | celeba_ood | OOD AUROC (in-dist vs Eyeglasses):
2026-06-12 20:25:02,953 | INFO | celeba_ood |   score_msp                AUROC = 0.6414  (in_mean=0.005, ood_mean=0.016)
2026-06-12 20:25:02,953 | INFO | celeba_ood |   score_entropy_gender     AUROC = 0.6963  (in_mean=0.013, ood_mean=0.038)
2026-06-12 20:26:20,102 | INFO | celeba_ood | Fusion-based AUROC (max-pixel) = 0.5910  (in_mean=1.1528, ood_mean=1.2760)
2026-06-12 20:26:20,103 | INFO | celeba_ood | Wrote per-block plots: per_block_breakdown.png, recons_only.png, activations.png, fusion_overlay.png, fusion_auroc.png
2026-06-12 20:26:20,104 | INFO | celeba_ood | Summary written to outputs/celeba_ood/ensemble_20260612_164529_6508484/model_1/summary.json
2026-06-12 20:26:20,108 | INFO | celeba_ood | model 2/10 done in 6422.6s
2026-06-12 20:26:20,130 | INFO | celeba_ood | ######################################################################
2026-06-12 20:26:20,130 | INFO | celeba_ood | # MODEL 3/10   (seed=44)
2026-06-12 20:26:20,130 | INFO | celeba_ood | ######################################################################
2026-06-12 20:26:20,194 | INFO | celeba_ood | Model        : FacialCNN  (1,571,624 params)
2026-06-12 20:26:20,194 | INFO | celeba_ood | ======================================================================
2026-06-12 20:26:20,194 | INFO | celeba_ood | TRAINING — combined CE(gender) + BCE(attrs) loss
2026-06-12 20:26:20,194 | INFO | celeba_ood | ======================================================================
2026-06-12 20:26:20,195 | INFO | celeba_ood | No validation set — running the full 30-epoch schedule with no early stopping; final-epoch weights are kept.
2026-06-12 20:27:13,138 | INFO | celeba_ood | epoch   1/30  train_loss=0.9177  train_gender_acc=95.2%  train_attr_acc=[84.9 88.4 84.9 83.6 73.1 73.0]%  (52.9s)
2026-06-12 20:28:05,664 | INFO | celeba_ood | epoch   2/30  train_loss=0.7388  train_gender_acc=97.7%  train_attr_acc=[87.4 92.0 91.6 87.1 74.7 74.8]%  (52.5s)
2026-06-12 20:28:58,329 | INFO | celeba_ood | epoch   3/30  train_loss=0.6904  train_gender_acc=98.3%  train_attr_acc=[88.3 92.6 92.6 87.7 75.4 75.4]%  (52.7s)
2026-06-12 20:29:51,266 | INFO | celeba_ood | epoch   4/30  train_loss=0.6556  train_gender_acc=98.8%  train_attr_acc=[89.0 93.0 93.2 88.1 76.1 76.1]%  (52.9s)
2026-06-12 20:30:44,940 | INFO | celeba_ood | epoch   5/30  train_loss=0.6226  train_gender_acc=99.2%  train_attr_acc=[89.7 93.4 93.6 88.6 76.8 76.6]%  (53.7s)
2026-06-12 20:31:37,740 | INFO | celeba_ood | epoch   6/30  train_loss=0.5930  train_gender_acc=99.4%  train_attr_acc=[90.4 93.8 94.1 89.1 77.5 77.4]%  (52.8s)
2026-06-12 20:32:30,605 | INFO | celeba_ood | epoch   7/30  train_loss=0.5620  train_gender_acc=99.6%  train_attr_acc=[91.0 94.3 94.5 89.6 78.3 78.1]%  (52.9s)
2026-06-12 20:33:23,734 | INFO | celeba_ood | epoch   8/30  train_loss=0.5302  train_gender_acc=99.7%  train_attr_acc=[91.9 94.8 95.0 90.2 79.3 79.3]%  (53.1s)
2026-06-12 20:34:17,062 | INFO | celeba_ood | epoch   9/30  train_loss=0.4938  train_gender_acc=99.8%  train_attr_acc=[92.6 95.3 95.6 91.0 80.3 80.4]%  (53.3s)
2026-06-12 20:35:10,135 | INFO | celeba_ood | epoch  10/30  train_loss=0.4543  train_gender_acc=99.9%  train_attr_acc=[93.7 95.8 96.1 91.8 81.6 81.9]%  (53.1s)
2026-06-12 20:36:03,321 | INFO | celeba_ood | epoch  11/30  train_loss=0.4187  train_gender_acc=99.9%  train_attr_acc=[94.5 96.2 96.6 92.5 83.1 83.3]%  (53.2s)
2026-06-12 20:36:55,884 | INFO | celeba_ood | epoch  12/30  train_loss=0.3758  train_gender_acc=99.9%  train_attr_acc=[95.3 96.8 97.1 93.4 84.6 85.1]%  (52.6s)
2026-06-12 20:37:48,524 | INFO | celeba_ood | epoch  13/30  train_loss=0.3356  train_gender_acc=99.9%  train_attr_acc=[96.0 97.1 97.5 94.0 86.4 86.8]%  (52.6s)
2026-06-12 20:38:41,571 | INFO | celeba_ood | epoch  14/30  train_loss=0.2979  train_gender_acc=99.9%  train_attr_acc=[96.5 97.5 97.9 94.8 88.0 88.5]%  (53.0s)
2026-06-12 20:39:34,652 | INFO | celeba_ood | epoch  15/30  train_loss=0.2607  train_gender_acc=99.9%  train_attr_acc=[97.1 97.8 98.1 95.6 89.6 90.1]%  (53.1s)
2026-06-12 20:40:27,489 | INFO | celeba_ood | epoch  16/30  train_loss=0.2290  train_gender_acc=99.9%  train_attr_acc=[97.4 98.0 98.4 96.2 91.1 91.6]%  (52.8s)
2026-06-12 20:41:20,737 | INFO | celeba_ood | epoch  17/30  train_loss=0.2005  train_gender_acc=99.9%  train_attr_acc=[97.8 98.2 98.6 96.7 92.4 92.7]%  (53.2s)
2026-06-12 20:42:14,051 | INFO | celeba_ood | epoch  18/30  train_loss=0.1749  train_gender_acc=99.9%  train_attr_acc=[98.0 98.4 98.7 97.1 93.5 93.9]%  (53.3s)
2026-06-12 20:43:07,257 | INFO | celeba_ood | epoch  19/30  train_loss=0.1551  train_gender_acc=99.9%  train_attr_acc=[98.2 98.6 98.8 97.4 94.4 94.6]%  (53.2s)
2026-06-12 20:44:00,163 | INFO | celeba_ood | epoch  20/30  train_loss=0.1380  train_gender_acc=99.9%  train_attr_acc=[98.4 98.7 99.0 97.7 95.2 95.3]%  (52.9s)
2026-06-12 20:44:53,366 | INFO | celeba_ood | epoch  21/30  train_loss=0.1265  train_gender_acc=99.9%  train_attr_acc=[98.4 98.8 99.0 97.9 95.7 95.9]%  (53.2s)
2026-06-12 20:45:46,743 | INFO | celeba_ood | epoch  22/30  train_loss=0.1156  train_gender_acc=99.9%  train_attr_acc=[98.7 98.9 99.1 98.1 96.1 96.3]%  (53.4s)
2026-06-12 20:46:40,546 | INFO | celeba_ood | epoch  23/30  train_loss=0.1093  train_gender_acc=99.9%  train_attr_acc=[98.7 98.9 99.1 98.2 96.4 96.5]%  (53.8s)
2026-06-12 20:47:33,808 | INFO | celeba_ood | epoch  24/30  train_loss=0.1051  train_gender_acc=99.9%  train_attr_acc=[98.7 99.0 99.1 98.2 96.6 96.6]%  (53.3s)
2026-06-12 20:48:26,381 | INFO | celeba_ood | epoch  25/30  train_loss=0.0961  train_gender_acc=99.9%  train_attr_acc=[98.8 99.1 99.2 98.5 96.8 97.0]%  (52.6s)
2026-06-12 20:49:19,045 | INFO | celeba_ood | epoch  26/30  train_loss=0.0893  train_gender_acc=99.9%  train_attr_acc=[98.8 99.2 99.3 98.6 97.1 97.2]%  (52.7s)
2026-06-12 20:50:11,936 | INFO | celeba_ood | epoch  27/30  train_loss=0.0867  train_gender_acc=99.9%  train_attr_acc=[98.9 99.2 99.3 98.5 97.2 97.3]%  (52.9s)
2026-06-12 20:51:05,291 | INFO | celeba_ood | epoch  28/30  train_loss=0.0868  train_gender_acc=99.9%  train_attr_acc=[98.9 99.2 99.2 98.7 97.3 97.2]%  (53.4s)
2026-06-12 20:51:58,799 | INFO | celeba_ood | epoch  29/30  train_loss=0.0794  train_gender_acc=99.9%  train_attr_acc=[99.0 99.2 99.3 98.7 97.4 97.6]%  (53.5s)
2026-06-12 20:52:51,810 | INFO | celeba_ood | epoch  30/30  train_loss=0.0809  train_gender_acc=99.9%  train_attr_acc=[98.9 99.2 99.3 98.7 97.5 97.5]%  (53.0s)
2026-06-12 20:52:51,810 | INFO | celeba_ood | Training done in 1591.6s
2026-06-12 20:52:51,948 | INFO | celeba_ood | ======================================================================
2026-06-12 20:52:51,948 | INFO | celeba_ood | PHASE 2 — training per-block reconstruction decoders
2026-06-12 20:52:51,949 | INFO | celeba_ood | ======================================================================
2026-06-12 20:52:51,949 | INFO | celeba_ood |   decoder L0: in=(C=32, H=32) → out=(3, 64, 64)  params=4,691
2026-06-12 20:52:51,949 | INFO | celeba_ood |   decoder L1: in=(C=64, H=16) → out=(3, 64, 64)  params=23,187
2026-06-12 20:52:51,949 | INFO | celeba_ood |   decoder L2: in=(C=128, H=8) → out=(3, 64, 64)  params=97,043
2026-06-12 20:52:51,949 | INFO | celeba_ood |   decoder L3: in=(C=256, H=4) → out=(3, 64, 64)  params=392,211
2026-06-12 20:52:51,949 | INFO | celeba_ood |   decoder L4: in=(C=256, H=2) → out=(3, 64, 64)  params=394,547
2026-06-12 20:52:51,949 | INFO | celeba_ood |   decoder L5: in=(C=256, H=2) → out=(3, 64, 64)  params=394,547
2026-06-12 20:55:30,373 | INFO | celeba_ood | [decoders] epoch   1/30  train=0.1220  per_block(train)=[0.0056 0.0071 0.0134 0.0167 0.0334 0.0458]  (158.4s)
2026-06-12 20:58:08,743 | INFO | celeba_ood | [decoders] epoch   2/30  train=0.0835  per_block(train)=[0.0010 0.0026 0.0056 0.0117 0.0256 0.0370]  (158.4s)
2026-06-12 21:00:47,106 | INFO | celeba_ood | [decoders] epoch   3/30  train=0.0785  per_block(train)=[0.0009 0.0024 0.0052 0.0109 0.0242 0.0349]  (158.4s)
2026-06-12 21:03:25,479 | INFO | celeba_ood | [decoders] epoch   4/30  train=0.0758  per_block(train)=[0.0009 0.0023 0.0050 0.0104 0.0235 0.0337]  (158.4s)
2026-06-12 21:06:03,864 | INFO | celeba_ood | [decoders] epoch   5/30  train=0.0740  per_block(train)=[0.0009 0.0022 0.0049 0.0102 0.0230 0.0330]  (158.4s)
2026-06-12 21:08:42,217 | INFO | celeba_ood | [decoders] epoch   6/30  train=0.0725  per_block(train)=[0.0008 0.0022 0.0048 0.0099 0.0225 0.0323]  (158.4s)
2026-06-12 21:11:20,570 | INFO | celeba_ood | [decoders] epoch   7/30  train=0.0715  per_block(train)=[0.0008 0.0021 0.0047 0.0098 0.0222 0.0318]  (158.4s)
2026-06-12 21:13:58,928 | INFO | celeba_ood | [decoders] epoch   8/30  train=0.0706  per_block(train)=[0.0008 0.0021 0.0047 0.0097 0.0220 0.0314]  (158.4s)
2026-06-12 21:16:37,311 | INFO | celeba_ood | [decoders] epoch   9/30  train=0.0698  per_block(train)=[0.0007 0.0021 0.0047 0.0096 0.0217 0.0311]  (158.4s)
2026-06-12 21:19:15,676 | INFO | celeba_ood | [decoders] epoch  10/30  train=0.0692  per_block(train)=[0.0007 0.0021 0.0046 0.0095 0.0215 0.0308]  (158.4s)
2026-06-12 21:21:54,012 | INFO | celeba_ood | [decoders] epoch  11/30  train=0.0686  per_block(train)=[0.0007 0.0020 0.0046 0.0094 0.0214 0.0305]  (158.3s)
2026-06-12 21:24:32,375 | INFO | celeba_ood | [decoders] epoch  12/30  train=0.0681  per_block(train)=[0.0007 0.0020 0.0046 0.0093 0.0212 0.0302]  (158.4s)
2026-06-12 21:27:10,735 | INFO | celeba_ood | [decoders] epoch  13/30  train=0.0677  per_block(train)=[0.0007 0.0020 0.0046 0.0093 0.0211 0.0301]  (158.4s)
2026-06-12 21:29:49,099 | INFO | celeba_ood | [decoders] epoch  14/30  train=0.0672  per_block(train)=[0.0007 0.0020 0.0045 0.0092 0.0210 0.0298]  (158.4s)
2026-06-12 21:32:27,466 | INFO | celeba_ood | [decoders] epoch  15/30  train=0.0668  per_block(train)=[0.0007 0.0020 0.0045 0.0091 0.0208 0.0297]  (158.4s)
2026-06-12 21:35:05,833 | INFO | celeba_ood | [decoders] epoch  16/30  train=0.0665  per_block(train)=[0.0007 0.0020 0.0045 0.0091 0.0207 0.0295]  (158.4s)
2026-06-12 21:37:44,182 | INFO | celeba_ood | [decoders] epoch  17/30  train=0.0661  per_block(train)=[0.0006 0.0020 0.0045 0.0091 0.0206 0.0293]  (158.3s)
2026-06-12 21:40:22,530 | INFO | celeba_ood | [decoders] epoch  18/30  train=0.0659  per_block(train)=[0.0006 0.0019 0.0045 0.0090 0.0206 0.0292]  (158.3s)
2026-06-12 21:43:00,887 | INFO | celeba_ood | [decoders] epoch  19/30  train=0.0656  per_block(train)=[0.0006 0.0019 0.0045 0.0090 0.0205 0.0291]  (158.4s)
2026-06-12 21:45:39,254 | INFO | celeba_ood | [decoders] epoch  20/30  train=0.0653  per_block(train)=[0.0006 0.0019 0.0045 0.0090 0.0204 0.0289]  (158.4s)
2026-06-12 21:48:17,626 | INFO | celeba_ood | [decoders] epoch  21/30  train=0.0650  per_block(train)=[0.0006 0.0019 0.0044 0.0089 0.0203 0.0288]  (158.4s)
2026-06-12 21:50:55,989 | INFO | celeba_ood | [decoders] epoch  22/30  train=0.0648  per_block(train)=[0.0006 0.0019 0.0044 0.0089 0.0202 0.0287]  (158.4s)
2026-06-12 21:53:34,367 | INFO | celeba_ood | [decoders] epoch  23/30  train=0.0646  per_block(train)=[0.0006 0.0019 0.0044 0.0089 0.0202 0.0286]  (158.4s)
2026-06-12 21:56:12,735 | INFO | celeba_ood | [decoders] epoch  24/30  train=0.0644  per_block(train)=[0.0006 0.0019 0.0044 0.0089 0.0201 0.0285]  (158.4s)
2026-06-12 21:58:51,091 | INFO | celeba_ood | [decoders] epoch  25/30  train=0.0643  per_block(train)=[0.0006 0.0019 0.0044 0.0089 0.0201 0.0284]  (158.4s)
2026-06-12 22:01:29,441 | INFO | celeba_ood | [decoders] epoch  26/30  train=0.0640  per_block(train)=[0.0006 0.0019 0.0044 0.0088 0.0200 0.0283]  (158.3s)
2026-06-12 22:04:07,807 | INFO | celeba_ood | [decoders] epoch  27/30  train=0.0639  per_block(train)=[0.0006 0.0019 0.0044 0.0088 0.0200 0.0282]  (158.4s)
2026-06-12 22:06:46,166 | INFO | celeba_ood | [decoders] epoch  28/30  train=0.0637  per_block(train)=[0.0006 0.0019 0.0044 0.0088 0.0199 0.0281]  (158.4s)
2026-06-12 22:09:24,535 | INFO | celeba_ood | [decoders] epoch  29/30  train=0.0635  per_block(train)=[0.0006 0.0019 0.0044 0.0088 0.0199 0.0280]  (158.4s)
2026-06-12 22:12:02,896 | INFO | celeba_ood | [decoders] epoch  30/30  train=0.0634  per_block(train)=[0.0006 0.0019 0.0044 0.0087 0.0198 0.0280]  (158.4s)
2026-06-12 22:12:02,897 | INFO | celeba_ood | Decoder training done in 4750.9s
2026-06-12 22:12:02,928 | INFO | celeba_ood | ======================================================================
2026-06-12 22:12:02,928 | INFO | celeba_ood | EVALUATION — per-attribute accuracy + OOD AUROC
2026-06-12 22:12:02,928 | INFO | celeba_ood | ======================================================================
2026-06-12 22:12:02,928 | INFO | celeba_ood | Collecting predictions on test_in...
2026-06-12 22:12:09,136 | INFO | celeba_ood |   test_in size = 18941, OOD score (combined entropy) mean = nan
2026-06-12 22:12:09,136 | INFO | celeba_ood | Collecting predictions on test_ood (Eyeglasses)...
2026-06-12 22:12:13,440 | INFO | celeba_ood |   test_ood size = 13193, OOD score (combined entropy) mean = nan
2026-06-12 22:12:13,467 | INFO | celeba_ood | Per-attribute accuracy (in-distribution test set):
2026-06-12 22:12:13,468 | INFO | celeba_ood |   Male/Female : 97.74%
2026-06-12 22:12:13,468 | INFO | celeba_ood |   Young                 : 86.71%
2026-06-12 22:12:13,468 | INFO | celeba_ood |   Smiling               : 91.02%
2026-06-12 22:12:13,468 | INFO | celeba_ood |   Mouth_Slightly_Open   : 91.20%
2026-06-12 22:12:13,468 | INFO | celeba_ood |   High_Cheekbones       : 83.21%
2026-06-12 22:12:13,468 | INFO | celeba_ood |   Pointy_Nose           : 72.17%
2026-06-12 22:12:13,468 | INFO | celeba_ood |   Oval_Face             : 71.36%
2026-06-12 22:12:13,468 | INFO | celeba_ood | OOD AUROC (in-dist vs Eyeglasses):
2026-06-12 22:12:13,468 | INFO | celeba_ood |   score_msp                AUROC = 0.6446  (in_mean=0.004, ood_mean=0.016)
2026-06-12 22:12:13,468 | INFO | celeba_ood |   score_entropy_gender     AUROC = 0.7050  (in_mean=0.010, ood_mean=0.038)
2026-06-12 22:13:29,946 | INFO | celeba_ood | Fusion-based AUROC (max-pixel) = 0.5912  (in_mean=1.1612, ood_mean=1.2874)
2026-06-12 22:13:29,947 | INFO | celeba_ood | Wrote per-block plots: per_block_breakdown.png, recons_only.png, activations.png, fusion_overlay.png, fusion_auroc.png
2026-06-12 22:13:29,948 | INFO | celeba_ood | Summary written to outputs/celeba_ood/ensemble_20260612_164529_6508484/model_2/summary.json
2026-06-12 22:13:29,950 | INFO | celeba_ood | model 3/10 done in 6429.8s
2026-06-12 22:13:29,970 | INFO | celeba_ood | ######################################################################
2026-06-12 22:13:29,970 | INFO | celeba_ood | # MODEL 4/10   (seed=45)
2026-06-12 22:13:29,970 | INFO | celeba_ood | ######################################################################
2026-06-12 22:13:30,010 | INFO | celeba_ood | Model        : FacialCNN  (1,571,624 params)
2026-06-12 22:13:30,010 | INFO | celeba_ood | ======================================================================
2026-06-12 22:13:30,010 | INFO | celeba_ood | TRAINING — combined CE(gender) + BCE(attrs) loss
2026-06-12 22:13:30,010 | INFO | celeba_ood | ======================================================================
2026-06-12 22:13:30,011 | INFO | celeba_ood | No validation set — running the full 30-epoch schedule with no early stopping; final-epoch weights are kept.
2026-06-12 22:14:22,990 | INFO | celeba_ood | epoch   1/30  train_loss=0.9390  train_gender_acc=94.9%  train_attr_acc=[84.2 87.8 84.7 83.2 72.8 72.7]%  (53.0s)
2026-06-12 22:15:16,547 | INFO | celeba_ood | epoch   2/30  train_loss=0.7452  train_gender_acc=97.6%  train_attr_acc=[87.3 91.9 91.4 87.0 74.6 74.6]%  (53.6s)
2026-06-12 22:16:09,839 | INFO | celeba_ood | epoch   3/30  train_loss=0.6956  train_gender_acc=98.2%  train_attr_acc=[88.3 92.5 92.5 87.6 75.6 75.4]%  (53.3s)
2026-06-12 22:17:03,249 | INFO | celeba_ood | epoch   4/30  train_loss=0.6598  train_gender_acc=98.8%  train_attr_acc=[88.9 92.8 93.0 88.0 76.2 76.0]%  (53.4s)
2026-06-12 22:17:56,378 | INFO | celeba_ood | epoch   5/30  train_loss=0.6267  train_gender_acc=99.2%  train_attr_acc=[89.5 93.3 93.5 88.5 76.9 76.6]%  (53.1s)
2026-06-12 22:18:49,564 | INFO | celeba_ood | epoch   6/30  train_loss=0.5968  train_gender_acc=99.4%  train_attr_acc=[90.2 93.7 94.0 89.0 77.5 77.3]%  (53.2s)
2026-06-12 22:19:42,151 | INFO | celeba_ood | epoch   7/30  train_loss=0.5677  train_gender_acc=99.6%  train_attr_acc=[90.8 94.2 94.4 89.6 78.2 78.0]%  (52.6s)
2026-06-12 22:20:34,875 | INFO | celeba_ood | epoch   8/30  train_loss=0.5363  train_gender_acc=99.7%  train_attr_acc=[91.6 94.6 94.9 90.2 79.1 78.9]%  (52.7s)
2026-06-12 22:21:27,532 | INFO | celeba_ood | epoch   9/30  train_loss=0.5034  train_gender_acc=99.8%  train_attr_acc=[92.5 95.2 95.4 90.8 80.1 80.1]%  (52.7s)
2026-06-12 22:22:20,621 | INFO | celeba_ood | epoch  10/30  train_loss=0.4664  train_gender_acc=99.8%  train_attr_acc=[93.3 95.7 96.0 91.6 81.3 81.5]%  (53.1s)
2026-06-12 22:23:13,149 | INFO | celeba_ood | epoch  11/30  train_loss=0.4269  train_gender_acc=99.9%  train_attr_acc=[94.2 96.2 96.5 92.4 82.9 82.9]%  (52.5s)
2026-06-12 22:24:05,825 | INFO | celeba_ood | epoch  12/30  train_loss=0.3873  train_gender_acc=99.9%  train_attr_acc=[95.0 96.6 97.0 93.2 84.3 84.4]%  (52.7s)
2026-06-12 22:24:58,334 | INFO | celeba_ood | epoch  13/30  train_loss=0.3457  train_gender_acc=99.9%  train_attr_acc=[95.7 97.1 97.5 94.0 86.0 86.1]%  (52.5s)
2026-06-12 22:25:51,702 | INFO | celeba_ood | epoch  14/30  train_loss=0.3068  train_gender_acc=99.9%  train_attr_acc=[96.4 97.5 97.8 94.7 87.5 87.9]%  (53.4s)
2026-06-12 22:26:44,744 | INFO | celeba_ood | epoch  15/30  train_loss=0.2729  train_gender_acc=99.9%  train_attr_acc=[96.9 97.7 98.1 95.3 89.0 89.4]%  (53.0s)
2026-06-12 22:27:37,471 | INFO | celeba_ood | epoch  16/30  train_loss=0.2382  train_gender_acc=99.9%  train_attr_acc=[97.3 98.0 98.4 96.1 90.6 90.9]%  (52.7s)
2026-06-12 22:28:29,631 | INFO | celeba_ood | epoch  17/30  train_loss=0.2080  train_gender_acc=99.9%  train_attr_acc=[97.7 98.3 98.5 96.5 91.9 92.3]%  (52.2s)
2026-06-12 22:29:22,013 | INFO | celeba_ood | epoch  18/30  train_loss=0.1825  train_gender_acc=99.9%  train_attr_acc=[97.9 98.5 98.7 97.0 93.1 93.4]%  (52.4s)
2026-06-12 22:30:14,463 | INFO | celeba_ood | epoch  19/30  train_loss=0.1622  train_gender_acc=99.9%  train_attr_acc=[98.2 98.6 98.8 97.3 94.0 94.3]%  (52.5s)
2026-06-12 22:31:07,985 | INFO | celeba_ood | epoch  20/30  train_loss=0.1456  train_gender_acc=99.9%  train_attr_acc=[98.3 98.7 98.9 97.6 94.8 95.0]%  (53.5s)
2026-06-12 22:32:00,733 | INFO | celeba_ood | epoch  21/30  train_loss=0.1313  train_gender_acc=99.9%  train_attr_acc=[98.4 98.8 99.1 97.8 95.4 95.6]%  (52.7s)
2026-06-12 22:32:54,286 | INFO | celeba_ood | epoch  22/30  train_loss=0.1184  train_gender_acc=100.0%  train_attr_acc=[98.5 99.0 99.1 98.1 95.9 95.9]%  (53.6s)
2026-06-12 22:33:47,717 | INFO | celeba_ood | epoch  23/30  train_loss=0.1117  train_gender_acc=99.9%  train_attr_acc=[98.6 99.0 99.2 98.2 96.3 96.3]%  (53.4s)
2026-06-12 22:34:41,304 | INFO | celeba_ood | epoch  24/30  train_loss=0.1054  train_gender_acc=99.9%  train_attr_acc=[98.7 99.0 99.1 98.4 96.6 96.6]%  (53.6s)
2026-06-12 22:35:34,475 | INFO | celeba_ood | epoch  25/30  train_loss=0.1004  train_gender_acc=99.9%  train_attr_acc=[98.7 99.1 99.2 98.3 96.7 96.8]%  (53.2s)
2026-06-12 22:36:26,731 | INFO | celeba_ood | epoch  26/30  train_loss=0.0921  train_gender_acc=99.9%  train_attr_acc=[98.8 99.2 99.3 98.5 97.0 97.0]%  (52.3s)
2026-06-12 22:37:19,420 | INFO | celeba_ood | epoch  27/30  train_loss=0.0902  train_gender_acc=99.9%  train_attr_acc=[98.8 99.2 99.2 98.5 97.1 97.1]%  (52.7s)
2026-06-12 22:38:12,235 | INFO | celeba_ood | epoch  28/30  train_loss=0.0831  train_gender_acc=99.9%  train_attr_acc=[98.9 99.2 99.3 98.7 97.3 97.4]%  (52.8s)
2026-06-12 22:39:05,561 | INFO | celeba_ood | epoch  29/30  train_loss=0.0846  train_gender_acc=99.9%  train_attr_acc=[98.9 99.2 99.3 98.6 97.4 97.3]%  (53.3s)
2026-06-12 22:39:59,099 | INFO | celeba_ood | epoch  30/30  train_loss=0.0777  train_gender_acc=99.9%  train_attr_acc=[99.0 99.3 99.4 98.8 97.5 97.6]%  (53.5s)
2026-06-12 22:39:59,100 | INFO | celeba_ood | Training done in 1589.1s
2026-06-12 22:39:59,220 | INFO | celeba_ood | ======================================================================
2026-06-12 22:39:59,220 | INFO | celeba_ood | PHASE 2 — training per-block reconstruction decoders
2026-06-12 22:39:59,220 | INFO | celeba_ood | ======================================================================
2026-06-12 22:39:59,220 | INFO | celeba_ood |   decoder L0: in=(C=32, H=32) → out=(3, 64, 64)  params=4,691
2026-06-12 22:39:59,220 | INFO | celeba_ood |   decoder L1: in=(C=64, H=16) → out=(3, 64, 64)  params=23,187
2026-06-12 22:39:59,220 | INFO | celeba_ood |   decoder L2: in=(C=128, H=8) → out=(3, 64, 64)  params=97,043
2026-06-12 22:39:59,220 | INFO | celeba_ood |   decoder L3: in=(C=256, H=4) → out=(3, 64, 64)  params=392,211
2026-06-12 22:39:59,220 | INFO | celeba_ood |   decoder L4: in=(C=256, H=2) → out=(3, 64, 64)  params=394,547
2026-06-12 22:39:59,220 | INFO | celeba_ood |   decoder L5: in=(C=256, H=2) → out=(3, 64, 64)  params=394,547
2026-06-12 22:42:37,617 | INFO | celeba_ood | [decoders] epoch   1/30  train=0.1152  per_block(train)=[0.0047 0.0060 0.0101 0.0162 0.0326 0.0457]  (158.4s)
2026-06-12 22:45:16,002 | INFO | celeba_ood | [decoders] epoch   2/30  train=0.0817  per_block(train)=[0.0011 0.0025 0.0054 0.0113 0.0250 0.0364]  (158.4s)
2026-06-12 22:47:54,378 | INFO | celeba_ood | [decoders] epoch   3/30  train=0.0768  per_block(train)=[0.0010 0.0023 0.0050 0.0105 0.0237 0.0343]  (158.4s)
2026-06-12 22:50:32,777 | INFO | celeba_ood | [decoders] epoch   4/30  train=0.0740  per_block(train)=[0.0009 0.0021 0.0048 0.0101 0.0229 0.0331]  (158.4s)
2026-06-12 22:53:11,141 | INFO | celeba_ood | [decoders] epoch   5/30  train=0.0723  per_block(train)=[0.0009 0.0021 0.0048 0.0098 0.0224 0.0323]  (158.4s)
2026-06-12 22:55:49,519 | INFO | celeba_ood | [decoders] epoch   6/30  train=0.0709  per_block(train)=[0.0008 0.0020 0.0047 0.0096 0.0220 0.0317]  (158.4s)
2026-06-12 22:58:27,923 | INFO | celeba_ood | [decoders] epoch   7/30  train=0.0699  per_block(train)=[0.0008 0.0020 0.0046 0.0095 0.0217 0.0313]  (158.4s)
2026-06-12 23:01:06,293 | INFO | celeba_ood | [decoders] epoch   8/30  train=0.0690  per_block(train)=[0.0008 0.0020 0.0046 0.0094 0.0215 0.0308]  (158.4s)
2026-06-12 23:03:44,675 | INFO | celeba_ood | [decoders] epoch   9/30  train=0.0683  per_block(train)=[0.0008 0.0020 0.0045 0.0093 0.0212 0.0305]  (158.4s)
2026-06-12 23:06:23,051 | INFO | celeba_ood | [decoders] epoch  10/30  train=0.0677  per_block(train)=[0.0007 0.0019 0.0045 0.0092 0.0210 0.0302]  (158.4s)
2026-06-12 23:09:01,422 | INFO | celeba_ood | [decoders] epoch  11/30  train=0.0671  per_block(train)=[0.0007 0.0019 0.0045 0.0091 0.0209 0.0299]  (158.4s)
2026-06-12 23:11:39,816 | INFO | celeba_ood | [decoders] epoch  12/30  train=0.0667  per_block(train)=[0.0007 0.0019 0.0045 0.0091 0.0208 0.0297]  (158.4s)
2026-06-12 23:14:18,195 | INFO | celeba_ood | [decoders] epoch  13/30  train=0.0662  per_block(train)=[0.0007 0.0019 0.0044 0.0090 0.0206 0.0295]  (158.4s)
2026-06-12 23:16:56,587 | INFO | celeba_ood | [decoders] epoch  14/30  train=0.0658  per_block(train)=[0.0007 0.0019 0.0044 0.0090 0.0205 0.0294]  (158.4s)
2026-06-12 23:19:34,976 | INFO | celeba_ood | [decoders] epoch  15/30  train=0.0654  per_block(train)=[0.0007 0.0019 0.0044 0.0089 0.0204 0.0291]  (158.4s)
2026-06-12 23:22:13,347 | INFO | celeba_ood | [decoders] epoch  16/30  train=0.0651  per_block(train)=[0.0007 0.0019 0.0044 0.0089 0.0203 0.0290]  (158.4s)
2026-06-12 23:24:51,741 | INFO | celeba_ood | [decoders] epoch  17/30  train=0.0647  per_block(train)=[0.0007 0.0019 0.0044 0.0088 0.0202 0.0288]  (158.4s)
2026-06-12 23:27:30,159 | INFO | celeba_ood | [decoders] epoch  18/30  train=0.0645  per_block(train)=[0.0007 0.0019 0.0044 0.0088 0.0201 0.0287]  (158.4s)
2026-06-12 23:30:08,544 | INFO | celeba_ood | [decoders] epoch  19/30  train=0.0642  per_block(train)=[0.0007 0.0019 0.0043 0.0088 0.0200 0.0285]  (158.4s)
2026-06-12 23:32:46,925 | INFO | celeba_ood | [decoders] epoch  20/30  train=0.0639  per_block(train)=[0.0006 0.0018 0.0043 0.0087 0.0200 0.0284]  (158.4s)
2026-06-12 23:35:25,304 | INFO | celeba_ood | [decoders] epoch  21/30  train=0.0637  per_block(train)=[0.0006 0.0018 0.0043 0.0087 0.0199 0.0283]  (158.4s)
2026-06-12 23:38:03,675 | INFO | celeba_ood | [decoders] epoch  22/30  train=0.0634  per_block(train)=[0.0006 0.0018 0.0043 0.0087 0.0198 0.0281]  (158.4s)
2026-06-12 23:40:42,076 | INFO | celeba_ood | [decoders] epoch  23/30  train=0.0632  per_block(train)=[0.0006 0.0018 0.0043 0.0087 0.0197 0.0280]  (158.4s)
2026-06-12 23:43:20,473 | INFO | celeba_ood | [decoders] epoch  24/30  train=0.0631  per_block(train)=[0.0006 0.0018 0.0043 0.0087 0.0197 0.0279]  (158.4s)
2026-06-12 23:45:58,867 | INFO | celeba_ood | [decoders] epoch  25/30  train=0.0629  per_block(train)=[0.0006 0.0018 0.0043 0.0086 0.0196 0.0278]  (158.4s)
2026-06-12 23:48:37,262 | INFO | celeba_ood | [decoders] epoch  26/30  train=0.0627  per_block(train)=[0.0006 0.0018 0.0043 0.0086 0.0196 0.0278]  (158.4s)
2026-06-12 23:51:15,647 | INFO | celeba_ood | [decoders] epoch  27/30  train=0.0625  per_block(train)=[0.0006 0.0018 0.0043 0.0086 0.0195 0.0277]  (158.4s)
2026-06-12 23:53:54,024 | INFO | celeba_ood | [decoders] epoch  28/30  train=0.0624  per_block(train)=[0.0006 0.0018 0.0043 0.0086 0.0195 0.0276]  (158.4s)
2026-06-12 23:56:32,386 | INFO | celeba_ood | [decoders] epoch  29/30  train=0.0622  per_block(train)=[0.0006 0.0018 0.0043 0.0086 0.0194 0.0275]  (158.4s)
2026-06-12 23:59:10,749 | INFO | celeba_ood | [decoders] epoch  30/30  train=0.0620  per_block(train)=[0.0006 0.0018 0.0043 0.0085 0.0194 0.0274]  (158.4s)
2026-06-12 23:59:10,750 | INFO | celeba_ood | Decoder training done in 4751.5s
2026-06-12 23:59:10,781 | INFO | celeba_ood | ======================================================================
2026-06-12 23:59:10,781 | INFO | celeba_ood | EVALUATION — per-attribute accuracy + OOD AUROC
2026-06-12 23:59:10,781 | INFO | celeba_ood | ======================================================================
2026-06-12 23:59:10,782 | INFO | celeba_ood | Collecting predictions on test_in...
2026-06-12 23:59:17,227 | INFO | celeba_ood |   test_in size = 18941, OOD score (combined entropy) mean = nan
2026-06-12 23:59:17,227 | INFO | celeba_ood | Collecting predictions on test_ood (Eyeglasses)...
2026-06-12 23:59:21,479 | INFO | celeba_ood |   test_ood size = 13193, OOD score (combined entropy) mean = nan
2026-06-12 23:59:21,506 | INFO | celeba_ood | Per-attribute accuracy (in-distribution test set):
2026-06-12 23:59:21,506 | INFO | celeba_ood |   Male/Female : 97.56%
2026-06-12 23:59:21,506 | INFO | celeba_ood |   Young                 : 86.63%
2026-06-12 23:59:21,506 | INFO | celeba_ood |   Smiling               : 91.01%
2026-06-12 23:59:21,506 | INFO | celeba_ood |   Mouth_Slightly_Open   : 90.91%
2026-06-12 23:59:21,506 | INFO | celeba_ood |   High_Cheekbones       : 82.88%
2026-06-12 23:59:21,506 | INFO | celeba_ood |   Pointy_Nose           : 70.71%
2026-06-12 23:59:21,506 | INFO | celeba_ood |   Oval_Face             : 66.99%
2026-06-12 23:59:21,506 | INFO | celeba_ood | OOD AUROC (in-dist vs Eyeglasses):
2026-06-12 23:59:21,506 | INFO | celeba_ood |   score_msp                AUROC = 0.6041  (in_mean=0.004, ood_mean=0.015)
2026-06-12 23:59:21,506 | INFO | celeba_ood |   score_entropy_gender     AUROC = 0.6163  (in_mean=0.010, ood_mean=0.037)
2026-06-13 00:00:37,566 | INFO | celeba_ood | Fusion-based AUROC (max-pixel) = 0.5794  (in_mean=1.1583, ood_mean=1.2665)
2026-06-13 00:00:37,566 | INFO | celeba_ood | Wrote per-block plots: per_block_breakdown.png, recons_only.png, activations.png, fusion_overlay.png, fusion_auroc.png
2026-06-13 00:00:37,568 | INFO | celeba_ood | Summary written to outputs/celeba_ood/ensemble_20260612_164529_6508484/model_3/summary.json
2026-06-13 00:00:37,570 | INFO | celeba_ood | model 4/10 done in 6427.6s
2026-06-13 00:00:37,590 | INFO | celeba_ood | ######################################################################
2026-06-13 00:00:37,591 | INFO | celeba_ood | # MODEL 5/10   (seed=46)
2026-06-13 00:00:37,591 | INFO | celeba_ood | ######################################################################
2026-06-13 00:00:37,632 | INFO | celeba_ood | Model        : FacialCNN  (1,571,624 params)
2026-06-13 00:00:37,632 | INFO | celeba_ood | ======================================================================
2026-06-13 00:00:37,632 | INFO | celeba_ood | TRAINING — combined CE(gender) + BCE(attrs) loss
2026-06-13 00:00:37,632 | INFO | celeba_ood | ======================================================================
2026-06-13 00:00:37,632 | INFO | celeba_ood | No validation set — running the full 30-epoch schedule with no early stopping; final-epoch weights are kept.
2026-06-13 00:01:31,289 | INFO | celeba_ood | epoch   1/30  train_loss=0.9188  train_gender_acc=95.3%  train_attr_acc=[84.9 88.4 85.4 83.6 72.5 72.9]%  (53.7s)
2026-06-13 00:02:25,332 | INFO | celeba_ood | epoch   2/30  train_loss=0.7402  train_gender_acc=97.6%  train_attr_acc=[87.4 92.0 91.7 87.1 74.7 74.9]%  (54.0s)
2026-06-13 00:03:19,141 | INFO | celeba_ood | epoch   3/30  train_loss=0.6913  train_gender_acc=98.3%  train_attr_acc=[88.3 92.5 92.5 87.6 75.6 75.6]%  (53.8s)
2026-06-13 00:04:13,241 | INFO | celeba_ood | epoch   4/30  train_loss=0.6551  train_gender_acc=98.8%  train_attr_acc=[89.0 93.0 93.1 88.1 76.3 76.2]%  (54.1s)
2026-06-13 00:05:06,809 | INFO | celeba_ood | epoch   5/30  train_loss=0.6234  train_gender_acc=99.2%  train_attr_acc=[89.6 93.3 93.6 88.6 76.8 76.8]%  (53.6s)
2026-06-13 00:06:00,443 | INFO | celeba_ood | epoch   6/30  train_loss=0.5929  train_gender_acc=99.5%  train_attr_acc=[90.3 93.7 94.0 89.1 77.6 77.4]%  (53.6s)
2026-06-13 00:06:53,927 | INFO | celeba_ood | epoch   7/30  train_loss=0.5627  train_gender_acc=99.6%  train_attr_acc=[90.9 94.2 94.5 89.6 78.4 78.2]%  (53.5s)
2026-06-13 00:07:47,709 | INFO | celeba_ood | epoch   8/30  train_loss=0.5300  train_gender_acc=99.7%  train_attr_acc=[91.8 94.7 95.0 90.2 79.3 79.2]%  (53.8s)
2026-06-13 00:08:41,187 | INFO | celeba_ood | epoch   9/30  train_loss=0.4940  train_gender_acc=99.8%  train_attr_acc=[92.7 95.3 95.6 91.0 80.4 80.5]%  (53.5s)
2026-06-13 00:09:33,873 | INFO | celeba_ood | epoch  10/30  train_loss=0.4581  train_gender_acc=99.8%  train_attr_acc=[93.5 95.7 96.1 91.8 81.6 81.8]%  (52.7s)
2026-06-13 00:10:26,840 | INFO | celeba_ood | epoch  11/30  train_loss=0.4184  train_gender_acc=99.9%  train_attr_acc=[94.4 96.3 96.7 92.5 83.1 83.2]%  (53.0s)
2026-06-13 00:11:19,344 | INFO | celeba_ood | epoch  12/30  train_loss=0.3772  train_gender_acc=99.9%  train_attr_acc=[95.3 96.7 97.1 93.3 84.7 84.9]%  (52.5s)
2026-06-13 00:12:12,409 | INFO | celeba_ood | epoch  13/30  train_loss=0.3390  train_gender_acc=99.9%  train_attr_acc=[95.9 97.1 97.5 94.1 86.2 86.6]%  (53.1s)
2026-06-13 00:13:05,900 | INFO | celeba_ood | epoch  14/30  train_loss=0.2993  train_gender_acc=99.9%  train_attr_acc=[96.6 97.5 97.9 94.9 87.9 88.2]%  (53.5s)
2026-06-13 00:14:00,711 | INFO | celeba_ood | epoch  15/30  train_loss=0.2634  train_gender_acc=99.9%  train_attr_acc=[97.1 97.8 98.2 95.5 89.4 89.9]%  (54.8s)
2026-06-13 00:14:54,247 | INFO | celeba_ood | epoch  16/30  train_loss=0.2300  train_gender_acc=99.9%  train_attr_acc=[97.5 98.0 98.4 96.2 91.0 91.3]%  (53.5s)
2026-06-13 00:15:47,992 | INFO | celeba_ood | epoch  17/30  train_loss=0.2002  train_gender_acc=99.9%  train_attr_acc=[97.8 98.3 98.6 96.7 92.3 92.6]%  (53.7s)
2026-06-13 00:16:40,816 | INFO | celeba_ood | epoch  18/30  train_loss=0.1759  train_gender_acc=99.9%  train_attr_acc=[98.1 98.5 98.7 97.1 93.5 93.7]%  (52.8s)
2026-06-13 00:17:34,246 | INFO | celeba_ood | epoch  19/30  train_loss=0.1558  train_gender_acc=99.9%  train_attr_acc=[98.2 98.6 98.9 97.4 94.4 94.5]%  (53.4s)
2026-06-13 00:18:27,600 | INFO | celeba_ood | epoch  20/30  train_loss=0.1405  train_gender_acc=99.9%  train_attr_acc=[98.3 98.7 98.9 97.8 95.0 95.2]%  (53.4s)
2026-06-13 00:19:21,297 | INFO | celeba_ood | epoch  21/30  train_loss=0.1274  train_gender_acc=99.9%  train_attr_acc=[98.5 98.8 99.0 97.9 95.7 95.7]%  (53.7s)
2026-06-13 00:20:14,439 | INFO | celeba_ood | epoch  22/30  train_loss=0.1180  train_gender_acc=99.9%  train_attr_acc=[98.6 98.9 99.1 98.1 96.0 96.0]%  (53.1s)
2026-06-13 00:21:07,421 | INFO | celeba_ood | epoch  23/30  train_loss=0.1094  train_gender_acc=99.9%  train_attr_acc=[98.7 99.0 99.1 98.2 96.4 96.5]%  (53.0s)
2026-06-13 00:22:00,824 | INFO | celeba_ood | epoch  24/30  train_loss=0.1019  train_gender_acc=99.9%  train_attr_acc=[98.8 99.1 99.2 98.3 96.6 96.7]%  (53.4s)
2026-06-13 00:22:54,533 | INFO | celeba_ood | epoch  25/30  train_loss=0.0982  train_gender_acc=99.9%  train_attr_acc=[98.8 99.1 99.2 98.4 96.7 96.8]%  (53.7s)
2026-06-13 00:23:47,804 | INFO | celeba_ood | epoch  26/30  train_loss=0.0934  train_gender_acc=99.9%  train_attr_acc=[98.8 99.1 99.2 98.5 97.0 97.1]%  (53.3s)
2026-06-13 00:24:40,601 | INFO | celeba_ood | epoch  27/30  train_loss=0.0867  train_gender_acc=99.9%  train_attr_acc=[99.0 99.2 99.3 98.7 97.2 97.2]%  (52.8s)
2026-06-13 00:25:33,827 | INFO | celeba_ood | epoch  28/30  train_loss=0.0788  train_gender_acc=100.0%  train_attr_acc=[99.0 99.2 99.4 98.8 97.6 97.5]%  (53.2s)
2026-06-13 00:26:27,413 | INFO | celeba_ood | epoch  29/30  train_loss=0.0822  train_gender_acc=99.9%  train_attr_acc=[98.9 99.2 99.3 98.7 97.4 97.4]%  (53.6s)
2026-06-13 00:27:21,095 | INFO | celeba_ood | epoch  30/30  train_loss=0.0781  train_gender_acc=99.9%  train_attr_acc=[99.0 99.3 99.4 98.7 97.6 97.6]%  (53.7s)
2026-06-13 00:27:21,095 | INFO | celeba_ood | Training done in 1603.5s
2026-06-13 00:27:21,219 | INFO | celeba_ood | ======================================================================
2026-06-13 00:27:21,219 | INFO | celeba_ood | PHASE 2 — training per-block reconstruction decoders
2026-06-13 00:27:21,219 | INFO | celeba_ood | ======================================================================
2026-06-13 00:27:21,219 | INFO | celeba_ood |   decoder L0: in=(C=32, H=32) → out=(3, 64, 64)  params=4,691
2026-06-13 00:27:21,219 | INFO | celeba_ood |   decoder L1: in=(C=64, H=16) → out=(3, 64, 64)  params=23,187
2026-06-13 00:27:21,219 | INFO | celeba_ood |   decoder L2: in=(C=128, H=8) → out=(3, 64, 64)  params=97,043
2026-06-13 00:27:21,219 | INFO | celeba_ood |   decoder L3: in=(C=256, H=4) → out=(3, 64, 64)  params=392,211
2026-06-13 00:27:21,219 | INFO | celeba_ood |   decoder L4: in=(C=256, H=2) → out=(3, 64, 64)  params=394,547
2026-06-13 00:27:21,219 | INFO | celeba_ood |   decoder L5: in=(C=256, H=2) → out=(3, 64, 64)  params=394,547
2026-06-13 00:29:59,638 | INFO | celeba_ood | [decoders] epoch   1/30  train=0.1185  per_block(train)=[0.0041 0.0077 0.0099 0.0168 0.0337 0.0463]  (158.4s)
2026-06-13 00:32:38,033 | INFO | celeba_ood | [decoders] epoch   2/30  train=0.0839  per_block(train)=[0.0012 0.0026 0.0057 0.0116 0.0256 0.0373]  (158.4s)
2026-06-13 00:35:16,413 | INFO | celeba_ood | [decoders] epoch   3/30  train=0.0788  per_block(train)=[0.0010 0.0024 0.0052 0.0107 0.0242 0.0352]  (158.4s)
2026-06-13 00:37:54,781 | INFO | celeba_ood | [decoders] epoch   4/30  train=0.0760  per_block(train)=[0.0010 0.0022 0.0050 0.0103 0.0234 0.0339]  (158.4s)
2026-06-13 00:40:33,148 | INFO | celeba_ood | [decoders] epoch   5/30  train=0.0742  per_block(train)=[0.0010 0.0022 0.0049 0.0101 0.0230 0.0331]  (158.4s)
2026-06-13 00:43:11,512 | INFO | celeba_ood | [decoders] epoch   6/30  train=0.0728  per_block(train)=[0.0009 0.0021 0.0048 0.0099 0.0226 0.0325]  (158.4s)
2026-06-13 00:45:49,899 | INFO | celeba_ood | [decoders] epoch   7/30  train=0.0718  per_block(train)=[0.0009 0.0021 0.0048 0.0097 0.0223 0.0320]  (158.4s)
2026-06-13 00:48:28,271 | INFO | celeba_ood | [decoders] epoch   8/30  train=0.0709  per_block(train)=[0.0009 0.0021 0.0047 0.0096 0.0220 0.0316]  (158.4s)
2026-06-13 00:51:06,640 | INFO | celeba_ood | [decoders] epoch   9/30  train=0.0701  per_block(train)=[0.0009 0.0020 0.0047 0.0095 0.0218 0.0312]  (158.4s)
2026-06-13 00:53:45,020 | INFO | celeba_ood | [decoders] epoch  10/30  train=0.0694  per_block(train)=[0.0008 0.0020 0.0047 0.0094 0.0216 0.0309]  (158.4s)
2026-06-13 00:56:23,386 | INFO | celeba_ood | [decoders] epoch  11/30  train=0.0689  per_block(train)=[0.0008 0.0020 0.0047 0.0094 0.0214 0.0306]  (158.4s)
2026-06-13 00:59:01,752 | INFO | celeba_ood | [decoders] epoch  12/30  train=0.0684  per_block(train)=[0.0008 0.0020 0.0046 0.0093 0.0213 0.0304]  (158.4s)
2026-06-13 01:01:40,151 | INFO | celeba_ood | [decoders] epoch  13/30  train=0.0679  per_block(train)=[0.0008 0.0020 0.0046 0.0092 0.0211 0.0302]  (158.4s)
2026-06-13 01:04:18,507 | INFO | celeba_ood | [decoders] epoch  14/30  train=0.0676  per_block(train)=[0.0008 0.0020 0.0046 0.0092 0.0211 0.0300]  (158.4s)
2026-06-13 01:06:56,878 | INFO | celeba_ood | [decoders] epoch  15/30  train=0.0671  per_block(train)=[0.0008 0.0020 0.0046 0.0091 0.0209 0.0298]  (158.4s)
2026-06-13 01:09:35,254 | INFO | celeba_ood | [decoders] epoch  16/30  train=0.0667  per_block(train)=[0.0007 0.0019 0.0046 0.0091 0.0208 0.0296]  (158.4s)
2026-06-13 01:12:13,616 | INFO | celeba_ood | [decoders] epoch  17/30  train=0.0665  per_block(train)=[0.0007 0.0019 0.0045 0.0090 0.0207 0.0295]  (158.4s)
2026-06-13 01:14:51,988 | INFO | celeba_ood | [decoders] epoch  18/30  train=0.0662  per_block(train)=[0.0007 0.0019 0.0045 0.0090 0.0206 0.0293]  (158.4s)
2026-06-13 01:17:30,366 | INFO | celeba_ood | [decoders] epoch  19/30  train=0.0659  per_block(train)=[0.0007 0.0019 0.0045 0.0090 0.0206 0.0292]  (158.4s)
2026-06-13 01:20:08,742 | INFO | celeba_ood | [decoders] epoch  20/30  train=0.0655  per_block(train)=[0.0007 0.0019 0.0045 0.0089 0.0205 0.0290]  (158.4s)
2026-06-13 01:22:47,109 | INFO | celeba_ood | [decoders] epoch  21/30  train=0.0653  per_block(train)=[0.0007 0.0019 0.0045 0.0089 0.0204 0.0289]  (158.4s)
2026-06-13 01:25:25,491 | INFO | celeba_ood | [decoders] epoch  22/30  train=0.0651  per_block(train)=[0.0007 0.0019 0.0045 0.0089 0.0203 0.0288]  (158.4s)
2026-06-13 01:28:03,863 | INFO | celeba_ood | [decoders] epoch  23/30  train=0.0649  per_block(train)=[0.0007 0.0019 0.0045 0.0089 0.0203 0.0287]  (158.4s)
2026-06-13 01:30:42,220 | INFO | celeba_ood | [decoders] epoch  24/30  train=0.0647  per_block(train)=[0.0007 0.0019 0.0045 0.0088 0.0202 0.0286]  (158.4s)
2026-06-13 01:33:20,593 | INFO | celeba_ood | [decoders] epoch  25/30  train=0.0645  per_block(train)=[0.0007 0.0019 0.0045 0.0088 0.0201 0.0285]  (158.4s)
2026-06-13 01:35:58,950 | INFO | celeba_ood | [decoders] epoch  26/30  train=0.0643  per_block(train)=[0.0007 0.0019 0.0045 0.0088 0.0201 0.0284]  (158.4s)
2026-06-13 01:38:37,324 | INFO | celeba_ood | [decoders] epoch  27/30  train=0.0641  per_block(train)=[0.0007 0.0019 0.0044 0.0088 0.0200 0.0283]  (158.4s)
2026-06-13 01:41:15,715 | INFO | celeba_ood | [decoders] epoch  28/30  train=0.0640  per_block(train)=[0.0007 0.0019 0.0044 0.0087 0.0200 0.0282]  (158.4s)
2026-06-13 01:43:54,097 | INFO | celeba_ood | [decoders] epoch  29/30  train=0.0638  per_block(train)=[0.0007 0.0019 0.0044 0.0087 0.0199 0.0281]  (158.4s)
2026-06-13 01:46:32,472 | INFO | celeba_ood | [decoders] epoch  30/30  train=0.0636  per_block(train)=[0.0007 0.0019 0.0044 0.0087 0.0199 0.0281]  (158.4s)
2026-06-13 01:46:32,473 | INFO | celeba_ood | Decoder training done in 4751.3s
2026-06-13 01:46:32,505 | INFO | celeba_ood | ======================================================================
2026-06-13 01:46:32,505 | INFO | celeba_ood | EVALUATION — per-attribute accuracy + OOD AUROC
2026-06-13 01:46:32,505 | INFO | celeba_ood | ======================================================================
2026-06-13 01:46:32,505 | INFO | celeba_ood | Collecting predictions on test_in...
2026-06-13 01:46:39,027 | INFO | celeba_ood |   test_in size = 18941, OOD score (combined entropy) mean = nan
2026-06-13 01:46:39,027 | INFO | celeba_ood | Collecting predictions on test_ood (Eyeglasses)...
2026-06-13 01:46:43,332 | INFO | celeba_ood |   test_ood size = 13193, OOD score (combined entropy) mean = nan
2026-06-13 01:46:43,358 | INFO | celeba_ood | Per-attribute accuracy (in-distribution test set):
2026-06-13 01:46:43,358 | INFO | celeba_ood |   Male/Female : 97.68%
2026-06-13 01:46:43,358 | INFO | celeba_ood |   Young                 : 83.30%
2026-06-13 01:46:43,358 | INFO | celeba_ood |   Smiling               : 90.15%
2026-06-13 01:46:43,359 | INFO | celeba_ood |   Mouth_Slightly_Open   : 91.04%
2026-06-13 01:46:43,359 | INFO | celeba_ood |   High_Cheekbones       : 81.65%
2026-06-13 01:46:43,359 | INFO | celeba_ood |   Pointy_Nose           : 71.47%
2026-06-13 01:46:43,359 | INFO | celeba_ood |   Oval_Face             : 68.71%
2026-06-13 01:46:43,359 | INFO | celeba_ood | OOD AUROC (in-dist vs Eyeglasses):
2026-06-13 01:46:43,359 | INFO | celeba_ood |   score_msp                AUROC = 0.6593  (in_mean=0.005, ood_mean=0.018)
2026-06-13 01:46:43,359 | INFO | celeba_ood |   score_entropy_gender     AUROC = 0.6927  (in_mean=0.012, ood_mean=0.043)
2026-06-13 01:47:59,320 | INFO | celeba_ood | Fusion-based AUROC (max-pixel) = 0.5868  (in_mean=1.1661, ood_mean=1.2858)
2026-06-13 01:47:59,320 | INFO | celeba_ood | Wrote per-block plots: per_block_breakdown.png, recons_only.png, activations.png, fusion_overlay.png, fusion_auroc.png
2026-06-13 01:47:59,322 | INFO | celeba_ood | Summary written to outputs/celeba_ood/ensemble_20260612_164529_6508484/model_4/summary.json
2026-06-13 01:47:59,323 | INFO | celeba_ood | model 5/10 done in 6441.7s
2026-06-13 01:47:59,343 | INFO | celeba_ood | ######################################################################
2026-06-13 01:47:59,343 | INFO | celeba_ood | # MODEL 6/10   (seed=47)
2026-06-13 01:47:59,343 | INFO | celeba_ood | ######################################################################
2026-06-13 01:47:59,423 | INFO | celeba_ood | Model        : FacialCNN  (1,571,624 params)
2026-06-13 01:47:59,423 | INFO | celeba_ood | ======================================================================
2026-06-13 01:47:59,423 | INFO | celeba_ood | TRAINING — combined CE(gender) + BCE(attrs) loss
2026-06-13 01:47:59,423 | INFO | celeba_ood | ======================================================================
2026-06-13 01:47:59,424 | INFO | celeba_ood | No validation set — running the full 30-epoch schedule with no early stopping; final-epoch weights are kept.
2026-06-13 01:48:53,128 | INFO | celeba_ood | epoch   1/30  train_loss=0.9088  train_gender_acc=95.2%  train_attr_acc=[84.9 88.6 85.9 83.8 72.9 73.3]%  (53.7s)
2026-06-13 01:49:46,669 | INFO | celeba_ood | epoch   2/30  train_loss=0.7291  train_gender_acc=97.8%  train_attr_acc=[87.6 92.2 92.1 87.2 74.7 74.9]%  (53.5s)
2026-06-13 01:50:39,946 | INFO | celeba_ood | epoch   3/30  train_loss=0.6820  train_gender_acc=98.4%  train_attr_acc=[88.5 92.7 93.0 87.8 75.7 75.6]%  (53.3s)
2026-06-13 01:51:33,323 | INFO | celeba_ood | epoch   4/30  train_loss=0.6466  train_gender_acc=98.9%  train_attr_acc=[89.1 93.1 93.4 88.2 76.5 76.3]%  (53.4s)
2026-06-13 01:52:26,165 | INFO | celeba_ood | epoch   5/30  train_loss=0.6132  train_gender_acc=99.3%  train_attr_acc=[89.9 93.6 93.8 88.7 77.1 76.9]%  (52.8s)
2026-06-13 01:53:19,156 | INFO | celeba_ood | epoch   6/30  train_loss=0.5810  train_gender_acc=99.5%  train_attr_acc=[90.5 94.0 94.3 89.2 77.9 77.6]%  (53.0s)
2026-06-13 01:54:11,954 | INFO | celeba_ood | epoch   7/30  train_loss=0.5525  train_gender_acc=99.6%  train_attr_acc=[91.2 94.4 94.7 89.7 78.8 78.5]%  (52.8s)
2026-06-13 01:55:04,983 | INFO | celeba_ood | epoch   8/30  train_loss=0.5183  train_gender_acc=99.7%  train_attr_acc=[92.0 94.9 95.2 90.4 79.8 79.7]%  (53.0s)
2026-06-13 01:55:57,964 | INFO | celeba_ood | epoch   9/30  train_loss=0.4809  train_gender_acc=99.8%  train_attr_acc=[93.0 95.5 95.8 91.0 80.9 81.0]%  (53.0s)
2026-06-13 01:56:50,975 | INFO | celeba_ood | epoch  10/30  train_loss=0.4432  train_gender_acc=99.8%  train_attr_acc=[93.7 96.0 96.4 92.0 82.2 82.3]%  (53.0s)
2026-06-13 01:57:43,755 | INFO | celeba_ood | epoch  11/30  train_loss=0.4016  train_gender_acc=99.9%  train_attr_acc=[94.7 96.5 96.8 92.7 83.9 84.0]%  (52.8s)
2026-06-13 01:58:36,482 | INFO | celeba_ood | epoch  12/30  train_loss=0.3611  train_gender_acc=99.9%  train_attr_acc=[95.5 96.9 97.3 93.5 85.5 85.7]%  (52.7s)
2026-06-13 01:59:29,029 | INFO | celeba_ood | epoch  13/30  train_loss=0.3196  train_gender_acc=99.9%  train_attr_acc=[96.1 97.3 97.7 94.4 87.2 87.6]%  (52.5s)
2026-06-13 02:00:21,609 | INFO | celeba_ood | epoch  14/30  train_loss=0.2800  train_gender_acc=99.9%  train_attr_acc=[96.8 97.7 98.1 95.1 89.0 89.1]%  (52.6s)
2026-06-13 02:01:14,308 | INFO | celeba_ood | epoch  15/30  train_loss=0.2455  train_gender_acc=99.9%  train_attr_acc=[97.3 98.0 98.3 95.8 90.4 90.7]%  (52.7s)
2026-06-13 02:02:07,441 | INFO | celeba_ood | epoch  16/30  train_loss=0.2138  train_gender_acc=99.9%  train_attr_acc=[97.6 98.2 98.5 96.3 91.7 92.2]%  (53.1s)
2026-06-13 02:03:00,675 | INFO | celeba_ood | epoch  17/30  train_loss=0.1865  train_gender_acc=99.9%  train_attr_acc=[97.9 98.4 98.7 96.8 93.1 93.2]%  (53.2s)
2026-06-13 02:03:54,159 | INFO | celeba_ood | epoch  18/30  train_loss=0.1639  train_gender_acc=99.9%  train_attr_acc=[98.2 98.6 98.8 97.2 94.1 94.2]%  (53.5s)
2026-06-13 02:04:46,997 | INFO | celeba_ood | epoch  19/30  train_loss=0.1433  train_gender_acc=99.9%  train_attr_acc=[98.4 98.8 98.9 97.6 94.9 95.1]%  (52.8s)
2026-06-13 02:05:39,897 | INFO | celeba_ood | epoch  20/30  train_loss=0.1319  train_gender_acc=99.9%  train_attr_acc=[98.4 98.8 99.0 97.8 95.4 95.5]%  (52.9s)
2026-06-13 02:06:32,419 | INFO | celeba_ood | epoch  21/30  train_loss=0.1204  train_gender_acc=99.9%  train_attr_acc=[98.6 98.9 99.1 98.0 96.0 96.0]%  (52.5s)
2026-06-13 02:07:25,210 | INFO | celeba_ood | epoch  22/30  train_loss=0.1106  train_gender_acc=99.9%  train_attr_acc=[98.7 99.0 99.1 98.2 96.4 96.4]%  (52.8s)
2026-06-13 02:08:18,531 | INFO | celeba_ood | epoch  23/30  train_loss=0.1048  train_gender_acc=99.9%  train_attr_acc=[98.7 99.0 99.2 98.3 96.5 96.7]%  (53.3s)
2026-06-13 02:09:14,212 | INFO | celeba_ood | epoch  24/30  train_loss=0.0995  train_gender_acc=99.9%  train_attr_acc=[98.8 99.1 99.2 98.4 96.7 96.9]%  (55.7s)
2026-06-13 02:10:09,837 | INFO | celeba_ood | epoch  25/30  train_loss=0.0907  train_gender_acc=99.9%  train_attr_acc=[98.8 99.2 99.3 98.5 97.1 97.1]%  (55.6s)
2026-06-13 02:11:03,817 | INFO | celeba_ood | epoch  26/30  train_loss=0.0886  train_gender_acc=99.9%  train_attr_acc=[98.9 99.2 99.3 98.6 97.1 97.2]%  (54.0s)
2026-06-13 02:11:56,898 | INFO | celeba_ood | epoch  27/30  train_loss=0.0852  train_gender_acc=99.9%  train_attr_acc=[98.9 99.2 99.3 98.6 97.3 97.3]%  (53.1s)
2026-06-13 02:12:50,046 | INFO | celeba_ood | epoch  28/30  train_loss=0.0797  train_gender_acc=100.0%  train_attr_acc=[99.0 99.3 99.3 98.7 97.5 97.5]%  (53.1s)
2026-06-13 02:13:43,859 | INFO | celeba_ood | epoch  29/30  train_loss=0.0760  train_gender_acc=100.0%  train_attr_acc=[99.0 99.3 99.4 98.8 97.6 97.7]%  (53.8s)
2026-06-13 02:14:37,090 | INFO | celeba_ood | epoch  30/30  train_loss=0.0772  train_gender_acc=99.9%  train_attr_acc=[99.0 99.3 99.3 98.8 97.6 97.5]%  (53.2s)
2026-06-13 02:14:37,091 | INFO | celeba_ood | Training done in 1597.7s
2026-06-13 02:14:37,209 | INFO | celeba_ood | ======================================================================
2026-06-13 02:14:37,209 | INFO | celeba_ood | PHASE 2 — training per-block reconstruction decoders
2026-06-13 02:14:37,209 | INFO | celeba_ood | ======================================================================
2026-06-13 02:14:37,209 | INFO | celeba_ood |   decoder L0: in=(C=32, H=32) → out=(3, 64, 64)  params=4,691
2026-06-13 02:14:37,209 | INFO | celeba_ood |   decoder L1: in=(C=64, H=16) → out=(3, 64, 64)  params=23,187
2026-06-13 02:14:37,209 | INFO | celeba_ood |   decoder L2: in=(C=128, H=8) → out=(3, 64, 64)  params=97,043
2026-06-13 02:14:37,210 | INFO | celeba_ood |   decoder L3: in=(C=256, H=4) → out=(3, 64, 64)  params=392,211
2026-06-13 02:14:37,210 | INFO | celeba_ood |   decoder L4: in=(C=256, H=2) → out=(3, 64, 64)  params=394,547
2026-06-13 02:14:37,210 | INFO | celeba_ood |   decoder L5: in=(C=256, H=2) → out=(3, 64, 64)  params=394,547
2026-06-13 02:17:15,632 | INFO | celeba_ood | [decoders] epoch   1/30  train=0.1193  per_block(train)=[0.0048 0.0064 0.0108 0.0181 0.0322 0.0469]  (158.4s)
2026-06-13 02:19:53,997 | INFO | celeba_ood | [decoders] epoch   2/30  train=0.0853  per_block(train)=[0.0011 0.0027 0.0059 0.0119 0.0259 0.0378]  (158.4s)
2026-06-13 02:22:32,351 | INFO | celeba_ood | [decoders] epoch   3/30  train=0.0802  per_block(train)=[0.0010 0.0024 0.0055 0.0111 0.0246 0.0357]  (158.4s)
2026-06-13 02:25:10,730 | INFO | celeba_ood | [decoders] epoch   4/30  train=0.0774  per_block(train)=[0.0009 0.0023 0.0053 0.0107 0.0238 0.0345]  (158.4s)
2026-06-13 02:27:49,133 | INFO | celeba_ood | [decoders] epoch   5/30  train=0.0755  per_block(train)=[0.0009 0.0022 0.0051 0.0104 0.0233 0.0336]  (158.4s)
2026-06-13 02:30:27,494 | INFO | celeba_ood | [decoders] epoch   6/30  train=0.0741  per_block(train)=[0.0008 0.0022 0.0050 0.0102 0.0229 0.0330]  (158.4s)
2026-06-13 02:33:05,874 | INFO | celeba_ood | [decoders] epoch   7/30  train=0.0729  per_block(train)=[0.0008 0.0021 0.0050 0.0100 0.0225 0.0324]  (158.4s)
2026-06-13 02:35:44,227 | INFO | celeba_ood | [decoders] epoch   8/30  train=0.0720  per_block(train)=[0.0008 0.0021 0.0049 0.0099 0.0223 0.0320]  (158.4s)
2026-06-13 02:38:22,575 | INFO | celeba_ood | [decoders] epoch   9/30  train=0.0713  per_block(train)=[0.0008 0.0021 0.0049 0.0098 0.0221 0.0317]  (158.3s)
2026-06-13 02:41:00,975 | INFO | celeba_ood | [decoders] epoch  10/30  train=0.0707  per_block(train)=[0.0007 0.0021 0.0048 0.0097 0.0219 0.0314]  (158.4s)
2026-06-13 02:43:39,350 | INFO | celeba_ood | [decoders] epoch  11/30  train=0.0701  per_block(train)=[0.0007 0.0020 0.0048 0.0097 0.0217 0.0311]  (158.4s)
2026-06-13 02:46:17,729 | INFO | celeba_ood | [decoders] epoch  12/30  train=0.0696  per_block(train)=[0.0007 0.0020 0.0048 0.0096 0.0216 0.0309]  (158.4s)
2026-06-13 02:48:56,107 | INFO | celeba_ood | [decoders] epoch  13/30  train=0.0692  per_block(train)=[0.0007 0.0020 0.0048 0.0095 0.0215 0.0307]  (158.4s)
2026-06-13 02:51:34,503 | INFO | celeba_ood | [decoders] epoch  14/30  train=0.0687  per_block(train)=[0.0007 0.0020 0.0047 0.0095 0.0213 0.0304]  (158.4s)
2026-06-13 02:54:12,870 | INFO | celeba_ood | [decoders] epoch  15/30  train=0.0684  per_block(train)=[0.0007 0.0020 0.0047 0.0094 0.0212 0.0303]  (158.4s)
2026-06-13 02:56:51,240 | INFO | celeba_ood | [decoders] epoch  16/30  train=0.0679  per_block(train)=[0.0007 0.0020 0.0047 0.0094 0.0211 0.0301]  (158.4s)
2026-06-13 02:59:29,637 | INFO | celeba_ood | [decoders] epoch  17/30  train=0.0676  per_block(train)=[0.0006 0.0020 0.0047 0.0093 0.0210 0.0299]  (158.4s)
2026-06-13 03:02:08,023 | INFO | celeba_ood | [decoders] epoch  18/30  train=0.0673  per_block(train)=[0.0006 0.0020 0.0047 0.0093 0.0209 0.0297]  (158.4s)
2026-06-13 03:04:46,430 | INFO | celeba_ood | [decoders] epoch  19/30  train=0.0670  per_block(train)=[0.0006 0.0020 0.0047 0.0093 0.0209 0.0296]  (158.4s)
2026-06-13 03:07:24,813 | INFO | celeba_ood | [decoders] epoch  20/30  train=0.0668  per_block(train)=[0.0006 0.0020 0.0047 0.0093 0.0208 0.0295]  (158.4s)
2026-06-13 03:10:03,191 | INFO | celeba_ood | [decoders] epoch  21/30  train=0.0665  per_block(train)=[0.0006 0.0020 0.0046 0.0092 0.0207 0.0293]  (158.4s)
2026-06-13 03:12:41,580 | INFO | celeba_ood | [decoders] epoch  22/30  train=0.0663  per_block(train)=[0.0006 0.0019 0.0046 0.0092 0.0206 0.0293]  (158.4s)
2026-06-13 03:15:19,933 | INFO | celeba_ood | [decoders] epoch  23/30  train=0.0660  per_block(train)=[0.0006 0.0019 0.0046 0.0092 0.0206 0.0291]  (158.4s)
2026-06-13 03:17:58,301 | INFO | celeba_ood | [decoders] epoch  24/30  train=0.0659  per_block(train)=[0.0006 0.0019 0.0046 0.0092 0.0205 0.0290]  (158.4s)
2026-06-13 03:20:36,678 | INFO | celeba_ood | [decoders] epoch  25/30  train=0.0657  per_block(train)=[0.0006 0.0019 0.0046 0.0091 0.0205 0.0289]  (158.4s)
2026-06-13 03:23:15,056 | INFO | celeba_ood | [decoders] epoch  26/30  train=0.0655  per_block(train)=[0.0006 0.0019 0.0046 0.0091 0.0204 0.0288]  (158.4s)
2026-06-13 03:25:53,454 | INFO | celeba_ood | [decoders] epoch  27/30  train=0.0653  per_block(train)=[0.0006 0.0019 0.0046 0.0091 0.0204 0.0287]  (158.4s)
2026-06-13 03:28:31,851 | INFO | celeba_ood | [decoders] epoch  28/30  train=0.0652  per_block(train)=[0.0006 0.0019 0.0046 0.0091 0.0203 0.0287]  (158.4s)
2026-06-13 03:31:10,212 | INFO | celeba_ood | [decoders] epoch  29/30  train=0.0650  per_block(train)=[0.0006 0.0019 0.0046 0.0091 0.0203 0.0285]  (158.4s)
2026-06-13 03:33:48,626 | INFO | celeba_ood | [decoders] epoch  30/30  train=0.0649  per_block(train)=[0.0006 0.0019 0.0046 0.0090 0.0202 0.0285]  (158.4s)
2026-06-13 03:33:48,626 | INFO | celeba_ood | Decoder training done in 4751.4s
2026-06-13 03:33:48,657 | INFO | celeba_ood | ======================================================================
2026-06-13 03:33:48,657 | INFO | celeba_ood | EVALUATION — per-attribute accuracy + OOD AUROC
2026-06-13 03:33:48,658 | INFO | celeba_ood | ======================================================================
2026-06-13 03:33:48,658 | INFO | celeba_ood | Collecting predictions on test_in...
2026-06-13 03:33:54,648 | INFO | celeba_ood |   test_in size = 18941, OOD score (combined entropy) mean = nan
2026-06-13 03:33:54,648 | INFO | celeba_ood | Collecting predictions on test_ood (Eyeglasses)...
2026-06-13 03:33:58,783 | INFO | celeba_ood |   test_ood size = 13193, OOD score (combined entropy) mean = nan
2026-06-13 03:33:58,809 | INFO | celeba_ood | Per-attribute accuracy (in-distribution test set):
2026-06-13 03:33:58,809 | INFO | celeba_ood |   Male/Female : 97.62%
2026-06-13 03:33:58,809 | INFO | celeba_ood |   Young                 : 87.01%
2026-06-13 03:33:58,809 | INFO | celeba_ood |   Smiling               : 91.18%
2026-06-13 03:33:58,809 | INFO | celeba_ood |   Mouth_Slightly_Open   : 91.34%
2026-06-13 03:33:58,809 | INFO | celeba_ood |   High_Cheekbones       : 84.91%
2026-06-13 03:33:58,809 | INFO | celeba_ood |   Pointy_Nose           : 71.53%
2026-06-13 03:33:58,809 | INFO | celeba_ood |   Oval_Face             : 64.21%
2026-06-13 03:33:58,810 | INFO | celeba_ood | OOD AUROC (in-dist vs Eyeglasses):
2026-06-13 03:33:58,810 | INFO | celeba_ood |   score_msp                AUROC = 0.6377  (in_mean=0.005, ood_mean=0.016)
2026-06-13 03:33:58,810 | INFO | celeba_ood |   score_entropy_gender     AUROC = 0.6787  (in_mean=0.011, ood_mean=0.039)
2026-06-13 03:35:15,369 | INFO | celeba_ood | Fusion-based AUROC (max-pixel) = 0.5861  (in_mean=1.1604, ood_mean=1.2782)
2026-06-13 03:35:15,369 | INFO | celeba_ood | Wrote per-block plots: per_block_breakdown.png, recons_only.png, activations.png, fusion_overlay.png, fusion_auroc.png
2026-06-13 03:35:15,370 | INFO | celeba_ood | Summary written to outputs/celeba_ood/ensemble_20260612_164529_6508484/model_5/summary.json
2026-06-13 03:35:15,372 | INFO | celeba_ood | model 6/10 done in 6436.0s
2026-06-13 03:35:15,389 | INFO | celeba_ood | ######################################################################
2026-06-13 03:35:15,389 | INFO | celeba_ood | # MODEL 7/10   (seed=48)
2026-06-13 03:35:15,389 | INFO | celeba_ood | ######################################################################
2026-06-13 03:35:15,428 | INFO | celeba_ood | Model        : FacialCNN  (1,571,624 params)
2026-06-13 03:35:15,428 | INFO | celeba_ood | ======================================================================
2026-06-13 03:35:15,428 | INFO | celeba_ood | TRAINING — combined CE(gender) + BCE(attrs) loss
2026-06-13 03:35:15,428 | INFO | celeba_ood | ======================================================================
2026-06-13 03:35:15,429 | INFO | celeba_ood | No validation set — running the full 30-epoch schedule with no early stopping; final-epoch weights are kept.
2026-06-13 03:36:08,781 | INFO | celeba_ood | epoch   1/30  train_loss=0.9218  train_gender_acc=95.0%  train_attr_acc=[84.8 88.4 85.2 83.8 73.1 73.2]%  (53.4s)
2026-06-13 03:37:02,191 | INFO | celeba_ood | epoch   2/30  train_loss=0.7424  train_gender_acc=97.6%  train_attr_acc=[87.4 92.0 91.4 87.1 74.7 74.7]%  (53.4s)
2026-06-13 03:37:55,087 | INFO | celeba_ood | epoch   3/30  train_loss=0.6939  train_gender_acc=98.3%  train_attr_acc=[88.2 92.5 92.4 87.7 75.6 75.4]%  (52.9s)
2026-06-13 03:38:47,900 | INFO | celeba_ood | epoch   4/30  train_loss=0.6572  train_gender_acc=98.8%  train_attr_acc=[88.9 92.9 93.1 88.2 76.2 75.9]%  (52.8s)
2026-06-13 03:39:40,778 | INFO | celeba_ood | epoch   5/30  train_loss=0.6241  train_gender_acc=99.2%  train_attr_acc=[89.5 93.3 93.5 88.6 77.0 76.7]%  (52.9s)
2026-06-13 03:40:34,098 | INFO | celeba_ood | epoch   6/30  train_loss=0.5943  train_gender_acc=99.4%  train_attr_acc=[90.2 93.7 94.0 89.0 77.6 77.3]%  (53.3s)
2026-06-13 03:41:26,737 | INFO | celeba_ood | epoch   7/30  train_loss=0.5647  train_gender_acc=99.6%  train_attr_acc=[90.9 94.2 94.5 89.6 78.3 78.1]%  (52.6s)
2026-06-13 03:42:19,397 | INFO | celeba_ood | epoch   8/30  train_loss=0.5314  train_gender_acc=99.7%  train_attr_acc=[91.7 94.6 95.0 90.3 79.1 79.2]%  (52.7s)
2026-06-13 03:43:12,278 | INFO | celeba_ood | epoch   9/30  train_loss=0.4962  train_gender_acc=99.8%  train_attr_acc=[92.5 95.2 95.6 90.9 80.3 80.4]%  (52.9s)
2026-06-13 03:44:05,285 | INFO | celeba_ood | epoch  10/30  train_loss=0.4584  train_gender_acc=99.8%  train_attr_acc=[93.4 95.8 96.1 91.7 81.6 81.7]%  (53.0s)
2026-06-13 03:44:58,265 | INFO | celeba_ood | epoch  11/30  train_loss=0.4190  train_gender_acc=99.9%  train_attr_acc=[94.3 96.3 96.6 92.5 83.0 83.3]%  (53.0s)
2026-06-13 03:45:50,955 | INFO | celeba_ood | epoch  12/30  train_loss=0.3784  train_gender_acc=99.9%  train_attr_acc=[95.2 96.7 97.1 93.3 84.6 84.9]%  (52.7s)
2026-06-13 03:46:44,133 | INFO | celeba_ood | epoch  13/30  train_loss=0.3354  train_gender_acc=99.9%  train_attr_acc=[96.0 97.1 97.6 94.2 86.2 86.7]%  (53.2s)
2026-06-13 03:47:37,387 | INFO | celeba_ood | epoch  14/30  train_loss=0.2983  train_gender_acc=99.9%  train_attr_acc=[96.5 97.5 97.9 94.9 87.8 88.5]%  (53.3s)
2026-06-13 03:48:31,095 | INFO | celeba_ood | epoch  15/30  train_loss=0.2633  train_gender_acc=99.9%  train_attr_acc=[96.9 97.8 98.2 95.5 89.5 90.0]%  (53.7s)
2026-06-13 03:49:24,539 | INFO | celeba_ood | epoch  16/30  train_loss=0.2293  train_gender_acc=99.9%  train_attr_acc=[97.4 98.0 98.4 96.2 90.9 91.5]%  (53.4s)
2026-06-13 03:50:17,675 | INFO | celeba_ood | epoch  17/30  train_loss=0.2005  train_gender_acc=99.9%  train_attr_acc=[97.8 98.2 98.6 96.6 92.3 92.7]%  (53.1s)
2026-06-13 03:51:10,825 | INFO | celeba_ood | epoch  18/30  train_loss=0.1760  train_gender_acc=99.9%  train_attr_acc=[98.0 98.4 98.7 97.1 93.4 93.8]%  (53.1s)
2026-06-13 03:52:04,312 | INFO | celeba_ood | epoch  19/30  train_loss=0.1547  train_gender_acc=99.9%  train_attr_acc=[98.3 98.6 98.9 97.5 94.4 94.6]%  (53.5s)
2026-06-13 03:52:58,122 | INFO | celeba_ood | epoch  20/30  train_loss=0.1397  train_gender_acc=99.9%  train_attr_acc=[98.4 98.7 98.9 97.6 95.0 95.3]%  (53.8s)
2026-06-13 03:53:50,856 | INFO | celeba_ood | epoch  21/30  train_loss=0.1292  train_gender_acc=99.9%  train_attr_acc=[98.5 98.8 99.0 97.9 95.5 95.7]%  (52.7s)
2026-06-13 03:54:43,865 | INFO | celeba_ood | epoch  22/30  train_loss=0.1145  train_gender_acc=99.9%  train_attr_acc=[98.6 99.0 99.1 98.1 96.1 96.3]%  (53.0s)
2026-06-13 03:55:36,600 | INFO | celeba_ood | epoch  23/30  train_loss=0.1110  train_gender_acc=99.9%  train_attr_acc=[98.6 99.0 99.1 98.3 96.3 96.3]%  (52.7s)
2026-06-13 03:56:29,428 | INFO | celeba_ood | epoch  24/30  train_loss=0.1011  train_gender_acc=99.9%  train_attr_acc=[98.7 99.0 99.2 98.3 96.8 96.8]%  (52.8s)
2026-06-13 03:57:22,387 | INFO | celeba_ood | epoch  25/30  train_loss=0.0982  train_gender_acc=99.9%  train_attr_acc=[98.7 99.1 99.2 98.4 96.9 96.9]%  (53.0s)
2026-06-13 03:58:15,722 | INFO | celeba_ood | epoch  26/30  train_loss=0.0917  train_gender_acc=99.9%  train_attr_acc=[98.9 99.1 99.2 98.5 97.1 97.1]%  (53.3s)
2026-06-13 03:59:09,007 | INFO | celeba_ood | epoch  27/30  train_loss=0.0859  train_gender_acc=99.9%  train_attr_acc=[98.9 99.2 99.3 98.6 97.2 97.4]%  (53.3s)
2026-06-13 04:00:01,962 | INFO | celeba_ood | epoch  28/30  train_loss=0.0811  train_gender_acc=100.0%  train_attr_acc=[99.0 99.2 99.4 98.7 97.4 97.5]%  (53.0s)
2026-06-13 04:00:55,210 | INFO | celeba_ood | epoch  29/30  train_loss=0.0829  train_gender_acc=99.9%  train_attr_acc=[98.9 99.2 99.3 98.6 97.4 97.4]%  (53.2s)
2026-06-13 04:01:47,837 | INFO | celeba_ood | epoch  30/30  train_loss=0.0792  train_gender_acc=99.9%  train_attr_acc=[99.0 99.2 99.4 98.7 97.6 97.6]%  (52.6s)
2026-06-13 04:01:47,837 | INFO | celeba_ood | Training done in 1592.4s
2026-06-13 04:01:47,965 | INFO | celeba_ood | ======================================================================
2026-06-13 04:01:47,965 | INFO | celeba_ood | PHASE 2 — training per-block reconstruction decoders
2026-06-13 04:01:47,965 | INFO | celeba_ood | ======================================================================
2026-06-13 04:01:47,965 | INFO | celeba_ood |   decoder L0: in=(C=32, H=32) → out=(3, 64, 64)  params=4,691
2026-06-13 04:01:47,965 | INFO | celeba_ood |   decoder L1: in=(C=64, H=16) → out=(3, 64, 64)  params=23,187
2026-06-13 04:01:47,965 | INFO | celeba_ood |   decoder L2: in=(C=128, H=8) → out=(3, 64, 64)  params=97,043
2026-06-13 04:01:47,965 | INFO | celeba_ood |   decoder L3: in=(C=256, H=4) → out=(3, 64, 64)  params=392,211
2026-06-13 04:01:47,965 | INFO | celeba_ood |   decoder L4: in=(C=256, H=2) → out=(3, 64, 64)  params=394,547
2026-06-13 04:01:47,965 | INFO | celeba_ood |   decoder L5: in=(C=256, H=2) → out=(3, 64, 64)  params=394,547
2026-06-13 04:04:26,393 | INFO | celeba_ood | [decoders] epoch   1/30  train=0.1186  per_block(train)=[0.0056 0.0062 0.0099 0.0174 0.0319 0.0476]  (158.4s)
2026-06-13 04:07:04,826 | INFO | celeba_ood | [decoders] epoch   2/30  train=0.0838  per_block(train)=[0.0011 0.0024 0.0056 0.0114 0.0257 0.0376]  (158.4s)
2026-06-13 04:09:43,223 | INFO | celeba_ood | [decoders] epoch   3/30  train=0.0786  per_block(train)=[0.0009 0.0022 0.0052 0.0107 0.0243 0.0353]  (158.4s)
2026-06-13 04:12:21,625 | INFO | celeba_ood | [decoders] epoch   4/30  train=0.0759  per_block(train)=[0.0009 0.0022 0.0050 0.0103 0.0235 0.0341]  (158.4s)
2026-06-13 04:15:00,018 | INFO | celeba_ood | [decoders] epoch   5/30  train=0.0740  per_block(train)=[0.0008 0.0021 0.0049 0.0100 0.0230 0.0332]  (158.4s)
2026-06-13 04:17:38,420 | INFO | celeba_ood | [decoders] epoch   6/30  train=0.0726  per_block(train)=[0.0008 0.0021 0.0048 0.0098 0.0226 0.0325]  (158.4s)
2026-06-13 04:20:16,813 | INFO | celeba_ood | [decoders] epoch   7/30  train=0.0715  per_block(train)=[0.0008 0.0020 0.0048 0.0097 0.0223 0.0320]  (158.4s)
2026-06-13 04:22:55,208 | INFO | celeba_ood | [decoders] epoch   8/30  train=0.0706  per_block(train)=[0.0007 0.0020 0.0047 0.0096 0.0220 0.0316]  (158.4s)
2026-06-13 04:25:33,626 | INFO | celeba_ood | [decoders] epoch   9/30  train=0.0699  per_block(train)=[0.0007 0.0020 0.0047 0.0095 0.0218 0.0313]  (158.4s)
2026-06-13 04:28:12,041 | INFO | celeba_ood | [decoders] epoch  10/30  train=0.0692  per_block(train)=[0.0007 0.0020 0.0046 0.0094 0.0216 0.0309]  (158.4s)
2026-06-13 04:30:50,434 | INFO | celeba_ood | [decoders] epoch  11/30  train=0.0687  per_block(train)=[0.0007 0.0019 0.0046 0.0093 0.0214 0.0306]  (158.4s)
2026-06-13 04:33:28,854 | INFO | celeba_ood | [decoders] epoch  12/30  train=0.0681  per_block(train)=[0.0007 0.0019 0.0046 0.0093 0.0213 0.0304]  (158.4s)
2026-06-13 04:36:07,279 | INFO | celeba_ood | [decoders] epoch  13/30  train=0.0677  per_block(train)=[0.0007 0.0019 0.0046 0.0092 0.0212 0.0302]  (158.4s)
2026-06-13 04:38:45,672 | INFO | celeba_ood | [decoders] epoch  14/30  train=0.0673  per_block(train)=[0.0007 0.0019 0.0046 0.0092 0.0210 0.0300]  (158.4s)
2026-06-13 04:41:24,037 | INFO | celeba_ood | [decoders] epoch  15/30  train=0.0669  per_block(train)=[0.0006 0.0019 0.0045 0.0091 0.0209 0.0298]  (158.4s)
2026-06-13 04:44:02,409 | INFO | celeba_ood | [decoders] epoch  16/30  train=0.0666  per_block(train)=[0.0006 0.0019 0.0045 0.0091 0.0208 0.0296]  (158.4s)
2026-06-13 04:46:40,801 | INFO | celeba_ood | [decoders] epoch  17/30  train=0.0662  per_block(train)=[0.0006 0.0019 0.0045 0.0090 0.0207 0.0294]  (158.4s)
2026-06-13 04:49:19,155 | INFO | celeba_ood | [decoders] epoch  18/30  train=0.0660  per_block(train)=[0.0006 0.0019 0.0045 0.0090 0.0206 0.0293]  (158.4s)
2026-06-13 04:51:57,526 | INFO | celeba_ood | [decoders] epoch  19/30  train=0.0657  per_block(train)=[0.0006 0.0019 0.0045 0.0090 0.0206 0.0292]  (158.4s)
2026-06-13 04:54:35,949 | INFO | celeba_ood | [decoders] epoch  20/30  train=0.0654  per_block(train)=[0.0006 0.0018 0.0045 0.0089 0.0205 0.0291]  (158.4s)
2026-06-13 04:57:14,308 | INFO | celeba_ood | [decoders] epoch  21/30  train=0.0651  per_block(train)=[0.0006 0.0018 0.0045 0.0089 0.0204 0.0289]  (158.4s)
2026-06-13 04:59:52,703 | INFO | celeba_ood | [decoders] epoch  22/30  train=0.0650  per_block(train)=[0.0006 0.0019 0.0045 0.0089 0.0203 0.0288]  (158.4s)
2026-06-13 05:02:31,069 | INFO | celeba_ood | [decoders] epoch  23/30  train=0.0647  per_block(train)=[0.0006 0.0018 0.0045 0.0089 0.0203 0.0287]  (158.4s)
2026-06-13 05:05:09,453 | INFO | celeba_ood | [decoders] epoch  24/30  train=0.0646  per_block(train)=[0.0006 0.0018 0.0044 0.0088 0.0202 0.0286]  (158.4s)
2026-06-13 05:07:47,811 | INFO | celeba_ood | [decoders] epoch  25/30  train=0.0643  per_block(train)=[0.0006 0.0018 0.0044 0.0088 0.0201 0.0285]  (158.4s)
2026-06-13 05:10:26,178 | INFO | celeba_ood | [decoders] epoch  26/30  train=0.0642  per_block(train)=[0.0006 0.0018 0.0044 0.0088 0.0201 0.0284]  (158.4s)
2026-06-13 05:13:04,570 | INFO | celeba_ood | [decoders] epoch  27/30  train=0.0640  per_block(train)=[0.0006 0.0018 0.0044 0.0088 0.0200 0.0283]  (158.4s)
2026-06-13 05:15:42,945 | INFO | celeba_ood | [decoders] epoch  28/30  train=0.0638  per_block(train)=[0.0006 0.0018 0.0044 0.0088 0.0200 0.0282]  (158.4s)
2026-06-13 05:18:21,326 | INFO | celeba_ood | [decoders] epoch  29/30  train=0.0637  per_block(train)=[0.0006 0.0018 0.0044 0.0087 0.0199 0.0282]  (158.4s)
2026-06-13 05:20:59,697 | INFO | celeba_ood | [decoders] epoch  30/30  train=0.0635  per_block(train)=[0.0006 0.0018 0.0044 0.0087 0.0199 0.0281]  (158.4s)
2026-06-13 05:20:59,698 | INFO | celeba_ood | Decoder training done in 4751.7s
2026-06-13 05:20:59,728 | INFO | celeba_ood | ======================================================================
2026-06-13 05:20:59,728 | INFO | celeba_ood | EVALUATION — per-attribute accuracy + OOD AUROC
2026-06-13 05:20:59,728 | INFO | celeba_ood | ======================================================================
2026-06-13 05:20:59,728 | INFO | celeba_ood | Collecting predictions on test_in...
2026-06-13 05:21:05,735 | INFO | celeba_ood |   test_in size = 18941, OOD score (combined entropy) mean = nan
2026-06-13 05:21:05,735 | INFO | celeba_ood | Collecting predictions on test_ood (Eyeglasses)...
2026-06-13 05:21:10,009 | INFO | celeba_ood |   test_ood size = 13193, OOD score (combined entropy) mean = nan
2026-06-13 05:21:10,035 | INFO | celeba_ood | Per-attribute accuracy (in-distribution test set):
2026-06-13 05:21:10,035 | INFO | celeba_ood |   Male/Female : 97.60%
2026-06-13 05:21:10,035 | INFO | celeba_ood |   Young                 : 84.29%
2026-06-13 05:21:10,035 | INFO | celeba_ood |   Smiling               : 90.51%
2026-06-13 05:21:10,035 | INFO | celeba_ood |   Mouth_Slightly_Open   : 91.10%
2026-06-13 05:21:10,035 | INFO | celeba_ood |   High_Cheekbones       : 83.68%
2026-06-13 05:21:10,035 | INFO | celeba_ood |   Pointy_Nose           : 70.61%
2026-06-13 05:21:10,035 | INFO | celeba_ood |   Oval_Face             : 71.97%
2026-06-13 05:21:10,035 | INFO | celeba_ood | OOD AUROC (in-dist vs Eyeglasses):
2026-06-13 05:21:10,035 | INFO | celeba_ood |   score_msp                AUROC = 0.6168  (in_mean=0.004, ood_mean=0.015)
2026-06-13 05:21:10,035 | INFO | celeba_ood |   score_entropy_gender     AUROC = 0.6625  (in_mean=0.010, ood_mean=0.035)
2026-06-13 05:22:27,045 | INFO | celeba_ood | Fusion-based AUROC (max-pixel) = 0.5954  (in_mean=1.1459, ood_mean=1.2758)
2026-06-13 05:22:27,045 | INFO | celeba_ood | Wrote per-block plots: per_block_breakdown.png, recons_only.png, activations.png, fusion_overlay.png, fusion_auroc.png
2026-06-13 05:22:27,047 | INFO | celeba_ood | Summary written to outputs/celeba_ood/ensemble_20260612_164529_6508484/model_6/summary.json
2026-06-13 05:22:27,049 | INFO | celeba_ood | model 7/10 done in 6431.7s
2026-06-13 05:22:27,070 | INFO | celeba_ood | ######################################################################
2026-06-13 05:22:27,070 | INFO | celeba_ood | # MODEL 8/10   (seed=49)
2026-06-13 05:22:27,070 | INFO | celeba_ood | ######################################################################
2026-06-13 05:22:27,112 | INFO | celeba_ood | Model        : FacialCNN  (1,571,624 params)
2026-06-13 05:22:27,112 | INFO | celeba_ood | ======================================================================
2026-06-13 05:22:27,112 | INFO | celeba_ood | TRAINING — combined CE(gender) + BCE(attrs) loss
2026-06-13 05:22:27,112 | INFO | celeba_ood | ======================================================================
2026-06-13 05:22:27,112 | INFO | celeba_ood | No validation set — running the full 30-epoch schedule with no early stopping; final-epoch weights are kept.
2026-06-13 05:23:20,454 | INFO | celeba_ood | epoch   1/30  train_loss=0.9162  train_gender_acc=95.1%  train_attr_acc=[84.7 88.6 85.7 83.8 73.1 73.5]%  (53.3s)
2026-06-13 05:24:13,863 | INFO | celeba_ood | epoch   2/30  train_loss=0.7390  train_gender_acc=97.6%  train_attr_acc=[87.4 92.0 91.6 87.1 74.9 74.9]%  (53.4s)
2026-06-13 05:25:06,596 | INFO | celeba_ood | epoch   3/30  train_loss=0.6911  train_gender_acc=98.3%  train_attr_acc=[88.3 92.6 92.5 87.7 75.7 75.5]%  (52.7s)
2026-06-13 05:25:59,544 | INFO | celeba_ood | epoch   4/30  train_loss=0.6539  train_gender_acc=98.8%  train_attr_acc=[89.0 92.9 93.2 88.2 76.3 76.1]%  (52.9s)
2026-06-13 05:26:52,971 | INFO | celeba_ood | epoch   5/30  train_loss=0.6227  train_gender_acc=99.2%  train_attr_acc=[89.5 93.4 93.6 88.6 77.1 76.7]%  (53.4s)
2026-06-13 05:27:45,672 | INFO | celeba_ood | epoch   6/30  train_loss=0.5932  train_gender_acc=99.4%  train_attr_acc=[90.2 93.8 94.1 89.0 77.6 77.4]%  (52.7s)
2026-06-13 05:28:38,169 | INFO | celeba_ood | epoch   7/30  train_loss=0.5629  train_gender_acc=99.6%  train_attr_acc=[90.9 94.2 94.5 89.6 78.4 78.2]%  (52.5s)
2026-06-13 05:29:31,369 | INFO | celeba_ood | epoch   8/30  train_loss=0.5300  train_gender_acc=99.7%  train_attr_acc=[91.6 94.7 95.0 90.2 79.4 79.2]%  (53.2s)
2026-06-13 05:30:25,053 | INFO | celeba_ood | epoch   9/30  train_loss=0.4969  train_gender_acc=99.8%  train_attr_acc=[92.5 95.3 95.5 90.9 80.3 80.3]%  (53.7s)
2026-06-13 05:31:17,904 | INFO | celeba_ood | epoch  10/30  train_loss=0.4579  train_gender_acc=99.8%  train_attr_acc=[93.4 95.8 96.1 91.8 81.6 81.7]%  (52.9s)
2026-06-13 05:32:11,469 | INFO | celeba_ood | epoch  11/30  train_loss=0.4206  train_gender_acc=99.9%  train_attr_acc=[94.2 96.2 96.6 92.4 83.0 83.3]%  (53.6s)
2026-06-13 05:33:05,060 | INFO | celeba_ood | epoch  12/30  train_loss=0.3812  train_gender_acc=99.9%  train_attr_acc=[95.0 96.7 97.1 93.2 84.6 84.8]%  (53.6s)
2026-06-13 05:33:58,160 | INFO | celeba_ood | epoch  13/30  train_loss=0.3420  train_gender_acc=99.9%  train_attr_acc=[95.8 97.1 97.5 94.0 86.1 86.5]%  (53.1s)
2026-06-13 05:34:51,314 | INFO | celeba_ood | epoch  14/30  train_loss=0.3010  train_gender_acc=99.9%  train_attr_acc=[96.5 97.5 97.8 94.8 87.9 88.3]%  (53.2s)
2026-06-13 05:35:44,104 | INFO | celeba_ood | epoch  15/30  train_loss=0.2680  train_gender_acc=99.9%  train_attr_acc=[97.0 97.8 98.2 95.3 89.4 89.8]%  (52.8s)
2026-06-13 05:36:37,331 | INFO | celeba_ood | epoch  16/30  train_loss=0.2317  train_gender_acc=99.9%  train_attr_acc=[97.4 98.0 98.4 96.1 90.9 91.4]%  (53.2s)
2026-06-13 05:37:30,455 | INFO | celeba_ood | epoch  17/30  train_loss=0.2026  train_gender_acc=99.9%  train_attr_acc=[97.8 98.2 98.6 96.6 92.3 92.6]%  (53.1s)
2026-06-13 05:38:22,981 | INFO | celeba_ood | epoch  18/30  train_loss=0.1779  train_gender_acc=99.9%  train_attr_acc=[98.0 98.4 98.7 97.1 93.4 93.6]%  (52.5s)
2026-06-13 05:39:16,062 | INFO | celeba_ood | epoch  19/30  train_loss=0.1562  train_gender_acc=99.9%  train_attr_acc=[98.2 98.6 98.9 97.4 94.3 94.6]%  (53.1s)
2026-06-13 05:40:09,769 | INFO | celeba_ood | epoch  20/30  train_loss=0.1430  train_gender_acc=99.9%  train_attr_acc=[98.3 98.7 99.0 97.6 95.0 95.1]%  (53.7s)
2026-06-13 05:41:02,677 | INFO | celeba_ood | epoch  21/30  train_loss=0.1291  train_gender_acc=99.9%  train_attr_acc=[98.5 98.9 99.0 97.8 95.5 95.7]%  (52.9s)
2026-06-13 05:41:55,533 | INFO | celeba_ood | epoch  22/30  train_loss=0.1169  train_gender_acc=99.9%  train_attr_acc=[98.6 98.9 99.1 98.1 96.1 96.2]%  (52.9s)
2026-06-13 05:42:48,240 | INFO | celeba_ood | epoch  23/30  train_loss=0.1129  train_gender_acc=99.9%  train_attr_acc=[98.6 99.0 99.1 98.1 96.2 96.3]%  (52.7s)
2026-06-13 05:43:40,674 | INFO | celeba_ood | epoch  24/30  train_loss=0.1006  train_gender_acc=99.9%  train_attr_acc=[98.7 99.0 99.2 98.3 96.8 96.8]%  (52.4s)
2026-06-13 05:44:33,582 | INFO | celeba_ood | epoch  25/30  train_loss=0.0997  train_gender_acc=99.9%  train_attr_acc=[98.8 99.0 99.2 98.4 96.8 96.8]%  (52.9s)
2026-06-13 05:45:26,369 | INFO | celeba_ood | epoch  26/30  train_loss=0.0919  train_gender_acc=99.9%  train_attr_acc=[98.9 99.1 99.2 98.5 97.0 97.1]%  (52.8s)
2026-06-13 05:46:19,997 | INFO | celeba_ood | epoch  27/30  train_loss=0.0844  train_gender_acc=100.0%  train_attr_acc=[98.9 99.2 99.3 98.6 97.4 97.3]%  (53.6s)
2026-06-13 05:47:13,039 | INFO | celeba_ood | epoch  28/30  train_loss=0.0877  train_gender_acc=99.9%  train_attr_acc=[98.8 99.2 99.2 98.6 97.2 97.3]%  (53.0s)
2026-06-13 05:48:06,368 | INFO | celeba_ood | epoch  29/30  train_loss=0.0812  train_gender_acc=99.9%  train_attr_acc=[99.0 99.2 99.3 98.6 97.5 97.5]%  (53.3s)
2026-06-13 05:48:59,194 | INFO | celeba_ood | epoch  30/30  train_loss=0.0767  train_gender_acc=99.9%  train_attr_acc=[99.1 99.3 99.4 98.7 97.6 97.7]%  (52.8s)
2026-06-13 05:48:59,195 | INFO | celeba_ood | Training done in 1592.1s
2026-06-13 05:48:59,315 | INFO | celeba_ood | ======================================================================
2026-06-13 05:48:59,316 | INFO | celeba_ood | PHASE 2 — training per-block reconstruction decoders
2026-06-13 05:48:59,316 | INFO | celeba_ood | ======================================================================
2026-06-13 05:48:59,316 | INFO | celeba_ood |   decoder L0: in=(C=32, H=32) → out=(3, 64, 64)  params=4,691
2026-06-13 05:48:59,316 | INFO | celeba_ood |   decoder L1: in=(C=64, H=16) → out=(3, 64, 64)  params=23,187
2026-06-13 05:48:59,316 | INFO | celeba_ood |   decoder L2: in=(C=128, H=8) → out=(3, 64, 64)  params=97,043
2026-06-13 05:48:59,316 | INFO | celeba_ood |   decoder L3: in=(C=256, H=4) → out=(3, 64, 64)  params=392,211
2026-06-13 05:48:59,316 | INFO | celeba_ood |   decoder L4: in=(C=256, H=2) → out=(3, 64, 64)  params=394,547
2026-06-13 05:48:59,316 | INFO | celeba_ood |   decoder L5: in=(C=256, H=2) → out=(3, 64, 64)  params=394,547
2026-06-13 05:51:37,740 | INFO | celeba_ood | [decoders] epoch   1/30  train=0.1192  per_block(train)=[0.0050 0.0067 0.0112 0.0173 0.0323 0.0466]  (158.4s)
2026-06-13 05:54:16,225 | INFO | celeba_ood | [decoders] epoch   2/30  train=0.0842  per_block(train)=[0.0011 0.0024 0.0055 0.0116 0.0259 0.0377]  (158.5s)
2026-06-13 05:56:54,747 | INFO | celeba_ood | [decoders] epoch   3/30  train=0.0793  per_block(train)=[0.0010 0.0022 0.0052 0.0108 0.0245 0.0356]  (158.5s)
2026-06-13 05:59:33,290 | INFO | celeba_ood | [decoders] epoch   4/30  train=0.0766  per_block(train)=[0.0009 0.0021 0.0050 0.0104 0.0238 0.0343]  (158.5s)
2026-06-13 06:02:11,856 | INFO | celeba_ood | [decoders] epoch   5/30  train=0.0747  per_block(train)=[0.0009 0.0021 0.0049 0.0102 0.0232 0.0335]  (158.6s)
2026-06-13 06:04:50,371 | INFO | celeba_ood | [decoders] epoch   6/30  train=0.0734  per_block(train)=[0.0008 0.0020 0.0049 0.0100 0.0229 0.0328]  (158.5s)
2026-06-13 06:07:28,864 | INFO | celeba_ood | [decoders] epoch   7/30  train=0.0722  per_block(train)=[0.0008 0.0020 0.0048 0.0098 0.0225 0.0323]  (158.5s)
2026-06-13 06:10:07,370 | INFO | celeba_ood | [decoders] epoch   8/30  train=0.0713  per_block(train)=[0.0008 0.0020 0.0047 0.0097 0.0222 0.0319]  (158.5s)
2026-06-13 06:12:45,854 | INFO | celeba_ood | [decoders] epoch   9/30  train=0.0706  per_block(train)=[0.0008 0.0020 0.0047 0.0096 0.0220 0.0315]  (158.5s)
2026-06-13 06:15:24,311 | INFO | celeba_ood | [decoders] epoch  10/30  train=0.0699  per_block(train)=[0.0007 0.0019 0.0047 0.0095 0.0218 0.0312]  (158.5s)
2026-06-13 06:18:02,680 | INFO | celeba_ood | [decoders] epoch  11/30  train=0.0693  per_block(train)=[0.0007 0.0019 0.0047 0.0094 0.0217 0.0309]  (158.4s)
2026-06-13 06:20:41,051 | INFO | celeba_ood | [decoders] epoch  12/30  train=0.0688  per_block(train)=[0.0007 0.0019 0.0046 0.0093 0.0215 0.0307]  (158.4s)
2026-06-13 06:23:19,432 | INFO | celeba_ood | [decoders] epoch  13/30  train=0.0684  per_block(train)=[0.0007 0.0019 0.0046 0.0093 0.0214 0.0305]  (158.4s)
2026-06-13 06:25:57,812 | INFO | celeba_ood | [decoders] epoch  14/30  train=0.0679  per_block(train)=[0.0007 0.0019 0.0046 0.0092 0.0212 0.0302]  (158.4s)
2026-06-13 06:28:36,187 | INFO | celeba_ood | [decoders] epoch  15/30  train=0.0675  per_block(train)=[0.0007 0.0019 0.0046 0.0092 0.0211 0.0301]  (158.4s)
2026-06-13 06:31:14,578 | INFO | celeba_ood | [decoders] epoch  16/30  train=0.0671  per_block(train)=[0.0007 0.0019 0.0046 0.0091 0.0210 0.0299]  (158.4s)
2026-06-13 06:33:52,982 | INFO | celeba_ood | [decoders] epoch  17/30  train=0.0668  per_block(train)=[0.0007 0.0019 0.0045 0.0091 0.0209 0.0297]  (158.4s)
2026-06-13 06:36:31,390 | INFO | celeba_ood | [decoders] epoch  18/30  train=0.0665  per_block(train)=[0.0006 0.0019 0.0045 0.0091 0.0208 0.0296]  (158.4s)
2026-06-13 06:39:09,755 | INFO | celeba_ood | [decoders] epoch  19/30  train=0.0662  per_block(train)=[0.0006 0.0019 0.0045 0.0090 0.0207 0.0294]  (158.4s)
2026-06-13 06:41:48,112 | INFO | celeba_ood | [decoders] epoch  20/30  train=0.0660  per_block(train)=[0.0006 0.0019 0.0045 0.0090 0.0207 0.0293]  (158.4s)
2026-06-13 06:44:26,496 | INFO | celeba_ood | [decoders] epoch  21/30  train=0.0657  per_block(train)=[0.0006 0.0019 0.0045 0.0090 0.0206 0.0292]  (158.4s)
2026-06-13 06:47:04,856 | INFO | celeba_ood | [decoders] epoch  22/30  train=0.0655  per_block(train)=[0.0006 0.0019 0.0045 0.0090 0.0205 0.0290]  (158.4s)
2026-06-13 06:49:43,224 | INFO | celeba_ood | [decoders] epoch  23/30  train=0.0653  per_block(train)=[0.0006 0.0018 0.0045 0.0089 0.0205 0.0289]  (158.4s)
2026-06-13 06:52:21,604 | INFO | celeba_ood | [decoders] epoch  24/30  train=0.0650  per_block(train)=[0.0006 0.0018 0.0045 0.0089 0.0204 0.0288]  (158.4s)
2026-06-13 06:54:59,979 | INFO | celeba_ood | [decoders] epoch  25/30  train=0.0649  per_block(train)=[0.0006 0.0018 0.0045 0.0089 0.0204 0.0288]  (158.4s)
2026-06-13 06:57:38,369 | INFO | celeba_ood | [decoders] epoch  26/30  train=0.0646  per_block(train)=[0.0006 0.0018 0.0044 0.0089 0.0203 0.0286]  (158.4s)
2026-06-13 07:00:16,747 | INFO | celeba_ood | [decoders] epoch  27/30  train=0.0645  per_block(train)=[0.0006 0.0018 0.0044 0.0088 0.0202 0.0286]  (158.4s)
2026-06-13 07:02:55,126 | INFO | celeba_ood | [decoders] epoch  28/30  train=0.0643  per_block(train)=[0.0006 0.0018 0.0044 0.0088 0.0202 0.0285]  (158.4s)
2026-06-13 07:05:33,495 | INFO | celeba_ood | [decoders] epoch  29/30  train=0.0641  per_block(train)=[0.0006 0.0018 0.0044 0.0088 0.0201 0.0284]  (158.4s)
2026-06-13 07:08:11,866 | INFO | celeba_ood | [decoders] epoch  30/30  train=0.0640  per_block(train)=[0.0006 0.0018 0.0044 0.0088 0.0201 0.0283]  (158.4s)
2026-06-13 07:08:11,867 | INFO | celeba_ood | Decoder training done in 4752.6s
2026-06-13 07:08:11,895 | INFO | celeba_ood | ======================================================================
2026-06-13 07:08:11,896 | INFO | celeba_ood | EVALUATION — per-attribute accuracy + OOD AUROC
2026-06-13 07:08:11,896 | INFO | celeba_ood | ======================================================================
2026-06-13 07:08:11,896 | INFO | celeba_ood | Collecting predictions on test_in...
2026-06-13 07:08:18,016 | INFO | celeba_ood |   test_in size = 18941, OOD score (combined entropy) mean = nan
2026-06-13 07:08:18,016 | INFO | celeba_ood | Collecting predictions on test_ood (Eyeglasses)...
2026-06-13 07:08:22,266 | INFO | celeba_ood |   test_ood size = 13193, OOD score (combined entropy) mean = nan
2026-06-13 07:08:22,295 | INFO | celeba_ood | Per-attribute accuracy (in-distribution test set):
2026-06-13 07:08:22,295 | INFO | celeba_ood |   Male/Female : 97.51%
2026-06-13 07:08:22,295 | INFO | celeba_ood |   Young                 : 86.64%
2026-06-13 07:08:22,295 | INFO | celeba_ood |   Smiling               : 90.58%
2026-06-13 07:08:22,295 | INFO | celeba_ood |   Mouth_Slightly_Open   : 91.10%
2026-06-13 07:08:22,295 | INFO | celeba_ood |   High_Cheekbones       : 84.49%
2026-06-13 07:08:22,295 | INFO | celeba_ood |   Pointy_Nose           : 71.64%
2026-06-13 07:08:22,295 | INFO | celeba_ood |   Oval_Face             : 72.05%
2026-06-13 07:08:22,295 | INFO | celeba_ood | OOD AUROC (in-dist vs Eyeglasses):
2026-06-13 07:08:22,296 | INFO | celeba_ood |   score_msp                AUROC = 0.6427  (in_mean=0.004, ood_mean=0.018)
2026-06-13 07:08:22,296 | INFO | celeba_ood |   score_entropy_gender     AUROC = 0.6958  (in_mean=0.011, ood_mean=0.042)
2026-06-13 07:09:38,286 | INFO | celeba_ood | Fusion-based AUROC (max-pixel) = 0.5876  (in_mean=1.1518, ood_mean=1.2723)
2026-06-13 07:09:38,286 | INFO | celeba_ood | Wrote per-block plots: per_block_breakdown.png, recons_only.png, activations.png, fusion_overlay.png, fusion_auroc.png
2026-06-13 07:09:38,288 | INFO | celeba_ood | Summary written to outputs/celeba_ood/ensemble_20260612_164529_6508484/model_7/summary.json
2026-06-13 07:09:38,289 | INFO | celeba_ood | model 8/10 done in 6431.2s
2026-06-13 07:09:38,310 | INFO | celeba_ood | ######################################################################
2026-06-13 07:09:38,310 | INFO | celeba_ood | # MODEL 9/10   (seed=50)
2026-06-13 07:09:38,310 | INFO | celeba_ood | ######################################################################
2026-06-13 07:09:38,352 | INFO | celeba_ood | Model        : FacialCNN  (1,571,624 params)
2026-06-13 07:09:38,352 | INFO | celeba_ood | ======================================================================
2026-06-13 07:09:38,352 | INFO | celeba_ood | TRAINING — combined CE(gender) + BCE(attrs) loss
2026-06-13 07:09:38,352 | INFO | celeba_ood | ======================================================================
2026-06-13 07:09:38,353 | INFO | celeba_ood | No validation set — running the full 30-epoch schedule with no early stopping; final-epoch weights are kept.
2026-06-13 07:10:31,492 | INFO | celeba_ood | epoch   1/30  train_loss=0.9389  train_gender_acc=94.9%  train_attr_acc=[84.1 88.3 85.0 83.5 72.1 72.8]%  (53.1s)
2026-06-13 07:11:24,375 | INFO | celeba_ood | epoch   2/30  train_loss=0.7435  train_gender_acc=97.6%  train_attr_acc=[87.4 92.0 91.5 87.1 74.7 74.8]%  (52.9s)
2026-06-13 07:12:17,554 | INFO | celeba_ood | epoch   3/30  train_loss=0.6941  train_gender_acc=98.3%  train_attr_acc=[88.3 92.5 92.5 87.6 75.6 75.4]%  (53.2s)
2026-06-13 07:13:10,533 | INFO | celeba_ood | epoch   4/30  train_loss=0.6568  train_gender_acc=98.8%  train_attr_acc=[88.9 93.0 93.1 88.1 76.3 76.1]%  (53.0s)
2026-06-13 07:14:03,632 | INFO | celeba_ood | epoch   5/30  train_loss=0.6245  train_gender_acc=99.1%  train_attr_acc=[89.6 93.4 93.6 88.6 76.8 76.6]%  (53.1s)
2026-06-13 07:14:56,323 | INFO | celeba_ood | epoch   6/30  train_loss=0.5928  train_gender_acc=99.5%  train_attr_acc=[90.2 93.8 94.0 89.1 77.6 77.3]%  (52.7s)
2026-06-13 07:15:49,084 | INFO | celeba_ood | epoch   7/30  train_loss=0.5623  train_gender_acc=99.6%  train_attr_acc=[90.9 94.3 94.5 89.7 78.4 78.2]%  (52.8s)
2026-06-13 07:16:42,504 | INFO | celeba_ood | epoch   8/30  train_loss=0.5305  train_gender_acc=99.7%  train_attr_acc=[91.8 94.8 95.0 90.3 79.2 79.2]%  (53.4s)
2026-06-13 07:17:35,148 | INFO | celeba_ood | epoch   9/30  train_loss=0.4939  train_gender_acc=99.8%  train_attr_acc=[92.6 95.2 95.6 91.0 80.4 80.3]%  (52.6s)
2026-06-13 07:18:27,962 | INFO | celeba_ood | epoch  10/30  train_loss=0.4565  train_gender_acc=99.8%  train_attr_acc=[93.5 95.8 96.1 91.8 81.6 81.8]%  (52.8s)
2026-06-13 07:19:20,690 | INFO | celeba_ood | epoch  11/30  train_loss=0.4177  train_gender_acc=99.9%  train_attr_acc=[94.4 96.2 96.6 92.6 83.0 83.3]%  (52.7s)
2026-06-13 07:20:13,227 | INFO | celeba_ood | epoch  12/30  train_loss=0.3778  train_gender_acc=99.8%  train_attr_acc=[95.3 96.7 97.0 93.5 84.5 85.0]%  (52.5s)
2026-06-13 07:21:05,960 | INFO | celeba_ood | epoch  13/30  train_loss=0.3374  train_gender_acc=99.9%  train_attr_acc=[95.9 97.1 97.5 94.2 86.2 86.7]%  (52.7s)
2026-06-13 07:21:58,389 | INFO | celeba_ood | epoch  14/30  train_loss=0.2982  train_gender_acc=99.9%  train_attr_acc=[96.5 97.4 97.8 95.0 87.7 88.5]%  (52.4s)
2026-06-13 07:22:51,510 | INFO | celeba_ood | epoch  15/30  train_loss=0.2615  train_gender_acc=99.9%  train_attr_acc=[97.1 97.8 98.1 95.7 89.3 90.0]%  (53.1s)
2026-06-13 07:23:44,748 | INFO | celeba_ood | epoch  16/30  train_loss=0.2278  train_gender_acc=99.9%  train_attr_acc=[97.4 98.1 98.4 96.2 91.0 91.6]%  (53.2s)
2026-06-13 07:24:37,774 | INFO | celeba_ood | epoch  17/30  train_loss=0.2014  train_gender_acc=99.9%  train_attr_acc=[97.7 98.3 98.6 96.7 92.2 92.7]%  (53.0s)
2026-06-13 07:25:30,984 | INFO | celeba_ood | epoch  18/30  train_loss=0.1762  train_gender_acc=99.9%  train_attr_acc=[98.0 98.4 98.7 97.1 93.4 93.8]%  (53.2s)
2026-06-13 07:26:24,524 | INFO | celeba_ood | epoch  19/30  train_loss=0.1531  train_gender_acc=99.9%  train_attr_acc=[98.2 98.6 98.9 97.5 94.4 94.7]%  (53.5s)
2026-06-13 07:27:16,881 | INFO | celeba_ood | epoch  20/30  train_loss=0.1379  train_gender_acc=99.9%  train_attr_acc=[98.4 98.8 98.9 97.8 95.0 95.4]%  (52.4s)
2026-06-13 07:28:10,188 | INFO | celeba_ood | epoch  21/30  train_loss=0.1308  train_gender_acc=99.9%  train_attr_acc=[98.4 98.8 98.9 97.9 95.5 95.7]%  (53.3s)
2026-06-13 07:29:02,831 | INFO | celeba_ood | epoch  22/30  train_loss=0.1162  train_gender_acc=99.9%  train_attr_acc=[98.6 98.9 99.1 98.2 96.1 96.2]%  (52.6s)
2026-06-13 07:29:55,661 | INFO | celeba_ood | epoch  23/30  train_loss=0.1080  train_gender_acc=99.9%  train_attr_acc=[98.7 99.0 99.1 98.3 96.4 96.5]%  (52.8s)
2026-06-13 07:30:49,024 | INFO | celeba_ood | epoch  24/30  train_loss=0.1023  train_gender_acc=99.9%  train_attr_acc=[98.7 99.1 99.1 98.4 96.6 96.7]%  (53.4s)
2026-06-13 07:31:42,074 | INFO | celeba_ood | epoch  25/30  train_loss=0.1007  train_gender_acc=99.9%  train_attr_acc=[98.7 99.1 99.2 98.4 96.8 96.8]%  (53.0s)
2026-06-13 07:32:35,352 | INFO | celeba_ood | epoch  26/30  train_loss=0.0887  train_gender_acc=99.9%  train_attr_acc=[98.9 99.1 99.2 98.6 97.2 97.3]%  (53.3s)
2026-06-13 07:33:28,091 | INFO | celeba_ood | epoch  27/30  train_loss=0.0884  train_gender_acc=99.9%  train_attr_acc=[98.9 99.2 99.3 98.6 97.3 97.1]%  (52.7s)
2026-06-13 07:34:20,687 | INFO | celeba_ood | epoch  28/30  train_loss=0.0837  train_gender_acc=99.9%  train_attr_acc=[98.9 99.2 99.3 98.7 97.4 97.4]%  (52.6s)
2026-06-13 07:35:13,926 | INFO | celeba_ood | epoch  29/30  train_loss=0.0819  train_gender_acc=99.9%  train_attr_acc=[98.9 99.3 99.3 98.7 97.4 97.4]%  (53.2s)
2026-06-13 07:36:07,165 | INFO | celeba_ood | epoch  30/30  train_loss=0.0784  train_gender_acc=99.9%  train_attr_acc=[98.9 99.3 99.3 98.8 97.6 97.6]%  (53.2s)
2026-06-13 07:36:07,166 | INFO | celeba_ood | Training done in 1588.8s
2026-06-13 07:36:07,298 | INFO | celeba_ood | ======================================================================
2026-06-13 07:36:07,298 | INFO | celeba_ood | PHASE 2 — training per-block reconstruction decoders
2026-06-13 07:36:07,298 | INFO | celeba_ood | ======================================================================
2026-06-13 07:36:07,298 | INFO | celeba_ood |   decoder L0: in=(C=32, H=32) → out=(3, 64, 64)  params=4,691
2026-06-13 07:36:07,298 | INFO | celeba_ood |   decoder L1: in=(C=64, H=16) → out=(3, 64, 64)  params=23,187
2026-06-13 07:36:07,298 | INFO | celeba_ood |   decoder L2: in=(C=128, H=8) → out=(3, 64, 64)  params=97,043
2026-06-13 07:36:07,298 | INFO | celeba_ood |   decoder L3: in=(C=256, H=4) → out=(3, 64, 64)  params=392,211
2026-06-13 07:36:07,299 | INFO | celeba_ood |   decoder L4: in=(C=256, H=2) → out=(3, 64, 64)  params=394,547
2026-06-13 07:36:07,299 | INFO | celeba_ood |   decoder L5: in=(C=256, H=2) → out=(3, 64, 64)  params=394,547
2026-06-13 07:38:45,802 | INFO | celeba_ood | [decoders] epoch   1/30  train=0.1196  per_block(train)=[0.0062 0.0101 0.0091 0.0167 0.0317 0.0459]  (158.5s)
2026-06-13 07:41:24,298 | INFO | celeba_ood | [decoders] epoch   2/30  train=0.0820  per_block(train)=[0.0010 0.0025 0.0054 0.0113 0.0250 0.0368]  (158.5s)
2026-06-13 07:44:02,787 | INFO | celeba_ood | [decoders] epoch   3/30  train=0.0770  per_block(train)=[0.0009 0.0022 0.0050 0.0105 0.0237 0.0347]  (158.5s)
2026-06-13 07:46:41,172 | INFO | celeba_ood | [decoders] epoch   4/30  train=0.0744  per_block(train)=[0.0009 0.0021 0.0048 0.0101 0.0230 0.0335]  (158.4s)
2026-06-13 07:49:19,562 | INFO | celeba_ood | [decoders] epoch   5/30  train=0.0725  per_block(train)=[0.0008 0.0020 0.0047 0.0098 0.0224 0.0326]  (158.4s)
2026-06-13 07:51:57,928 | INFO | celeba_ood | [decoders] epoch   6/30  train=0.0711  per_block(train)=[0.0008 0.0020 0.0046 0.0096 0.0221 0.0320]  (158.4s)
2026-06-13 07:54:36,311 | INFO | celeba_ood | [decoders] epoch   7/30  train=0.0700  per_block(train)=[0.0008 0.0020 0.0046 0.0095 0.0217 0.0315]  (158.4s)
2026-06-13 07:57:14,676 | INFO | celeba_ood | [decoders] epoch   8/30  train=0.0693  per_block(train)=[0.0008 0.0019 0.0045 0.0094 0.0215 0.0311]  (158.4s)
2026-06-13 07:59:53,060 | INFO | celeba_ood | [decoders] epoch   9/30  train=0.0684  per_block(train)=[0.0007 0.0019 0.0045 0.0093 0.0213 0.0308]  (158.4s)
2026-06-13 08:02:31,414 | INFO | celeba_ood | [decoders] epoch  10/30  train=0.0678  per_block(train)=[0.0007 0.0019 0.0045 0.0092 0.0211 0.0304]  (158.4s)
2026-06-13 08:05:09,784 | INFO | celeba_ood | [decoders] epoch  11/30  train=0.0672  per_block(train)=[0.0007 0.0019 0.0044 0.0091 0.0209 0.0301]  (158.4s)
2026-06-13 08:07:48,143 | INFO | celeba_ood | [decoders] epoch  12/30  train=0.0667  per_block(train)=[0.0007 0.0019 0.0044 0.0090 0.0208 0.0299]  (158.4s)
2026-06-13 08:10:26,528 | INFO | celeba_ood | [decoders] epoch  13/30  train=0.0663  per_block(train)=[0.0007 0.0019 0.0044 0.0090 0.0206 0.0297]  (158.4s)
2026-06-13 08:13:04,894 | INFO | celeba_ood | [decoders] epoch  14/30  train=0.0658  per_block(train)=[0.0007 0.0019 0.0044 0.0089 0.0205 0.0295]  (158.4s)
2026-06-13 08:15:43,267 | INFO | celeba_ood | [decoders] epoch  15/30  train=0.0655  per_block(train)=[0.0007 0.0018 0.0044 0.0089 0.0204 0.0293]  (158.4s)
2026-06-13 08:18:21,629 | INFO | celeba_ood | [decoders] epoch  16/30  train=0.0652  per_block(train)=[0.0007 0.0018 0.0044 0.0089 0.0203 0.0292]  (158.4s)
2026-06-13 08:21:00,000 | INFO | celeba_ood | [decoders] epoch  17/30  train=0.0648  per_block(train)=[0.0007 0.0018 0.0043 0.0088 0.0202 0.0290]  (158.4s)
2026-06-13 08:23:38,341 | INFO | celeba_ood | [decoders] epoch  18/30  train=0.0645  per_block(train)=[0.0006 0.0018 0.0043 0.0088 0.0201 0.0288]  (158.3s)
2026-06-13 08:26:16,695 | INFO | celeba_ood | [decoders] epoch  19/30  train=0.0642  per_block(train)=[0.0006 0.0018 0.0043 0.0087 0.0200 0.0287]  (158.4s)
2026-06-13 08:28:55,070 | INFO | celeba_ood | [decoders] epoch  20/30  train=0.0640  per_block(train)=[0.0006 0.0018 0.0043 0.0087 0.0200 0.0286]  (158.4s)
2026-06-13 08:31:33,423 | INFO | celeba_ood | [decoders] epoch  21/30  train=0.0637  per_block(train)=[0.0006 0.0018 0.0043 0.0087 0.0199 0.0284]  (158.4s)
2026-06-13 08:34:11,775 | INFO | celeba_ood | [decoders] epoch  22/30  train=0.0634  per_block(train)=[0.0006 0.0018 0.0043 0.0086 0.0198 0.0283]  (158.4s)
2026-06-13 08:36:50,286 | INFO | celeba_ood | [decoders] epoch  23/30  train=0.0633  per_block(train)=[0.0006 0.0018 0.0043 0.0086 0.0198 0.0282]  (158.5s)
2026-06-13 08:39:28,686 | INFO | celeba_ood | [decoders] epoch  24/30  train=0.0630  per_block(train)=[0.0006 0.0018 0.0043 0.0086 0.0197 0.0281]  (158.4s)
2026-06-13 08:42:07,043 | INFO | celeba_ood | [decoders] epoch  25/30  train=0.0629  per_block(train)=[0.0006 0.0018 0.0042 0.0086 0.0196 0.0280]  (158.4s)
2026-06-13 08:44:45,384 | INFO | celeba_ood | [decoders] epoch  26/30  train=0.0627  per_block(train)=[0.0006 0.0018 0.0042 0.0086 0.0196 0.0279]  (158.3s)
2026-06-13 08:47:23,759 | INFO | celeba_ood | [decoders] epoch  27/30  train=0.0625  per_block(train)=[0.0006 0.0018 0.0042 0.0085 0.0195 0.0278]  (158.4s)
2026-06-13 08:50:02,138 | INFO | celeba_ood | [decoders] epoch  28/30  train=0.0624  per_block(train)=[0.0006 0.0018 0.0042 0.0085 0.0195 0.0278]  (158.4s)
2026-06-13 08:52:40,512 | INFO | celeba_ood | [decoders] epoch  29/30  train=0.0622  per_block(train)=[0.0006 0.0018 0.0042 0.0085 0.0194 0.0277]  (158.4s)
2026-06-13 08:55:18,875 | INFO | celeba_ood | [decoders] epoch  30/30  train=0.0620  per_block(train)=[0.0006 0.0018 0.0042 0.0085 0.0194 0.0276]  (158.4s)
2026-06-13 08:55:18,876 | INFO | celeba_ood | Decoder training done in 4751.6s
2026-06-13 08:55:18,906 | INFO | celeba_ood | ======================================================================
2026-06-13 08:55:18,906 | INFO | celeba_ood | EVALUATION — per-attribute accuracy + OOD AUROC
2026-06-13 08:55:18,906 | INFO | celeba_ood | ======================================================================
2026-06-13 08:55:18,906 | INFO | celeba_ood | Collecting predictions on test_in...
2026-06-13 08:55:25,292 | INFO | celeba_ood |   test_in size = 18941, OOD score (combined entropy) mean = nan
2026-06-13 08:55:25,292 | INFO | celeba_ood | Collecting predictions on test_ood (Eyeglasses)...
2026-06-13 08:55:29,670 | INFO | celeba_ood |   test_ood size = 13193, OOD score (combined entropy) mean = nan
2026-06-13 08:55:29,696 | INFO | celeba_ood | Per-attribute accuracy (in-distribution test set):
2026-06-13 08:55:29,696 | INFO | celeba_ood |   Male/Female : 97.57%
2026-06-13 08:55:29,696 | INFO | celeba_ood |   Young                 : 86.77%
2026-06-13 08:55:29,696 | INFO | celeba_ood |   Smiling               : 90.31%
2026-06-13 08:55:29,696 | INFO | celeba_ood |   Mouth_Slightly_Open   : 90.88%
2026-06-13 08:55:29,696 | INFO | celeba_ood |   High_Cheekbones       : 83.99%
2026-06-13 08:55:29,696 | INFO | celeba_ood |   Pointy_Nose           : 71.10%
2026-06-13 08:55:29,696 | INFO | celeba_ood |   Oval_Face             : 69.45%
2026-06-13 08:55:29,696 | INFO | celeba_ood | OOD AUROC (in-dist vs Eyeglasses):
2026-06-13 08:55:29,696 | INFO | celeba_ood |   score_msp                AUROC = 0.6259  (in_mean=0.005, ood_mean=0.017)
2026-06-13 08:55:29,696 | INFO | celeba_ood |   score_entropy_gender     AUROC = 0.6531  (in_mean=0.011, ood_mean=0.039)
2026-06-13 08:56:46,409 | INFO | celeba_ood | Fusion-based AUROC (max-pixel) = 0.5872  (in_mean=1.1523, ood_mean=1.2722)
2026-06-13 08:56:46,409 | INFO | celeba_ood | Wrote per-block plots: per_block_breakdown.png, recons_only.png, activations.png, fusion_overlay.png, fusion_auroc.png
2026-06-13 08:56:46,411 | INFO | celeba_ood | Summary written to outputs/celeba_ood/ensemble_20260612_164529_6508484/model_8/summary.json
2026-06-13 08:56:46,412 | INFO | celeba_ood | model 9/10 done in 6428.1s
2026-06-13 08:56:46,434 | INFO | celeba_ood | ######################################################################
2026-06-13 08:56:46,434 | INFO | celeba_ood | # MODEL 10/10   (seed=51)
2026-06-13 08:56:46,434 | INFO | celeba_ood | ######################################################################
2026-06-13 08:56:46,476 | INFO | celeba_ood | Model        : FacialCNN  (1,571,624 params)
2026-06-13 08:56:46,476 | INFO | celeba_ood | ======================================================================
2026-06-13 08:56:46,476 | INFO | celeba_ood | TRAINING — combined CE(gender) + BCE(attrs) loss
2026-06-13 08:56:46,476 | INFO | celeba_ood | ======================================================================
2026-06-13 08:56:46,476 | INFO | celeba_ood | No validation set — running the full 30-epoch schedule with no early stopping; final-epoch weights are kept.
2026-06-13 08:57:39,855 | INFO | celeba_ood | epoch   1/30  train_loss=0.9181  train_gender_acc=95.1%  train_attr_acc=[85.0 88.4 85.6 83.7 72.3 73.3]%  (53.4s)
2026-06-13 08:58:32,561 | INFO | celeba_ood | epoch   2/30  train_loss=0.7380  train_gender_acc=97.6%  train_attr_acc=[87.4 92.0 91.9 87.1 74.8 74.9]%  (52.7s)
2026-06-13 08:59:25,234 | INFO | celeba_ood | epoch   3/30  train_loss=0.6909  train_gender_acc=98.3%  train_attr_acc=[88.4 92.6 92.7 87.7 75.6 75.6]%  (52.7s)
2026-06-13 09:00:18,196 | INFO | celeba_ood | epoch   4/30  train_loss=0.6544  train_gender_acc=98.7%  train_attr_acc=[88.9 93.0 93.3 88.2 76.2 76.1]%  (53.0s)
2026-06-13 09:01:11,272 | INFO | celeba_ood | epoch   5/30  train_loss=0.6219  train_gender_acc=99.2%  train_attr_acc=[89.6 93.4 93.7 88.6 76.8 76.7]%  (53.1s)
2026-06-13 09:02:04,840 | INFO | celeba_ood | epoch   6/30  train_loss=0.5906  train_gender_acc=99.4%  train_attr_acc=[90.3 93.8 94.1 89.1 77.5 77.4]%  (53.6s)
2026-06-13 09:02:58,444 | INFO | celeba_ood | epoch   7/30  train_loss=0.5591  train_gender_acc=99.6%  train_attr_acc=[91.1 94.2 94.6 89.7 78.3 78.3]%  (53.6s)
2026-06-13 09:03:52,049 | INFO | celeba_ood | epoch   8/30  train_loss=0.5262  train_gender_acc=99.7%  train_attr_acc=[91.9 94.8 95.1 90.4 79.3 79.3]%  (53.6s)
2026-06-13 09:04:44,943 | INFO | celeba_ood | epoch   9/30  train_loss=0.4919  train_gender_acc=99.8%  train_attr_acc=[92.8 95.3 95.7 91.1 80.4 80.4]%  (52.9s)
2026-06-13 09:05:38,825 | INFO | celeba_ood | epoch  10/30  train_loss=0.4525  train_gender_acc=99.8%  train_attr_acc=[93.6 95.8 96.2 91.9 81.8 81.9]%  (53.9s)
2026-06-13 09:06:31,993 | INFO | celeba_ood | epoch  11/30  train_loss=0.4116  train_gender_acc=99.9%  train_attr_acc=[94.5 96.4 96.8 92.7 83.2 83.4]%  (53.2s)
2026-06-13 09:07:24,965 | INFO | celeba_ood | epoch  12/30  train_loss=0.3694  train_gender_acc=99.9%  train_attr_acc=[95.3 96.8 97.2 93.6 84.7 85.2]%  (53.0s)
2026-06-13 09:08:19,008 | INFO | celeba_ood | epoch  13/30  train_loss=0.3301  train_gender_acc=99.9%  train_attr_acc=[96.0 97.3 97.7 94.4 86.4 86.9]%  (54.0s)
2026-06-13 09:09:13,448 | INFO | celeba_ood | epoch  14/30  train_loss=0.2900  train_gender_acc=99.9%  train_attr_acc=[96.7 97.7 98.0 95.1 88.2 88.6]%  (54.4s)
2026-06-13 09:10:08,594 | INFO | celeba_ood | epoch  15/30  train_loss=0.2530  train_gender_acc=99.9%  train_attr_acc=[97.2 98.0 98.3 95.8 89.8 90.3]%  (55.1s)
2026-06-13 09:11:03,920 | INFO | celeba_ood | epoch  16/30  train_loss=0.2208  train_gender_acc=99.9%  train_attr_acc=[97.6 98.2 98.5 96.4 91.3 91.7]%  (55.3s)
2026-06-13 09:11:56,570 | INFO | celeba_ood | epoch  17/30  train_loss=0.1926  train_gender_acc=99.9%  train_attr_acc=[97.9 98.3 98.7 96.9 92.6 92.9]%  (52.6s)
2026-06-13 09:12:49,565 | INFO | celeba_ood | epoch  18/30  train_loss=0.1679  train_gender_acc=99.9%  train_attr_acc=[98.1 98.5 98.9 97.3 93.7 94.0]%  (53.0s)
2026-06-13 09:13:42,337 | INFO | celeba_ood | epoch  19/30  train_loss=0.1501  train_gender_acc=99.9%  train_attr_acc=[98.2 98.7 99.0 97.6 94.6 94.7]%  (52.8s)
2026-06-13 09:14:35,603 | INFO | celeba_ood | epoch  20/30  train_loss=0.1359  train_gender_acc=99.9%  train_attr_acc=[98.4 98.8 99.0 97.8 95.2 95.4]%  (53.3s)
2026-06-13 09:15:28,432 | INFO | celeba_ood | epoch  21/30  train_loss=0.1205  train_gender_acc=99.9%  train_attr_acc=[98.6 98.9 99.2 98.1 95.8 95.9]%  (52.8s)
2026-06-13 09:16:21,006 | INFO | celeba_ood | epoch  22/30  train_loss=0.1134  train_gender_acc=99.9%  train_attr_acc=[98.6 99.0 99.1 98.2 96.2 96.3]%  (52.6s)
2026-06-13 09:17:13,592 | INFO | celeba_ood | epoch  23/30  train_loss=0.1060  train_gender_acc=99.9%  train_attr_acc=[98.7 99.0 99.1 98.3 96.4 96.6]%  (52.6s)
2026-06-13 09:18:06,351 | INFO | celeba_ood | epoch  24/30  train_loss=0.0974  train_gender_acc=100.0%  train_attr_acc=[98.8 99.1 99.2 98.5 96.8 96.7]%  (52.8s)
2026-06-13 09:18:59,273 | INFO | celeba_ood | epoch  25/30  train_loss=0.0936  train_gender_acc=99.9%  train_attr_acc=[98.8 99.1 99.3 98.4 96.9 97.0]%  (52.9s)
2026-06-13 09:19:52,072 | INFO | celeba_ood | epoch  26/30  train_loss=0.0920  train_gender_acc=99.9%  train_attr_acc=[98.9 99.1 99.3 98.5 97.1 97.0]%  (52.8s)
2026-06-13 09:20:45,396 | INFO | celeba_ood | epoch  27/30  train_loss=0.0828  train_gender_acc=99.9%  train_attr_acc=[98.9 99.2 99.3 98.7 97.3 97.4]%  (53.3s)
2026-06-13 09:21:38,623 | INFO | celeba_ood | epoch  28/30  train_loss=0.0827  train_gender_acc=99.9%  train_attr_acc=[98.9 99.2 99.3 98.7 97.4 97.4]%  (53.2s)
2026-06-13 09:22:31,178 | INFO | celeba_ood | epoch  29/30  train_loss=0.0779  train_gender_acc=99.9%  train_attr_acc=[99.0 99.3 99.4 98.8 97.5 97.6]%  (52.6s)
2026-06-13 09:23:23,822 | INFO | celeba_ood | epoch  30/30  train_loss=0.0783  train_gender_acc=99.9%  train_attr_acc=[99.0 99.3 99.4 98.8 97.5 97.5]%  (52.6s)
2026-06-13 09:23:23,823 | INFO | celeba_ood | Training done in 1597.3s
2026-06-13 09:23:23,942 | INFO | celeba_ood | ======================================================================
2026-06-13 09:23:23,942 | INFO | celeba_ood | PHASE 2 — training per-block reconstruction decoders
2026-06-13 09:23:23,943 | INFO | celeba_ood | ======================================================================
2026-06-13 09:23:23,943 | INFO | celeba_ood |   decoder L0: in=(C=32, H=32) → out=(3, 64, 64)  params=4,691
2026-06-13 09:23:23,943 | INFO | celeba_ood |   decoder L1: in=(C=64, H=16) → out=(3, 64, 64)  params=23,187
2026-06-13 09:23:23,943 | INFO | celeba_ood |   decoder L2: in=(C=128, H=8) → out=(3, 64, 64)  params=97,043
2026-06-13 09:23:23,943 | INFO | celeba_ood |   decoder L3: in=(C=256, H=4) → out=(3, 64, 64)  params=392,211
2026-06-13 09:23:23,943 | INFO | celeba_ood |   decoder L4: in=(C=256, H=2) → out=(3, 64, 64)  params=394,547
2026-06-13 09:23:23,943 | INFO | celeba_ood |   decoder L5: in=(C=256, H=2) → out=(3, 64, 64)  params=394,547
2026-06-13 09:26:02,427 | INFO | celeba_ood | [decoders] epoch   1/30  train=0.1224  per_block(train)=[0.0055 0.0080 0.0106 0.0180 0.0329 0.0475]  (158.5s)
2026-06-13 09:28:40,881 | INFO | celeba_ood | [decoders] epoch   2/30  train=0.0855  per_block(train)=[0.0011 0.0025 0.0058 0.0117 0.0261 0.0382]  (158.5s)
2026-06-13 09:31:19,384 | INFO | celeba_ood | [decoders] epoch   3/30  train=0.0805  per_block(train)=[0.0010 0.0023 0.0054 0.0110 0.0247 0.0360]  (158.5s)
2026-06-13 09:33:57,778 | INFO | celeba_ood | [decoders] epoch   4/30  train=0.0776  per_block(train)=[0.0010 0.0022 0.0052 0.0106 0.0240 0.0347]  (158.4s)
2026-06-13 09:36:36,190 | INFO | celeba_ood | [decoders] epoch   5/30  train=0.0757  per_block(train)=[0.0009 0.0022 0.0051 0.0103 0.0234 0.0338]  (158.4s)
2026-06-13 09:39:14,636 | INFO | celeba_ood | [decoders] epoch   6/30  train=0.0743  per_block(train)=[0.0009 0.0021 0.0050 0.0101 0.0231 0.0332]  (158.4s)
2026-06-13 09:41:53,044 | INFO | celeba_ood | [decoders] epoch   7/30  train=0.0732  per_block(train)=[0.0009 0.0021 0.0049 0.0099 0.0227 0.0327]  (158.4s)
2026-06-13 09:44:31,442 | INFO | celeba_ood | [decoders] epoch   8/30  train=0.0723  per_block(train)=[0.0008 0.0021 0.0049 0.0098 0.0225 0.0323]  (158.4s)
2026-06-13 09:47:09,863 | INFO | celeba_ood | [decoders] epoch   9/30  train=0.0716  per_block(train)=[0.0008 0.0020 0.0048 0.0097 0.0223 0.0319]  (158.4s)
2026-06-13 09:49:48,277 | INFO | celeba_ood | [decoders] epoch  10/30  train=0.0709  per_block(train)=[0.0008 0.0020 0.0048 0.0096 0.0221 0.0316]  (158.4s)
2026-06-13 09:52:26,699 | INFO | celeba_ood | [decoders] epoch  11/30  train=0.0702  per_block(train)=[0.0008 0.0020 0.0048 0.0096 0.0219 0.0313]  (158.4s)
2026-06-13 09:55:05,071 | INFO | celeba_ood | [decoders] epoch  12/30  train=0.0697  per_block(train)=[0.0007 0.0020 0.0047 0.0095 0.0217 0.0310]  (158.4s)
2026-06-13 09:57:43,456 | INFO | celeba_ood | [decoders] epoch  13/30  train=0.0693  per_block(train)=[0.0007 0.0020 0.0047 0.0094 0.0216 0.0308]  (158.4s)
2026-06-13 10:00:21,826 | INFO | celeba_ood | [decoders] epoch  14/30  train=0.0688  per_block(train)=[0.0007 0.0020 0.0047 0.0094 0.0214 0.0306]  (158.4s)
2026-06-13 10:03:00,174 | INFO | celeba_ood | [decoders] epoch  15/30  train=0.0684  per_block(train)=[0.0007 0.0020 0.0047 0.0093 0.0213 0.0304]  (158.3s)
2026-06-13 10:05:38,545 | INFO | celeba_ood | [decoders] epoch  16/30  train=0.0680  per_block(train)=[0.0007 0.0020 0.0047 0.0093 0.0212 0.0302]  (158.4s)
2026-06-13 10:08:16,899 | INFO | celeba_ood | [decoders] epoch  17/30  train=0.0677  per_block(train)=[0.0007 0.0020 0.0047 0.0092 0.0211 0.0301]  (158.4s)
2026-06-13 10:10:55,254 | INFO | celeba_ood | [decoders] epoch  18/30  train=0.0675  per_block(train)=[0.0007 0.0020 0.0047 0.0092 0.0210 0.0299]  (158.4s)
2026-06-13 10:13:33,623 | INFO | celeba_ood | [decoders] epoch  19/30  train=0.0671  per_block(train)=[0.0007 0.0019 0.0046 0.0092 0.0209 0.0298]  (158.4s)
2026-06-13 10:16:12,041 | INFO | celeba_ood | [decoders] epoch  20/30  train=0.0668  per_block(train)=[0.0007 0.0019 0.0046 0.0091 0.0208 0.0296]  (158.4s)
2026-06-13 10:18:50,427 | INFO | celeba_ood | [decoders] epoch  21/30  train=0.0666  per_block(train)=[0.0007 0.0019 0.0046 0.0091 0.0208 0.0295]  (158.4s)
2026-06-13 10:21:28,806 | INFO | celeba_ood | [decoders] epoch  22/30  train=0.0664  per_block(train)=[0.0007 0.0019 0.0046 0.0091 0.0207 0.0294]  (158.4s)
2026-06-13 10:24:07,158 | INFO | celeba_ood | [decoders] epoch  23/30  train=0.0662  per_block(train)=[0.0007 0.0019 0.0046 0.0091 0.0206 0.0293]  (158.4s)
2026-06-13 10:26:45,533 | INFO | celeba_ood | [decoders] epoch  24/30  train=0.0660  per_block(train)=[0.0007 0.0019 0.0046 0.0090 0.0206 0.0292]  (158.4s)
2026-06-13 10:29:23,902 | INFO | celeba_ood | [decoders] epoch  25/30  train=0.0658  per_block(train)=[0.0007 0.0019 0.0046 0.0090 0.0205 0.0291]  (158.4s)
2026-06-13 10:32:02,269 | INFO | celeba_ood | [decoders] epoch  26/30  train=0.0655  per_block(train)=[0.0007 0.0019 0.0046 0.0090 0.0204 0.0290]  (158.4s)
2026-06-13 10:34:40,638 | INFO | celeba_ood | [decoders] epoch  27/30  train=0.0653  per_block(train)=[0.0007 0.0019 0.0046 0.0090 0.0204 0.0289]  (158.4s)
2026-06-13 10:37:19,016 | INFO | celeba_ood | [decoders] epoch  28/30  train=0.0652  per_block(train)=[0.0007 0.0019 0.0046 0.0090 0.0203 0.0288]  (158.4s)
2026-06-13 10:39:57,378 | INFO | celeba_ood | [decoders] epoch  29/30  train=0.0651  per_block(train)=[0.0007 0.0019 0.0046 0.0089 0.0203 0.0287]  (158.4s)
2026-06-13 10:42:35,772 | INFO | celeba_ood | [decoders] epoch  30/30  train=0.0649  per_block(train)=[0.0007 0.0019 0.0045 0.0089 0.0202 0.0286]  (158.4s)
2026-06-13 10:42:35,773 | INFO | celeba_ood | Decoder training done in 4751.8s
2026-06-13 10:42:35,806 | INFO | celeba_ood | ======================================================================
2026-06-13 10:42:35,806 | INFO | celeba_ood | EVALUATION — per-attribute accuracy + OOD AUROC
2026-06-13 10:42:35,806 | INFO | celeba_ood | ======================================================================
2026-06-13 10:42:35,806 | INFO | celeba_ood | Collecting predictions on test_in...
2026-06-13 10:42:41,883 | INFO | celeba_ood |   test_in size = 18941, OOD score (combined entropy) mean = nan
2026-06-13 10:42:41,883 | INFO | celeba_ood | Collecting predictions on test_ood (Eyeglasses)...
2026-06-13 10:42:46,048 | INFO | celeba_ood |   test_ood size = 13193, OOD score (combined entropy) mean = nan
2026-06-13 10:42:46,077 | INFO | celeba_ood | Per-attribute accuracy (in-distribution test set):
2026-06-13 10:42:46,077 | INFO | celeba_ood |   Male/Female : 97.57%
2026-06-13 10:42:46,077 | INFO | celeba_ood |   Young                 : 84.12%
2026-06-13 10:42:46,077 | INFO | celeba_ood |   Smiling               : 89.81%
2026-06-13 10:42:46,077 | INFO | celeba_ood |   Mouth_Slightly_Open   : 90.67%
2026-06-13 10:42:46,077 | INFO | celeba_ood |   High_Cheekbones       : 84.46%
2026-06-13 10:42:46,077 | INFO | celeba_ood |   Pointy_Nose           : 72.40%
2026-06-13 10:42:46,077 | INFO | celeba_ood |   Oval_Face             : 67.10%
2026-06-13 10:42:46,077 | INFO | celeba_ood | OOD AUROC (in-dist vs Eyeglasses):
2026-06-13 10:42:46,077 | INFO | celeba_ood |   score_msp                AUROC = 0.5918  (in_mean=0.004, ood_mean=0.013)
2026-06-13 10:42:46,077 | INFO | celeba_ood |   score_entropy_gender     AUROC = 0.5941  (in_mean=0.010, ood_mean=0.032)
2026-06-13 10:44:01,872 | INFO | celeba_ood | Fusion-based AUROC (max-pixel) = 0.5892  (in_mean=1.1539, ood_mean=1.2778)
2026-06-13 10:44:01,873 | INFO | celeba_ood | Wrote per-block plots: per_block_breakdown.png, recons_only.png, activations.png, fusion_overlay.png, fusion_auroc.png
2026-06-13 10:44:01,874 | INFO | celeba_ood | Summary written to outputs/celeba_ood/ensemble_20260612_164529_6508484/model_9/summary.json
2026-06-13 10:44:01,876 | INFO | celeba_ood | model 10/10 done in 6435.4s
2026-06-13 10:44:01,896 | INFO | celeba_ood | All 10 models ready in 64664.2s
2026-06-13 10:44:01,896 | INFO | celeba_ood | ======================================================================
2026-06-13 10:44:01,896 | INFO | celeba_ood | ENSEMBLE DECOMPOSITION — Risk = Bias + Variance
2026-06-13 10:44:01,896 | INFO | celeba_ood | ======================================================================
2026-06-13 10:47:22,624 | INFO | celeba_ood | Aggregated OOD AUROC (p95):  Risk=0.6225  Bias=0.6267  Variance=0.5988
2026-06-13 10:47:22,626 | INFO | celeba_ood |   -> anomaly score = Bias = |Risk − Variance| (no sigma, no division):  AUROC=0.6267
2026-06-13 10:47:22,626 | INFO | celeba_ood |   block 0:  risk=0.5723  bias=0.5623  variance=0.5861
2026-06-13 10:47:22,626 | INFO | celeba_ood |   block 1:  risk=0.5969  bias=0.5881  variance=0.6017
2026-06-13 10:47:22,627 | INFO | celeba_ood |   block 2:  risk=0.6263  bias=0.6214  variance=0.6232
2026-06-13 10:47:22,627 | INFO | celeba_ood |   block 3:  risk=0.6510  bias=0.6546  variance=0.6167
2026-06-13 10:47:22,627 | INFO | celeba_ood |   block 4:  risk=0.6213  bias=0.6271  variance=0.5846
2026-06-13 10:47:22,627 | INFO | celeba_ood |   block 5:  risk=0.6033  bias=0.6080  variance=0.5705
2026-06-13 10:47:22,852 | INFO | celeba_ood | Risk = Bias + Variance identity — max abs residual on 25 samples (10 ID + 15 OOD): 3.87e-07
2026-06-13 10:49:29,535 | INFO | celeba_ood | Wrote ensemble plots: ensemble_decomposition.png, decomposition_auroc.png, ensemble_score_hists.png, mean_recon_breakdown.png, mean_recons_only.png, mean_abs_bias.png, variance_heatmaps_ood.png, variance_heatmaps_all.png, mean_error_maps.png, min_error_maps.png, score_comparison.png, bias_variance_vs_block.png, bias_variance_vs_percentile.png
2026-06-13 10:49:29,536 | INFO | celeba_ood | Ensemble summary written to outputs/celeba_ood/ensemble_20260612_164529_6508484/ensemble/summary.json
2026-06-13 10:49:29,536 | INFO | celeba_ood | All done.
