OOD attributes: Eyeglasses  →  in-dist=189406  ood=13193 images
Train pos rates: Male=39.0%  Arched_Eyebrows=28.4%  Bushy_Eyebrows=14.9%  Narrow_Eyes=11.9%  Bags_Under_Eyes=20.9%  Smiling=48.7%  Young=79.9%
val_ratio=0 → no validation split: 170465 in-dist images train, 18941 held out for test_in (no early stopping, full schedule).
Grid search: 30 configs x (6 cls + 8 dec epochs) on cuda
================================================================
[1/30] scar=0 area=(0.02, 0.08) p=0.3 w=0.5
CutPaste pretext on: {'prob': 0.3, 'area_range': (0.02, 0.08), 'aspect_range': (0.3, 3.3), 'scar_prob': 0.0}  loss_weight=0.5
No validation set — running the full 6-epoch schedule with no early stopping; final-epoch weights are kept.
epoch   1/6  train_loss=1.0323  train_gender_acc=93.4%  train_attr_acc=[75.8 87.5 88.1 80.4 83.8 83.4]%  (332.9s)
epoch   3/6  train_loss=0.6895  train_gender_acc=97.4%  train_attr_acc=[80.8 91.0 88.9 82.6 91.5 87.2]%  (55.8s)
epoch   6/6  train_loss=0.6029  train_gender_acc=98.4%  train_attr_acc=[82.7 91.7 89.6 83.8 92.6 88.7]%  (55.5s)
/home/ybahaddo/lrad/scripts/run_gridsearch.py:252: FutureWarning: You are using `torch.load` with `weights_only=False` (the current default value), which uses the default pickle module implicitly. It is possible to construct malicious pickle data which will execute arbitrary code during unpickling (See https://github.com/pytorch/pytorch/blob/main/SECURITY.md#untrusted-models for more details). In a future release, the default value for `weights_only` will be flipped to `True`. This limits the functions that could be executed during unpickling. Arbitrary objects will no longer be allowed to be loaded via this mode unless they are explicitly allowlisted by the user via `torch.serialization.add_safe_globals`. We recommend you start setting `weights_only=True` for any use case where you don't have full control of the loaded file. Please open an issue on GitHub for any issues related to this experimental feature.
  model.load_state_dict(torch.load(ck, map_location=device))
/home/ybahaddo/lrad/scripts/run_gridsearch.py:252: FutureWarning: You are using `torch.load` with `weights_only=False` (the current default value), which uses the default pickle module implicitly. It is possible to construct malicious pickle data which will execute arbitrary code during unpickling (See https://github.com/pytorch/pytorch/blob/main/SECURITY.md#untrusted-models for more details). In a future release, the default value for `weights_only` will be flipped to `True`. This limits the functions that could be executed during unpickling. Arbitrary objects will no longer be allowed to be loaded via this mode unless they are explicitly allowlisted by the user via `torch.serialization.add_safe_globals`. We recommend you start setting `weights_only=True` for any use case where you don't have full control of the loaded file. Please open an issue on GitHub for any issues related to this experimental feature.
  model.load_state_dict(torch.load(ck, map_location=device))
/home/ybahaddo/lrad/scripts/run_gridsearch.py:252: FutureWarning: You are using `torch.load` with `weights_only=False` (the current default value), which uses the default pickle module implicitly. It is possible to construct malicious pickle data which will execute arbitrary code during unpickling (See https://github.com/pytorch/pytorch/blob/main/SECURITY.md#untrusted-models for more details). In a future release, the default value for `weights_only` will be flipped to `True`. This limits the functions that could be executed during unpickling. Arbitrary objects will no longer be allowed to be loaded via this mode unless they are explicitly allowlisted by the user via `torch.serialization.add_safe_globals`. We recommend you start setting `weights_only=True` for any use case where you don't have full control of the loaded file. Please open an issue on GitHub for any issues related to this experimental feature.
  model.load_state_dict(torch.load(ck, map_location=device))
/home/ybahaddo/lrad/scripts/run_gridsearch.py:252: FutureWarning: You are using `torch.load` with `weights_only=False` (the current default value), which uses the default pickle module implicitly. It is possible to construct malicious pickle data which will execute arbitrary code during unpickling (See https://github.com/pytorch/pytorch/blob/main/SECURITY.md#untrusted-models for more details). In a future release, the default value for `weights_only` will be flipped to `True`. This limits the functions that could be executed during unpickling. Arbitrary objects will no longer be allowed to be loaded via this mode unless they are explicitly allowlisted by the user via `torch.serialization.add_safe_globals`. We recommend you start setting `weights_only=True` for any use case where you don't have full control of the loaded file. Please open an issue on GitHub for any issues related to this experimental feature.
  model.load_state_dict(torch.load(ck, map_location=device))
/home/ybahaddo/lrad/scripts/run_gridsearch.py:252: FutureWarning: You are using `torch.load` with `weights_only=False` (the current default value), which uses the default pickle module implicitly. It is possible to construct malicious pickle data which will execute arbitrary code during unpickling (See https://github.com/pytorch/pytorch/blob/main/SECURITY.md#untrusted-models for more details). In a future release, the default value for `weights_only` will be flipped to `True`. This limits the functions that could be executed during unpickling. Arbitrary objects will no longer be allowed to be loaded via this mode unless they are explicitly allowlisted by the user via `torch.serialization.add_safe_globals`. We recommend you start setting `weights_only=True` for any use case where you don't have full control of the loaded file. Please open an issue on GitHub for any issues related to this experimental feature.
  model.load_state_dict(torch.load(ck, map_location=device))
/home/ybahaddo/lrad/scripts/run_gridsearch.py:252: FutureWarning: You are using `torch.load` with `weights_only=False` (the current default value), which uses the default pickle module implicitly. It is possible to construct malicious pickle data which will execute arbitrary code during unpickling (See https://github.com/pytorch/pytorch/blob/main/SECURITY.md#untrusted-models for more details). In a future release, the default value for `weights_only` will be flipped to `True`. This limits the functions that could be executed during unpickling. Arbitrary objects will no longer be allowed to be loaded via this mode unless they are explicitly allowlisted by the user via `torch.serialization.add_safe_globals`. We recommend you start setting `weights_only=True` for any use case where you don't have full control of the loaded file. Please open an issue on GitHub for any issues related to this experimental feature.
  model.load_state_dict(torch.load(ck, map_location=device))
[decoders] epoch   1/8  train=0.0640  per_block(train)=[0.0045 0.0079 0.0098 0.0161 0.0257]  (58.6s)
[decoders] epoch   8/8  train=0.0303  per_block(train)=[0.0007 0.0020 0.0045 0.0082 0.0149]  (58.0s)
locfre reference stats fitted on 2048 in-dist images (blocks [1, 3])
-> fused=0.7322  cutpaste=0.6819  bias_p95=0.6430  locfre_b3=0.7667  energy=0.5182  gender_acc=0.984  (1137s)
================================================================
[2/30] scar=0 area=(0.02, 0.08) p=0.3 w=1
CutPaste pretext on: {'prob': 0.3, 'area_range': (0.02, 0.08), 'aspect_range': (0.3, 3.3), 'scar_prob': 0.0}  loss_weight=1
No validation set — running the full 6-epoch schedule with no early stopping; final-epoch weights are kept.
epoch   1/6  train_loss=1.1247  train_gender_acc=93.2%  train_attr_acc=[75.9 87.3 88.2 80.4 83.0 83.2]%  (55.7s)
epoch   3/6  train_loss=0.7132  train_gender_acc=97.3%  train_attr_acc=[80.5 90.9 89.0 82.6 91.4 87.0]%  (55.5s)
epoch   6/6  train_loss=0.6179  train_gender_acc=98.4%  train_attr_acc=[82.5 91.7 89.4 83.8 92.5 88.6]%  (56.2s)
/home/ybahaddo/lrad/scripts/run_gridsearch.py:252: FutureWarning: You are using `torch.load` with `weights_only=False` (the current default value), which uses the default pickle module implicitly. It is possible to construct malicious pickle data which will execute arbitrary code during unpickling (See https://github.com/pytorch/pytorch/blob/main/SECURITY.md#untrusted-models for more details). In a future release, the default value for `weights_only` will be flipped to `True`. This limits the functions that could be executed during unpickling. Arbitrary objects will no longer be allowed to be loaded via this mode unless they are explicitly allowlisted by the user via `torch.serialization.add_safe_globals`. We recommend you start setting `weights_only=True` for any use case where you don't have full control of the loaded file. Please open an issue on GitHub for any issues related to this experimental feature.
  model.load_state_dict(torch.load(ck, map_location=device))
/home/ybahaddo/lrad/scripts/run_gridsearch.py:252: FutureWarning: You are using `torch.load` with `weights_only=False` (the current default value), which uses the default pickle module implicitly. It is possible to construct malicious pickle data which will execute arbitrary code during unpickling (See https://github.com/pytorch/pytorch/blob/main/SECURITY.md#untrusted-models for more details). In a future release, the default value for `weights_only` will be flipped to `True`. This limits the functions that could be executed during unpickling. Arbitrary objects will no longer be allowed to be loaded via this mode unless they are explicitly allowlisted by the user via `torch.serialization.add_safe_globals`. We recommend you start setting `weights_only=True` for any use case where you don't have full control of the loaded file. Please open an issue on GitHub for any issues related to this experimental feature.
  model.load_state_dict(torch.load(ck, map_location=device))
/home/ybahaddo/lrad/scripts/run_gridsearch.py:252: FutureWarning: You are using `torch.load` with `weights_only=False` (the current default value), which uses the default pickle module implicitly. It is possible to construct malicious pickle data which will execute arbitrary code during unpickling (See https://github.com/pytorch/pytorch/blob/main/SECURITY.md#untrusted-models for more details). In a future release, the default value for `weights_only` will be flipped to `True`. This limits the functions that could be executed during unpickling. Arbitrary objects will no longer be allowed to be loaded via this mode unless they are explicitly allowlisted by the user via `torch.serialization.add_safe_globals`. We recommend you start setting `weights_only=True` for any use case where you don't have full control of the loaded file. Please open an issue on GitHub for any issues related to this experimental feature.
  model.load_state_dict(torch.load(ck, map_location=device))
/home/ybahaddo/lrad/scripts/run_gridsearch.py:252: FutureWarning: You are using `torch.load` with `weights_only=False` (the current default value), which uses the default pickle module implicitly. It is possible to construct malicious pickle data which will execute arbitrary code during unpickling (See https://github.com/pytorch/pytorch/blob/main/SECURITY.md#untrusted-models for more details). In a future release, the default value for `weights_only` will be flipped to `True`. This limits the functions that could be executed during unpickling. Arbitrary objects will no longer be allowed to be loaded via this mode unless they are explicitly allowlisted by the user via `torch.serialization.add_safe_globals`. We recommend you start setting `weights_only=True` for any use case where you don't have full control of the loaded file. Please open an issue on GitHub for any issues related to this experimental feature.
  model.load_state_dict(torch.load(ck, map_location=device))
/home/ybahaddo/lrad/scripts/run_gridsearch.py:252: FutureWarning: You are using `torch.load` with `weights_only=False` (the current default value), which uses the default pickle module implicitly. It is possible to construct malicious pickle data which will execute arbitrary code during unpickling (See https://github.com/pytorch/pytorch/blob/main/SECURITY.md#untrusted-models for more details). In a future release, the default value for `weights_only` will be flipped to `True`. This limits the functions that could be executed during unpickling. Arbitrary objects will no longer be allowed to be loaded via this mode unless they are explicitly allowlisted by the user via `torch.serialization.add_safe_globals`. We recommend you start setting `weights_only=True` for any use case where you don't have full control of the loaded file. Please open an issue on GitHub for any issues related to this experimental feature.
  model.load_state_dict(torch.load(ck, map_location=device))
/home/ybahaddo/lrad/scripts/run_gridsearch.py:252: FutureWarning: You are using `torch.load` with `weights_only=False` (the current default value), which uses the default pickle module implicitly. It is possible to construct malicious pickle data which will execute arbitrary code during unpickling (See https://github.com/pytorch/pytorch/blob/main/SECURITY.md#untrusted-models for more details). In a future release, the default value for `weights_only` will be flipped to `True`. This limits the functions that could be executed during unpickling. Arbitrary objects will no longer be allowed to be loaded via this mode unless they are explicitly allowlisted by the user via `torch.serialization.add_safe_globals`. We recommend you start setting `weights_only=True` for any use case where you don't have full control of the loaded file. Please open an issue on GitHub for any issues related to this experimental feature.
  model.load_state_dict(torch.load(ck, map_location=device))
[decoders] epoch   1/8  train=0.0655  per_block(train)=[0.0048 0.0073 0.0106 0.0164 0.0265]  (57.5s)
[decoders] epoch   8/8  train=0.0314  per_block(train)=[0.0008 0.0021 0.0047 0.0084 0.0153]  (58.1s)
locfre reference stats fitted on 2048 in-dist images (blocks [1, 3])
-> fused=0.6933  cutpaste=0.6033  bias_p95=0.6433  locfre_b3=0.7697  energy=0.4917  gender_acc=0.984  (828s)
================================================================
[3/30] scar=0 area=(0.02, 0.08) p=0.3 w=2
CutPaste pretext on: {'prob': 0.3, 'area_range': (0.02, 0.08), 'aspect_range': (0.3, 3.3), 'scar_prob': 0.0}  loss_weight=2
No validation set — running the full 6-epoch schedule with no early stopping; final-epoch weights are kept.
epoch   1/6  train_loss=1.3072  train_gender_acc=92.5%  train_attr_acc=[75.2 86.7 88.2 80.1 81.1 82.8]%  (55.1s)
epoch   3/6  train_loss=0.7591  train_gender_acc=97.0%  train_attr_acc=[80.0 90.9 88.8 82.5 91.1 86.6]%  (56.0s)
epoch   6/6  train_loss=0.6460  train_gender_acc=98.2%  train_attr_acc=[82.0 91.6 89.3 83.6 92.2 88.3]%  (57.7s)
/home/ybahaddo/lrad/scripts/run_gridsearch.py:252: FutureWarning: You are using `torch.load` with `weights_only=False` (the current default value), which uses the default pickle module implicitly. It is possible to construct malicious pickle data which will execute arbitrary code during unpickling (See https://github.com/pytorch/pytorch/blob/main/SECURITY.md#untrusted-models for more details). In a future release, the default value for `weights_only` will be flipped to `True`. This limits the functions that could be executed during unpickling. Arbitrary objects will no longer be allowed to be loaded via this mode unless they are explicitly allowlisted by the user via `torch.serialization.add_safe_globals`. We recommend you start setting `weights_only=True` for any use case where you don't have full control of the loaded file. Please open an issue on GitHub for any issues related to this experimental feature.
  model.load_state_dict(torch.load(ck, map_location=device))
/home/ybahaddo/lrad/scripts/run_gridsearch.py:252: FutureWarning: You are using `torch.load` with `weights_only=False` (the current default value), which uses the default pickle module implicitly. It is possible to construct malicious pickle data which will execute arbitrary code during unpickling (See https://github.com/pytorch/pytorch/blob/main/SECURITY.md#untrusted-models for more details). In a future release, the default value for `weights_only` will be flipped to `True`. This limits the functions that could be executed during unpickling. Arbitrary objects will no longer be allowed to be loaded via this mode unless they are explicitly allowlisted by the user via `torch.serialization.add_safe_globals`. We recommend you start setting `weights_only=True` for any use case where you don't have full control of the loaded file. Please open an issue on GitHub for any issues related to this experimental feature.
  model.load_state_dict(torch.load(ck, map_location=device))
/home/ybahaddo/lrad/scripts/run_gridsearch.py:252: FutureWarning: You are using `torch.load` with `weights_only=False` (the current default value), which uses the default pickle module implicitly. It is possible to construct malicious pickle data which will execute arbitrary code during unpickling (See https://github.com/pytorch/pytorch/blob/main/SECURITY.md#untrusted-models for more details). In a future release, the default value for `weights_only` will be flipped to `True`. This limits the functions that could be executed during unpickling. Arbitrary objects will no longer be allowed to be loaded via this mode unless they are explicitly allowlisted by the user via `torch.serialization.add_safe_globals`. We recommend you start setting `weights_only=True` for any use case where you don't have full control of the loaded file. Please open an issue on GitHub for any issues related to this experimental feature.
  model.load_state_dict(torch.load(ck, map_location=device))
/home/ybahaddo/lrad/scripts/run_gridsearch.py:252: FutureWarning: You are using `torch.load` with `weights_only=False` (the current default value), which uses the default pickle module implicitly. It is possible to construct malicious pickle data which will execute arbitrary code during unpickling (See https://github.com/pytorch/pytorch/blob/main/SECURITY.md#untrusted-models for more details). In a future release, the default value for `weights_only` will be flipped to `True`. This limits the functions that could be executed during unpickling. Arbitrary objects will no longer be allowed to be loaded via this mode unless they are explicitly allowlisted by the user via `torch.serialization.add_safe_globals`. We recommend you start setting `weights_only=True` for any use case where you don't have full control of the loaded file. Please open an issue on GitHub for any issues related to this experimental feature.
  model.load_state_dict(torch.load(ck, map_location=device))
/home/ybahaddo/lrad/scripts/run_gridsearch.py:252: FutureWarning: You are using `torch.load` with `weights_only=False` (the current default value), which uses the default pickle module implicitly. It is possible to construct malicious pickle data which will execute arbitrary code during unpickling (See https://github.com/pytorch/pytorch/blob/main/SECURITY.md#untrusted-models for more details). In a future release, the default value for `weights_only` will be flipped to `True`. This limits the functions that could be executed during unpickling. Arbitrary objects will no longer be allowed to be loaded via this mode unless they are explicitly allowlisted by the user via `torch.serialization.add_safe_globals`. We recommend you start setting `weights_only=True` for any use case where you don't have full control of the loaded file. Please open an issue on GitHub for any issues related to this experimental feature.
  model.load_state_dict(torch.load(ck, map_location=device))
/home/ybahaddo/lrad/scripts/run_gridsearch.py:252: FutureWarning: You are using `torch.load` with `weights_only=False` (the current default value), which uses the default pickle module implicitly. It is possible to construct malicious pickle data which will execute arbitrary code during unpickling (See https://github.com/pytorch/pytorch/blob/main/SECURITY.md#untrusted-models for more details). In a future release, the default value for `weights_only` will be flipped to `True`. This limits the functions that could be executed during unpickling. Arbitrary objects will no longer be allowed to be loaded via this mode unless they are explicitly allowlisted by the user via `torch.serialization.add_safe_globals`. We recommend you start setting `weights_only=True` for any use case where you don't have full control of the loaded file. Please open an issue on GitHub for any issues related to this experimental feature.
  model.load_state_dict(torch.load(ck, map_location=device))
[decoders] epoch   1/8  train=0.0651  per_block(train)=[0.0048 0.0072 0.0104 0.0163 0.0264]  (56.9s)
[decoders] epoch   8/8  train=0.0309  per_block(train)=[0.0007 0.0021 0.0047 0.0085 0.0149]  (57.5s)
locfre reference stats fitted on 2048 in-dist images (blocks [1, 3])
-> fused=0.6607  cutpaste=0.5312  bias_p95=0.6364  locfre_b3=0.7517  energy=0.4693  gender_acc=0.982  (827s)
================================================================
[4/30] scar=0 area=(0.02, 0.08) p=0.5 w=0.5
CutPaste pretext on: {'prob': 0.5, 'area_range': (0.02, 0.08), 'aspect_range': (0.3, 3.3), 'scar_prob': 0.0}  loss_weight=0.5
No validation set — running the full 6-epoch schedule with no early stopping; final-epoch weights are kept.
epoch   1/6  train_loss=1.0678  train_gender_acc=93.0%  train_attr_acc=[75.8 87.5 88.2 80.5 83.0 83.0]%  (56.0s)
epoch   3/6  train_loss=0.7114  train_gender_acc=97.2%  train_attr_acc=[80.7 90.8 88.8 82.6 91.4 86.9]%  (55.4s)
epoch   6/6  train_loss=0.6248  train_gender_acc=98.1%  train_attr_acc=[82.2 91.5 89.3 83.6 92.3 88.3]%  (56.3s)
/home/ybahaddo/lrad/scripts/run_gridsearch.py:252: FutureWarning: You are using `torch.load` with `weights_only=False` (the current default value), which uses the default pickle module implicitly. It is possible to construct malicious pickle data which will execute arbitrary code during unpickling (See https://github.com/pytorch/pytorch/blob/main/SECURITY.md#untrusted-models for more details). In a future release, the default value for `weights_only` will be flipped to `True`. This limits the functions that could be executed during unpickling. Arbitrary objects will no longer be allowed to be loaded via this mode unless they are explicitly allowlisted by the user via `torch.serialization.add_safe_globals`. We recommend you start setting `weights_only=True` for any use case where you don't have full control of the loaded file. Please open an issue on GitHub for any issues related to this experimental feature.
  model.load_state_dict(torch.load(ck, map_location=device))
/home/ybahaddo/lrad/scripts/run_gridsearch.py:252: FutureWarning: You are using `torch.load` with `weights_only=False` (the current default value), which uses the default pickle module implicitly. It is possible to construct malicious pickle data which will execute arbitrary code during unpickling (See https://github.com/pytorch/pytorch/blob/main/SECURITY.md#untrusted-models for more details). In a future release, the default value for `weights_only` will be flipped to `True`. This limits the functions that could be executed during unpickling. Arbitrary objects will no longer be allowed to be loaded via this mode unless they are explicitly allowlisted by the user via `torch.serialization.add_safe_globals`. We recommend you start setting `weights_only=True` for any use case where you don't have full control of the loaded file. Please open an issue on GitHub for any issues related to this experimental feature.
  model.load_state_dict(torch.load(ck, map_location=device))
/home/ybahaddo/lrad/scripts/run_gridsearch.py:252: FutureWarning: You are using `torch.load` with `weights_only=False` (the current default value), which uses the default pickle module implicitly. It is possible to construct malicious pickle data which will execute arbitrary code during unpickling (See https://github.com/pytorch/pytorch/blob/main/SECURITY.md#untrusted-models for more details). In a future release, the default value for `weights_only` will be flipped to `True`. This limits the functions that could be executed during unpickling. Arbitrary objects will no longer be allowed to be loaded via this mode unless they are explicitly allowlisted by the user via `torch.serialization.add_safe_globals`. We recommend you start setting `weights_only=True` for any use case where you don't have full control of the loaded file. Please open an issue on GitHub for any issues related to this experimental feature.
  model.load_state_dict(torch.load(ck, map_location=device))
/home/ybahaddo/lrad/scripts/run_gridsearch.py:252: FutureWarning: You are using `torch.load` with `weights_only=False` (the current default value), which uses the default pickle module implicitly. It is possible to construct malicious pickle data which will execute arbitrary code during unpickling (See https://github.com/pytorch/pytorch/blob/main/SECURITY.md#untrusted-models for more details). In a future release, the default value for `weights_only` will be flipped to `True`. This limits the functions that could be executed during unpickling. Arbitrary objects will no longer be allowed to be loaded via this mode unless they are explicitly allowlisted by the user via `torch.serialization.add_safe_globals`. We recommend you start setting `weights_only=True` for any use case where you don't have full control of the loaded file. Please open an issue on GitHub for any issues related to this experimental feature.
  model.load_state_dict(torch.load(ck, map_location=device))
/home/ybahaddo/lrad/scripts/run_gridsearch.py:252: FutureWarning: You are using `torch.load` with `weights_only=False` (the current default value), which uses the default pickle module implicitly. It is possible to construct malicious pickle data which will execute arbitrary code during unpickling (See https://github.com/pytorch/pytorch/blob/main/SECURITY.md#untrusted-models for more details). In a future release, the default value for `weights_only` will be flipped to `True`. This limits the functions that could be executed during unpickling. Arbitrary objects will no longer be allowed to be loaded via this mode unless they are explicitly allowlisted by the user via `torch.serialization.add_safe_globals`. We recommend you start setting `weights_only=True` for any use case where you don't have full control of the loaded file. Please open an issue on GitHub for any issues related to this experimental feature.
  model.load_state_dict(torch.load(ck, map_location=device))
/home/ybahaddo/lrad/scripts/run_gridsearch.py:252: FutureWarning: You are using `torch.load` with `weights_only=False` (the current default value), which uses the default pickle module implicitly. It is possible to construct malicious pickle data which will execute arbitrary code during unpickling (See https://github.com/pytorch/pytorch/blob/main/SECURITY.md#untrusted-models for more details). In a future release, the default value for `weights_only` will be flipped to `True`. This limits the functions that could be executed during unpickling. Arbitrary objects will no longer be allowed to be loaded via this mode unless they are explicitly allowlisted by the user via `torch.serialization.add_safe_globals`. We recommend you start setting `weights_only=True` for any use case where you don't have full control of the loaded file. Please open an issue on GitHub for any issues related to this experimental feature.
  model.load_state_dict(torch.load(ck, map_location=device))
[decoders] epoch   1/8  train=0.0645  per_block(train)=[0.0045 0.0070 0.0098 0.0181 0.0252]  (58.8s)
[decoders] epoch   8/8  train=0.0300  per_block(train)=[0.0007 0.0020 0.0045 0.0081 0.0146]  (57.6s)
locfre reference stats fitted on 2048 in-dist images (blocks [1, 3])
-> fused=0.7963  cutpaste=0.6578  bias_p95=0.6391  locfre_b3=0.7621  energy=0.7992  gender_acc=0.981  (830s)
================================================================
[5/30] scar=0 area=(0.02, 0.08) p=0.5 w=1
CutPaste pretext on: {'prob': 0.5, 'area_range': (0.02, 0.08), 'aspect_range': (0.3, 3.3), 'scar_prob': 0.0}  loss_weight=1
No validation set — running the full 6-epoch schedule with no early stopping; final-epoch weights are kept.
epoch   1/6  train_loss=1.1773  train_gender_acc=92.5%  train_attr_acc=[75.6 87.2 88.2 80.4 82.0 82.7]%  (56.6s)
epoch   3/6  train_loss=0.7412  train_gender_acc=97.0%  train_attr_acc=[80.1 90.7 88.7 82.5 91.2 86.7]%  (55.7s)
epoch   6/6  train_loss=0.6440  train_gender_acc=98.0%  train_attr_acc=[81.9 91.4 89.4 83.6 92.2 88.0]%  (56.2s)
/home/ybahaddo/lrad/scripts/run_gridsearch.py:252: FutureWarning: You are using `torch.load` with `weights_only=False` (the current default value), which uses the default pickle module implicitly. It is possible to construct malicious pickle data which will execute arbitrary code during unpickling (See https://github.com/pytorch/pytorch/blob/main/SECURITY.md#untrusted-models for more details). In a future release, the default value for `weights_only` will be flipped to `True`. This limits the functions that could be executed during unpickling. Arbitrary objects will no longer be allowed to be loaded via this mode unless they are explicitly allowlisted by the user via `torch.serialization.add_safe_globals`. We recommend you start setting `weights_only=True` for any use case where you don't have full control of the loaded file. Please open an issue on GitHub for any issues related to this experimental feature.
  model.load_state_dict(torch.load(ck, map_location=device))
/home/ybahaddo/lrad/scripts/run_gridsearch.py:252: FutureWarning: You are using `torch.load` with `weights_only=False` (the current default value), which uses the default pickle module implicitly. It is possible to construct malicious pickle data which will execute arbitrary code during unpickling (See https://github.com/pytorch/pytorch/blob/main/SECURITY.md#untrusted-models for more details). In a future release, the default value for `weights_only` will be flipped to `True`. This limits the functions that could be executed during unpickling. Arbitrary objects will no longer be allowed to be loaded via this mode unless they are explicitly allowlisted by the user via `torch.serialization.add_safe_globals`. We recommend you start setting `weights_only=True` for any use case where you don't have full control of the loaded file. Please open an issue on GitHub for any issues related to this experimental feature.
  model.load_state_dict(torch.load(ck, map_location=device))
/home/ybahaddo/lrad/scripts/run_gridsearch.py:252: FutureWarning: You are using `torch.load` with `weights_only=False` (the current default value), which uses the default pickle module implicitly. It is possible to construct malicious pickle data which will execute arbitrary code during unpickling (See https://github.com/pytorch/pytorch/blob/main/SECURITY.md#untrusted-models for more details). In a future release, the default value for `weights_only` will be flipped to `True`. This limits the functions that could be executed during unpickling. Arbitrary objects will no longer be allowed to be loaded via this mode unless they are explicitly allowlisted by the user via `torch.serialization.add_safe_globals`. We recommend you start setting `weights_only=True` for any use case where you don't have full control of the loaded file. Please open an issue on GitHub for any issues related to this experimental feature.
  model.load_state_dict(torch.load(ck, map_location=device))
/home/ybahaddo/lrad/scripts/run_gridsearch.py:252: FutureWarning: You are using `torch.load` with `weights_only=False` (the current default value), which uses the default pickle module implicitly. It is possible to construct malicious pickle data which will execute arbitrary code during unpickling (See https://github.com/pytorch/pytorch/blob/main/SECURITY.md#untrusted-models for more details). In a future release, the default value for `weights_only` will be flipped to `True`. This limits the functions that could be executed during unpickling. Arbitrary objects will no longer be allowed to be loaded via this mode unless they are explicitly allowlisted by the user via `torch.serialization.add_safe_globals`. We recommend you start setting `weights_only=True` for any use case where you don't have full control of the loaded file. Please open an issue on GitHub for any issues related to this experimental feature.
  model.load_state_dict(torch.load(ck, map_location=device))
/home/ybahaddo/lrad/scripts/run_gridsearch.py:252: FutureWarning: You are using `torch.load` with `weights_only=False` (the current default value), which uses the default pickle module implicitly. It is possible to construct malicious pickle data which will execute arbitrary code during unpickling (See https://github.com/pytorch/pytorch/blob/main/SECURITY.md#untrusted-models for more details). In a future release, the default value for `weights_only` will be flipped to `True`. This limits the functions that could be executed during unpickling. Arbitrary objects will no longer be allowed to be loaded via this mode unless they are explicitly allowlisted by the user via `torch.serialization.add_safe_globals`. We recommend you start setting `weights_only=True` for any use case where you don't have full control of the loaded file. Please open an issue on GitHub for any issues related to this experimental feature.
  model.load_state_dict(torch.load(ck, map_location=device))
/home/ybahaddo/lrad/scripts/run_gridsearch.py:252: FutureWarning: You are using `torch.load` with `weights_only=False` (the current default value), which uses the default pickle module implicitly. It is possible to construct malicious pickle data which will execute arbitrary code during unpickling (See https://github.com/pytorch/pytorch/blob/main/SECURITY.md#untrusted-models for more details). In a future release, the default value for `weights_only` will be flipped to `True`. This limits the functions that could be executed during unpickling. Arbitrary objects will no longer be allowed to be loaded via this mode unless they are explicitly allowlisted by the user via `torch.serialization.add_safe_globals`. We recommend you start setting `weights_only=True` for any use case where you don't have full control of the loaded file. Please open an issue on GitHub for any issues related to this experimental feature.
  model.load_state_dict(torch.load(ck, map_location=device))
[decoders] epoch   1/8  train=0.0657  per_block(train)=[0.0046 0.0071 0.0100 0.0183 0.0258]  (57.4s)
[decoders] epoch   8/8  train=0.0307  per_block(train)=[0.0007 0.0021 0.0046 0.0083 0.0150]  (57.4s)
locfre reference stats fitted on 2048 in-dist images (blocks [1, 3])
-> fused=0.8122  cutpaste=0.6873  bias_p95=0.6406  locfre_b3=0.7783  energy=0.8026  gender_acc=0.980  (829s)
================================================================
[6/30] scar=0 area=(0.02, 0.08) p=0.5 w=2
CutPaste pretext on: {'prob': 0.5, 'area_range': (0.02, 0.08), 'aspect_range': (0.3, 3.3), 'scar_prob': 0.0}  loss_weight=2
No validation set — running the full 6-epoch schedule with no early stopping; final-epoch weights are kept.
epoch   1/6  train_loss=1.3807  train_gender_acc=91.8%  train_attr_acc=[75.1 86.7 88.2 80.2 79.9 82.3]%  (55.9s)
epoch   3/6  train_loss=0.7901  train_gender_acc=96.7%  train_attr_acc=[79.7 90.6 88.6 82.3 90.7 86.2]%  (55.9s)
epoch   6/6  train_loss=0.6727  train_gender_acc=97.8%  train_attr_acc=[81.4 91.3 89.2 83.5 92.1 87.7]%  (55.8s)
/home/ybahaddo/lrad/scripts/run_gridsearch.py:252: FutureWarning: You are using `torch.load` with `weights_only=False` (the current default value), which uses the default pickle module implicitly. It is possible to construct malicious pickle data which will execute arbitrary code during unpickling (See https://github.com/pytorch/pytorch/blob/main/SECURITY.md#untrusted-models for more details). In a future release, the default value for `weights_only` will be flipped to `True`. This limits the functions that could be executed during unpickling. Arbitrary objects will no longer be allowed to be loaded via this mode unless they are explicitly allowlisted by the user via `torch.serialization.add_safe_globals`. We recommend you start setting `weights_only=True` for any use case where you don't have full control of the loaded file. Please open an issue on GitHub for any issues related to this experimental feature.
  model.load_state_dict(torch.load(ck, map_location=device))
/home/ybahaddo/lrad/scripts/run_gridsearch.py:252: FutureWarning: You are using `torch.load` with `weights_only=False` (the current default value), which uses the default pickle module implicitly. It is possible to construct malicious pickle data which will execute arbitrary code during unpickling (See https://github.com/pytorch/pytorch/blob/main/SECURITY.md#untrusted-models for more details). In a future release, the default value for `weights_only` will be flipped to `True`. This limits the functions that could be executed during unpickling. Arbitrary objects will no longer be allowed to be loaded via this mode unless they are explicitly allowlisted by the user via `torch.serialization.add_safe_globals`. We recommend you start setting `weights_only=True` for any use case where you don't have full control of the loaded file. Please open an issue on GitHub for any issues related to this experimental feature.
  model.load_state_dict(torch.load(ck, map_location=device))
/home/ybahaddo/lrad/scripts/run_gridsearch.py:252: FutureWarning: You are using `torch.load` with `weights_only=False` (the current default value), which uses the default pickle module implicitly. It is possible to construct malicious pickle data which will execute arbitrary code during unpickling (See https://github.com/pytorch/pytorch/blob/main/SECURITY.md#untrusted-models for more details). In a future release, the default value for `weights_only` will be flipped to `True`. This limits the functions that could be executed during unpickling. Arbitrary objects will no longer be allowed to be loaded via this mode unless they are explicitly allowlisted by the user via `torch.serialization.add_safe_globals`. We recommend you start setting `weights_only=True` for any use case where you don't have full control of the loaded file. Please open an issue on GitHub for any issues related to this experimental feature.
  model.load_state_dict(torch.load(ck, map_location=device))
/home/ybahaddo/lrad/scripts/run_gridsearch.py:252: FutureWarning: You are using `torch.load` with `weights_only=False` (the current default value), which uses the default pickle module implicitly. It is possible to construct malicious pickle data which will execute arbitrary code during unpickling (See https://github.com/pytorch/pytorch/blob/main/SECURITY.md#untrusted-models for more details). In a future release, the default value for `weights_only` will be flipped to `True`. This limits the functions that could be executed during unpickling. Arbitrary objects will no longer be allowed to be loaded via this mode unless they are explicitly allowlisted by the user via `torch.serialization.add_safe_globals`. We recommend you start setting `weights_only=True` for any use case where you don't have full control of the loaded file. Please open an issue on GitHub for any issues related to this experimental feature.
  model.load_state_dict(torch.load(ck, map_location=device))
/home/ybahaddo/lrad/scripts/run_gridsearch.py:252: FutureWarning: You are using `torch.load` with `weights_only=False` (the current default value), which uses the default pickle module implicitly. It is possible to construct malicious pickle data which will execute arbitrary code during unpickling (See https://github.com/pytorch/pytorch/blob/main/SECURITY.md#untrusted-models for more details). In a future release, the default value for `weights_only` will be flipped to `True`. This limits the functions that could be executed during unpickling. Arbitrary objects will no longer be allowed to be loaded via this mode unless they are explicitly allowlisted by the user via `torch.serialization.add_safe_globals`. We recommend you start setting `weights_only=True` for any use case where you don't have full control of the loaded file. Please open an issue on GitHub for any issues related to this experimental feature.
  model.load_state_dict(torch.load(ck, map_location=device))
/home/ybahaddo/lrad/scripts/run_gridsearch.py:252: FutureWarning: You are using `torch.load` with `weights_only=False` (the current default value), which uses the default pickle module implicitly. It is possible to construct malicious pickle data which will execute arbitrary code during unpickling (See https://github.com/pytorch/pytorch/blob/main/SECURITY.md#untrusted-models for more details). In a future release, the default value for `weights_only` will be flipped to `True`. This limits the functions that could be executed during unpickling. Arbitrary objects will no longer be allowed to be loaded via this mode unless they are explicitly allowlisted by the user via `torch.serialization.add_safe_globals`. We recommend you start setting `weights_only=True` for any use case where you don't have full control of the loaded file. Please open an issue on GitHub for any issues related to this experimental feature.
  model.load_state_dict(torch.load(ck, map_location=device))
[decoders] epoch   1/8  train=0.0654  per_block(train)=[0.0045 0.0071 0.0101 0.0184 0.0253]  (57.4s)
[decoders] epoch   8/8  train=0.0310  per_block(train)=[0.0007 0.0021 0.0047 0.0085 0.0149]  (57.0s)
locfre reference stats fitted on 2048 in-dist images (blocks [1, 3])
-> fused=0.7682  cutpaste=0.5620  bias_p95=0.6414  locfre_b3=0.7416  energy=0.7748  gender_acc=0.978  (826s)
================================================================
[7/30] scar=0 area=(0.05, 0.15) p=0.3 w=0.5
CutPaste pretext on: {'prob': 0.3, 'area_range': (0.05, 0.15), 'aspect_range': (0.3, 3.3), 'scar_prob': 0.0}  loss_weight=0.5
No validation set — running the full 6-epoch schedule with no early stopping; final-epoch weights are kept.
epoch   1/6  train_loss=0.9859  train_gender_acc=93.5%  train_attr_acc=[76.2 87.6 88.3 80.6 84.0 83.5]%  (55.2s)
epoch   3/6  train_loss=0.6746  train_gender_acc=97.4%  train_attr_acc=[80.8 91.0 89.1 82.7 91.6 87.2]%  (55.0s)
epoch   6/6  train_loss=0.5924  train_gender_acc=98.5%  train_attr_acc=[82.7 91.8 89.5 83.9 92.6 88.7]%  (54.7s)
/home/ybahaddo/lrad/scripts/run_gridsearch.py:252: FutureWarning: You are using `torch.load` with `weights_only=False` (the current default value), which uses the default pickle module implicitly. It is possible to construct malicious pickle data which will execute arbitrary code during unpickling (See https://github.com/pytorch/pytorch/blob/main/SECURITY.md#untrusted-models for more details). In a future release, the default value for `weights_only` will be flipped to `True`. This limits the functions that could be executed during unpickling. Arbitrary objects will no longer be allowed to be loaded via this mode unless they are explicitly allowlisted by the user via `torch.serialization.add_safe_globals`. We recommend you start setting `weights_only=True` for any use case where you don't have full control of the loaded file. Please open an issue on GitHub for any issues related to this experimental feature.
  model.load_state_dict(torch.load(ck, map_location=device))
/home/ybahaddo/lrad/scripts/run_gridsearch.py:252: FutureWarning: You are using `torch.load` with `weights_only=False` (the current default value), which uses the default pickle module implicitly. It is possible to construct malicious pickle data which will execute arbitrary code during unpickling (See https://github.com/pytorch/pytorch/blob/main/SECURITY.md#untrusted-models for more details). In a future release, the default value for `weights_only` will be flipped to `True`. This limits the functions that could be executed during unpickling. Arbitrary objects will no longer be allowed to be loaded via this mode unless they are explicitly allowlisted by the user via `torch.serialization.add_safe_globals`. We recommend you start setting `weights_only=True` for any use case where you don't have full control of the loaded file. Please open an issue on GitHub for any issues related to this experimental feature.
  model.load_state_dict(torch.load(ck, map_location=device))
/home/ybahaddo/lrad/scripts/run_gridsearch.py:252: FutureWarning: You are using `torch.load` with `weights_only=False` (the current default value), which uses the default pickle module implicitly. It is possible to construct malicious pickle data which will execute arbitrary code during unpickling (See https://github.com/pytorch/pytorch/blob/main/SECURITY.md#untrusted-models for more details). In a future release, the default value for `weights_only` will be flipped to `True`. This limits the functions that could be executed during unpickling. Arbitrary objects will no longer be allowed to be loaded via this mode unless they are explicitly allowlisted by the user via `torch.serialization.add_safe_globals`. We recommend you start setting `weights_only=True` for any use case where you don't have full control of the loaded file. Please open an issue on GitHub for any issues related to this experimental feature.
  model.load_state_dict(torch.load(ck, map_location=device))
/home/ybahaddo/lrad/scripts/run_gridsearch.py:252: FutureWarning: You are using `torch.load` with `weights_only=False` (the current default value), which uses the default pickle module implicitly. It is possible to construct malicious pickle data which will execute arbitrary code during unpickling (See https://github.com/pytorch/pytorch/blob/main/SECURITY.md#untrusted-models for more details). In a future release, the default value for `weights_only` will be flipped to `True`. This limits the functions that could be executed during unpickling. Arbitrary objects will no longer be allowed to be loaded via this mode unless they are explicitly allowlisted by the user via `torch.serialization.add_safe_globals`. We recommend you start setting `weights_only=True` for any use case where you don't have full control of the loaded file. Please open an issue on GitHub for any issues related to this experimental feature.
  model.load_state_dict(torch.load(ck, map_location=device))
/home/ybahaddo/lrad/scripts/run_gridsearch.py:252: FutureWarning: You are using `torch.load` with `weights_only=False` (the current default value), which uses the default pickle module implicitly. It is possible to construct malicious pickle data which will execute arbitrary code during unpickling (See https://github.com/pytorch/pytorch/blob/main/SECURITY.md#untrusted-models for more details). In a future release, the default value for `weights_only` will be flipped to `True`. This limits the functions that could be executed during unpickling. Arbitrary objects will no longer be allowed to be loaded via this mode unless they are explicitly allowlisted by the user via `torch.serialization.add_safe_globals`. We recommend you start setting `weights_only=True` for any use case where you don't have full control of the loaded file. Please open an issue on GitHub for any issues related to this experimental feature.
  model.load_state_dict(torch.load(ck, map_location=device))
/home/ybahaddo/lrad/scripts/run_gridsearch.py:252: FutureWarning: You are using `torch.load` with `weights_only=False` (the current default value), which uses the default pickle module implicitly. It is possible to construct malicious pickle data which will execute arbitrary code during unpickling (See https://github.com/pytorch/pytorch/blob/main/SECURITY.md#untrusted-models for more details). In a future release, the default value for `weights_only` will be flipped to `True`. This limits the functions that could be executed during unpickling. Arbitrary objects will no longer be allowed to be loaded via this mode unless they are explicitly allowlisted by the user via `torch.serialization.add_safe_globals`. We recommend you start setting `weights_only=True` for any use case where you don't have full control of the loaded file. Please open an issue on GitHub for any issues related to this experimental feature.
  model.load_state_dict(torch.load(ck, map_location=device))
[decoders] epoch   1/8  train=0.0640  per_block(train)=[0.0050 0.0072 0.0104 0.0159 0.0255]  (57.2s)
[decoders] epoch   8/8  train=0.0300  per_block(train)=[0.0007 0.0021 0.0045 0.0081 0.0146]  (57.7s)
locfre reference stats fitted on 2048 in-dist images (blocks [1, 3])
-> fused=0.7285  cutpaste=0.6792  bias_p95=0.6456  locfre_b3=0.7780  energy=0.5100  gender_acc=0.985  (821s)
================================================================
[8/30] scar=0 area=(0.05, 0.15) p=0.3 w=1
CutPaste pretext on: {'prob': 0.3, 'area_range': (0.05, 0.15), 'aspect_range': (0.3, 3.3), 'scar_prob': 0.0}  loss_weight=1
No validation set — running the full 6-epoch schedule with no early stopping; final-epoch weights are kept.
epoch   1/6  train_loss=1.0564  train_gender_acc=93.2%  train_attr_acc=[75.9 87.3 88.2 80.4 83.1 83.3]%  (55.1s)
epoch   3/6  train_loss=0.6920  train_gender_acc=97.3%  train_attr_acc=[80.5 90.9 89.0 82.6 91.5 87.1]%  (55.2s)
epoch   6/6  train_loss=0.6037  train_gender_acc=98.4%  train_attr_acc=[82.4 91.8 89.5 83.8 92.5 88.5]%  (55.5s)
/home/ybahaddo/lrad/scripts/run_gridsearch.py:252: FutureWarning: You are using `torch.load` with `weights_only=False` (the current default value), which uses the default pickle module implicitly. It is possible to construct malicious pickle data which will execute arbitrary code during unpickling (See https://github.com/pytorch/pytorch/blob/main/SECURITY.md#untrusted-models for more details). In a future release, the default value for `weights_only` will be flipped to `True`. This limits the functions that could be executed during unpickling. Arbitrary objects will no longer be allowed to be loaded via this mode unless they are explicitly allowlisted by the user via `torch.serialization.add_safe_globals`. We recommend you start setting `weights_only=True` for any use case where you don't have full control of the loaded file. Please open an issue on GitHub for any issues related to this experimental feature.
  model.load_state_dict(torch.load(ck, map_location=device))
/home/ybahaddo/lrad/scripts/run_gridsearch.py:252: FutureWarning: You are using `torch.load` with `weights_only=False` (the current default value), which uses the default pickle module implicitly. It is possible to construct malicious pickle data which will execute arbitrary code during unpickling (See https://github.com/pytorch/pytorch/blob/main/SECURITY.md#untrusted-models for more details). In a future release, the default value for `weights_only` will be flipped to `True`. This limits the functions that could be executed during unpickling. Arbitrary objects will no longer be allowed to be loaded via this mode unless they are explicitly allowlisted by the user via `torch.serialization.add_safe_globals`. We recommend you start setting `weights_only=True` for any use case where you don't have full control of the loaded file. Please open an issue on GitHub for any issues related to this experimental feature.
  model.load_state_dict(torch.load(ck, map_location=device))
/home/ybahaddo/lrad/scripts/run_gridsearch.py:252: FutureWarning: You are using `torch.load` with `weights_only=False` (the current default value), which uses the default pickle module implicitly. It is possible to construct malicious pickle data which will execute arbitrary code during unpickling (See https://github.com/pytorch/pytorch/blob/main/SECURITY.md#untrusted-models for more details). In a future release, the default value for `weights_only` will be flipped to `True`. This limits the functions that could be executed during unpickling. Arbitrary objects will no longer be allowed to be loaded via this mode unless they are explicitly allowlisted by the user via `torch.serialization.add_safe_globals`. We recommend you start setting `weights_only=True` for any use case where you don't have full control of the loaded file. Please open an issue on GitHub for any issues related to this experimental feature.
  model.load_state_dict(torch.load(ck, map_location=device))
/home/ybahaddo/lrad/scripts/run_gridsearch.py:252: FutureWarning: You are using `torch.load` with `weights_only=False` (the current default value), which uses the default pickle module implicitly. It is possible to construct malicious pickle data which will execute arbitrary code during unpickling (See https://github.com/pytorch/pytorch/blob/main/SECURITY.md#untrusted-models for more details). In a future release, the default value for `weights_only` will be flipped to `True`. This limits the functions that could be executed during unpickling. Arbitrary objects will no longer be allowed to be loaded via this mode unless they are explicitly allowlisted by the user via `torch.serialization.add_safe_globals`. We recommend you start setting `weights_only=True` for any use case where you don't have full control of the loaded file. Please open an issue on GitHub for any issues related to this experimental feature.
  model.load_state_dict(torch.load(ck, map_location=device))
/home/ybahaddo/lrad/scripts/run_gridsearch.py:252: FutureWarning: You are using `torch.load` with `weights_only=False` (the current default value), which uses the default pickle module implicitly. It is possible to construct malicious pickle data which will execute arbitrary code during unpickling (See https://github.com/pytorch/pytorch/blob/main/SECURITY.md#untrusted-models for more details). In a future release, the default value for `weights_only` will be flipped to `True`. This limits the functions that could be executed during unpickling. Arbitrary objects will no longer be allowed to be loaded via this mode unless they are explicitly allowlisted by the user via `torch.serialization.add_safe_globals`. We recommend you start setting `weights_only=True` for any use case where you don't have full control of the loaded file. Please open an issue on GitHub for any issues related to this experimental feature.
  model.load_state_dict(torch.load(ck, map_location=device))
/home/ybahaddo/lrad/scripts/run_gridsearch.py:252: FutureWarning: You are using `torch.load` with `weights_only=False` (the current default value), which uses the default pickle module implicitly. It is possible to construct malicious pickle data which will execute arbitrary code during unpickling (See https://github.com/pytorch/pytorch/blob/main/SECURITY.md#untrusted-models for more details). In a future release, the default value for `weights_only` will be flipped to `True`. This limits the functions that could be executed during unpickling. Arbitrary objects will no longer be allowed to be loaded via this mode unless they are explicitly allowlisted by the user via `torch.serialization.add_safe_globals`. We recommend you start setting `weights_only=True` for any use case where you don't have full control of the loaded file. Please open an issue on GitHub for any issues related to this experimental feature.
  model.load_state_dict(torch.load(ck, map_location=device))
[decoders] epoch   1/8  train=0.0637  per_block(train)=[0.0049 0.0071 0.0103 0.0157 0.0257]  (58.2s)
[decoders] epoch   8/8  train=0.0301  per_block(train)=[0.0007 0.0020 0.0045 0.0080 0.0148]  (57.9s)
locfre reference stats fitted on 2048 in-dist images (blocks [1, 3])
-> fused=0.7497  cutpaste=0.6266  bias_p95=0.6412  locfre_b3=0.7727  energy=0.6416  gender_acc=0.984  (824s)
================================================================
[9/30] scar=0 area=(0.05, 0.15) p=0.3 w=2
CutPaste pretext on: {'prob': 0.3, 'area_range': (0.05, 0.15), 'aspect_range': (0.3, 3.3), 'scar_prob': 0.0}  loss_weight=2
No validation set — running the full 6-epoch schedule with no early stopping; final-epoch weights are kept.
epoch   1/6  train_loss=1.1885  train_gender_acc=92.5%  train_attr_acc=[75.3 86.8 88.2 80.2 81.2 82.9]%  (55.1s)
epoch   3/6  train_loss=0.7236  train_gender_acc=97.1%  train_attr_acc=[80.0 90.9 88.9 82.5 91.2 86.8]%  (54.6s)
epoch   6/6  train_loss=0.6219  train_gender_acc=98.3%  train_attr_acc=[82.1 91.6 89.4 83.6 92.3 88.3]%  (55.0s)
/home/ybahaddo/lrad/scripts/run_gridsearch.py:252: FutureWarning: You are using `torch.load` with `weights_only=False` (the current default value), which uses the default pickle module implicitly. It is possible to construct malicious pickle data which will execute arbitrary code during unpickling (See https://github.com/pytorch/pytorch/blob/main/SECURITY.md#untrusted-models for more details). In a future release, the default value for `weights_only` will be flipped to `True`. This limits the functions that could be executed during unpickling. Arbitrary objects will no longer be allowed to be loaded via this mode unless they are explicitly allowlisted by the user via `torch.serialization.add_safe_globals`. We recommend you start setting `weights_only=True` for any use case where you don't have full control of the loaded file. Please open an issue on GitHub for any issues related to this experimental feature.
  model.load_state_dict(torch.load(ck, map_location=device))
/home/ybahaddo/lrad/scripts/run_gridsearch.py:252: FutureWarning: You are using `torch.load` with `weights_only=False` (the current default value), which uses the default pickle module implicitly. It is possible to construct malicious pickle data which will execute arbitrary code during unpickling (See https://github.com/pytorch/pytorch/blob/main/SECURITY.md#untrusted-models for more details). In a future release, the default value for `weights_only` will be flipped to `True`. This limits the functions that could be executed during unpickling. Arbitrary objects will no longer be allowed to be loaded via this mode unless they are explicitly allowlisted by the user via `torch.serialization.add_safe_globals`. We recommend you start setting `weights_only=True` for any use case where you don't have full control of the loaded file. Please open an issue on GitHub for any issues related to this experimental feature.
  model.load_state_dict(torch.load(ck, map_location=device))
/home/ybahaddo/lrad/scripts/run_gridsearch.py:252: FutureWarning: You are using `torch.load` with `weights_only=False` (the current default value), which uses the default pickle module implicitly. It is possible to construct malicious pickle data which will execute arbitrary code during unpickling (See https://github.com/pytorch/pytorch/blob/main/SECURITY.md#untrusted-models for more details). In a future release, the default value for `weights_only` will be flipped to `True`. This limits the functions that could be executed during unpickling. Arbitrary objects will no longer be allowed to be loaded via this mode unless they are explicitly allowlisted by the user via `torch.serialization.add_safe_globals`. We recommend you start setting `weights_only=True` for any use case where you don't have full control of the loaded file. Please open an issue on GitHub for any issues related to this experimental feature.
  model.load_state_dict(torch.load(ck, map_location=device))
/home/ybahaddo/lrad/scripts/run_gridsearch.py:252: FutureWarning: You are using `torch.load` with `weights_only=False` (the current default value), which uses the default pickle module implicitly. It is possible to construct malicious pickle data which will execute arbitrary code during unpickling (See https://github.com/pytorch/pytorch/blob/main/SECURITY.md#untrusted-models for more details). In a future release, the default value for `weights_only` will be flipped to `True`. This limits the functions that could be executed during unpickling. Arbitrary objects will no longer be allowed to be loaded via this mode unless they are explicitly allowlisted by the user via `torch.serialization.add_safe_globals`. We recommend you start setting `weights_only=True` for any use case where you don't have full control of the loaded file. Please open an issue on GitHub for any issues related to this experimental feature.
  model.load_state_dict(torch.load(ck, map_location=device))
/home/ybahaddo/lrad/scripts/run_gridsearch.py:252: FutureWarning: You are using `torch.load` with `weights_only=False` (the current default value), which uses the default pickle module implicitly. It is possible to construct malicious pickle data which will execute arbitrary code during unpickling (See https://github.com/pytorch/pytorch/blob/main/SECURITY.md#untrusted-models for more details). In a future release, the default value for `weights_only` will be flipped to `True`. This limits the functions that could be executed during unpickling. Arbitrary objects will no longer be allowed to be loaded via this mode unless they are explicitly allowlisted by the user via `torch.serialization.add_safe_globals`. We recommend you start setting `weights_only=True` for any use case where you don't have full control of the loaded file. Please open an issue on GitHub for any issues related to this experimental feature.
  model.load_state_dict(torch.load(ck, map_location=device))
/home/ybahaddo/lrad/scripts/run_gridsearch.py:252: FutureWarning: You are using `torch.load` with `weights_only=False` (the current default value), which uses the default pickle module implicitly. It is possible to construct malicious pickle data which will execute arbitrary code during unpickling (See https://github.com/pytorch/pytorch/blob/main/SECURITY.md#untrusted-models for more details). In a future release, the default value for `weights_only` will be flipped to `True`. This limits the functions that could be executed during unpickling. Arbitrary objects will no longer be allowed to be loaded via this mode unless they are explicitly allowlisted by the user via `torch.serialization.add_safe_globals`. We recommend you start setting `weights_only=True` for any use case where you don't have full control of the loaded file. Please open an issue on GitHub for any issues related to this experimental feature.
  model.load_state_dict(torch.load(ck, map_location=device))
[decoders] epoch   1/8  train=0.0652  per_block(train)=[0.0048 0.0071 0.0103 0.0160 0.0270]  (57.3s)
[decoders] epoch   8/8  train=0.0306  per_block(train)=[0.0007 0.0020 0.0046 0.0082 0.0151]  (57.4s)
locfre reference stats fitted on 2048 in-dist images (blocks [1, 3])
-> fused=0.6669  cutpaste=0.4823  bias_p95=0.6515  locfre_b3=0.7485  energy=0.5407  gender_acc=0.983  (824s)
================================================================
[10/30] scar=0 area=(0.05, 0.15) p=0.5 w=0.5
CutPaste pretext on: {'prob': 0.5, 'area_range': (0.05, 0.15), 'aspect_range': (0.3, 3.3), 'scar_prob': 0.0}  loss_weight=0.5
No validation set — running the full 6-epoch schedule with no early stopping; final-epoch weights are kept.
epoch   1/6  train_loss=1.0232  train_gender_acc=93.0%  train_attr_acc=[75.8 87.6 88.2 80.5 83.0 83.0]%  (55.9s)
epoch   3/6  train_loss=0.6973  train_gender_acc=97.2%  train_attr_acc=[80.5 90.8 88.8 82.5 91.4 86.8]%  (56.2s)
epoch   6/6  train_loss=0.6170  train_gender_acc=98.1%  train_attr_acc=[82.0 91.5 89.3 83.6 92.4 88.2]%  (55.0s)
/home/ybahaddo/lrad/scripts/run_gridsearch.py:252: FutureWarning: You are using `torch.load` with `weights_only=False` (the current default value), which uses the default pickle module implicitly. It is possible to construct malicious pickle data which will execute arbitrary code during unpickling (See https://github.com/pytorch/pytorch/blob/main/SECURITY.md#untrusted-models for more details). In a future release, the default value for `weights_only` will be flipped to `True`. This limits the functions that could be executed during unpickling. Arbitrary objects will no longer be allowed to be loaded via this mode unless they are explicitly allowlisted by the user via `torch.serialization.add_safe_globals`. We recommend you start setting `weights_only=True` for any use case where you don't have full control of the loaded file. Please open an issue on GitHub for any issues related to this experimental feature.
  model.load_state_dict(torch.load(ck, map_location=device))
/home/ybahaddo/lrad/scripts/run_gridsearch.py:252: FutureWarning: You are using `torch.load` with `weights_only=False` (the current default value), which uses the default pickle module implicitly. It is possible to construct malicious pickle data which will execute arbitrary code during unpickling (See https://github.com/pytorch/pytorch/blob/main/SECURITY.md#untrusted-models for more details). In a future release, the default value for `weights_only` will be flipped to `True`. This limits the functions that could be executed during unpickling. Arbitrary objects will no longer be allowed to be loaded via this mode unless they are explicitly allowlisted by the user via `torch.serialization.add_safe_globals`. We recommend you start setting `weights_only=True` for any use case where you don't have full control of the loaded file. Please open an issue on GitHub for any issues related to this experimental feature.
  model.load_state_dict(torch.load(ck, map_location=device))
/home/ybahaddo/lrad/scripts/run_gridsearch.py:252: FutureWarning: You are using `torch.load` with `weights_only=False` (the current default value), which uses the default pickle module implicitly. It is possible to construct malicious pickle data which will execute arbitrary code during unpickling (See https://github.com/pytorch/pytorch/blob/main/SECURITY.md#untrusted-models for more details). In a future release, the default value for `weights_only` will be flipped to `True`. This limits the functions that could be executed during unpickling. Arbitrary objects will no longer be allowed to be loaded via this mode unless they are explicitly allowlisted by the user via `torch.serialization.add_safe_globals`. We recommend you start setting `weights_only=True` for any use case where you don't have full control of the loaded file. Please open an issue on GitHub for any issues related to this experimental feature.
  model.load_state_dict(torch.load(ck, map_location=device))
/home/ybahaddo/lrad/scripts/run_gridsearch.py:252: FutureWarning: You are using `torch.load` with `weights_only=False` (the current default value), which uses the default pickle module implicitly. It is possible to construct malicious pickle data which will execute arbitrary code during unpickling (See https://github.com/pytorch/pytorch/blob/main/SECURITY.md#untrusted-models for more details). In a future release, the default value for `weights_only` will be flipped to `True`. This limits the functions that could be executed during unpickling. Arbitrary objects will no longer be allowed to be loaded via this mode unless they are explicitly allowlisted by the user via `torch.serialization.add_safe_globals`. We recommend you start setting `weights_only=True` for any use case where you don't have full control of the loaded file. Please open an issue on GitHub for any issues related to this experimental feature.
  model.load_state_dict(torch.load(ck, map_location=device))
/home/ybahaddo/lrad/scripts/run_gridsearch.py:252: FutureWarning: You are using `torch.load` with `weights_only=False` (the current default value), which uses the default pickle module implicitly. It is possible to construct malicious pickle data which will execute arbitrary code during unpickling (See https://github.com/pytorch/pytorch/blob/main/SECURITY.md#untrusted-models for more details). In a future release, the default value for `weights_only` will be flipped to `True`. This limits the functions that could be executed during unpickling. Arbitrary objects will no longer be allowed to be loaded via this mode unless they are explicitly allowlisted by the user via `torch.serialization.add_safe_globals`. We recommend you start setting `weights_only=True` for any use case where you don't have full control of the loaded file. Please open an issue on GitHub for any issues related to this experimental feature.
  model.load_state_dict(torch.load(ck, map_location=device))
/home/ybahaddo/lrad/scripts/run_gridsearch.py:252: FutureWarning: You are using `torch.load` with `weights_only=False` (the current default value), which uses the default pickle module implicitly. It is possible to construct malicious pickle data which will execute arbitrary code during unpickling (See https://github.com/pytorch/pytorch/blob/main/SECURITY.md#untrusted-models for more details). In a future release, the default value for `weights_only` will be flipped to `True`. This limits the functions that could be executed during unpickling. Arbitrary objects will no longer be allowed to be loaded via this mode unless they are explicitly allowlisted by the user via `torch.serialization.add_safe_globals`. We recommend you start setting `weights_only=True` for any use case where you don't have full control of the loaded file. Please open an issue on GitHub for any issues related to this experimental feature.
  model.load_state_dict(torch.load(ck, map_location=device))
[decoders] epoch   1/8  train=0.0651  per_block(train)=[0.0044 0.0070 0.0097 0.0183 0.0257]  (58.0s)
[decoders] epoch   8/8  train=0.0300  per_block(train)=[0.0007 0.0020 0.0044 0.0080 0.0148]  (57.0s)
locfre reference stats fitted on 2048 in-dist images (blocks [1, 3])
-> fused=0.8270  cutpaste=0.7459  bias_p95=0.6339  locfre_b3=0.7603  energy=0.8032  gender_acc=0.981  (824s)
================================================================
[11/30] scar=0 area=(0.05, 0.15) p=0.5 w=1
CutPaste pretext on: {'prob': 0.5, 'area_range': (0.05, 0.15), 'aspect_range': (0.3, 3.3), 'scar_prob': 0.0}  loss_weight=1
No validation set — running the full 6-epoch schedule with no early stopping; final-epoch weights are kept.
epoch   1/6  train_loss=1.1009  train_gender_acc=92.5%  train_attr_acc=[75.6 87.3 88.2 80.4 82.0 82.8]%  (55.9s)
epoch   3/6  train_loss=0.7153  train_gender_acc=97.0%  train_attr_acc=[80.2 90.7 88.7 82.5 91.3 86.6]%  (55.3s)
epoch   6/6  train_loss=0.6281  train_gender_acc=98.0%  train_attr_acc=[81.8 91.4 89.3 83.6 92.3 88.1]%  (55.8s)
/home/ybahaddo/lrad/scripts/run_gridsearch.py:252: FutureWarning: You are using `torch.load` with `weights_only=False` (the current default value), which uses the default pickle module implicitly. It is possible to construct malicious pickle data which will execute arbitrary code during unpickling (See https://github.com/pytorch/pytorch/blob/main/SECURITY.md#untrusted-models for more details). In a future release, the default value for `weights_only` will be flipped to `True`. This limits the functions that could be executed during unpickling. Arbitrary objects will no longer be allowed to be loaded via this mode unless they are explicitly allowlisted by the user via `torch.serialization.add_safe_globals`. We recommend you start setting `weights_only=True` for any use case where you don't have full control of the loaded file. Please open an issue on GitHub for any issues related to this experimental feature.
  model.load_state_dict(torch.load(ck, map_location=device))
/home/ybahaddo/lrad/scripts/run_gridsearch.py:252: FutureWarning: You are using `torch.load` with `weights_only=False` (the current default value), which uses the default pickle module implicitly. It is possible to construct malicious pickle data which will execute arbitrary code during unpickling (See https://github.com/pytorch/pytorch/blob/main/SECURITY.md#untrusted-models for more details). In a future release, the default value for `weights_only` will be flipped to `True`. This limits the functions that could be executed during unpickling. Arbitrary objects will no longer be allowed to be loaded via this mode unless they are explicitly allowlisted by the user via `torch.serialization.add_safe_globals`. We recommend you start setting `weights_only=True` for any use case where you don't have full control of the loaded file. Please open an issue on GitHub for any issues related to this experimental feature.
  model.load_state_dict(torch.load(ck, map_location=device))
/home/ybahaddo/lrad/scripts/run_gridsearch.py:252: FutureWarning: You are using `torch.load` with `weights_only=False` (the current default value), which uses the default pickle module implicitly. It is possible to construct malicious pickle data which will execute arbitrary code during unpickling (See https://github.com/pytorch/pytorch/blob/main/SECURITY.md#untrusted-models for more details). In a future release, the default value for `weights_only` will be flipped to `True`. This limits the functions that could be executed during unpickling. Arbitrary objects will no longer be allowed to be loaded via this mode unless they are explicitly allowlisted by the user via `torch.serialization.add_safe_globals`. We recommend you start setting `weights_only=True` for any use case where you don't have full control of the loaded file. Please open an issue on GitHub for any issues related to this experimental feature.
  model.load_state_dict(torch.load(ck, map_location=device))
/home/ybahaddo/lrad/scripts/run_gridsearch.py:252: FutureWarning: You are using `torch.load` with `weights_only=False` (the current default value), which uses the default pickle module implicitly. It is possible to construct malicious pickle data which will execute arbitrary code during unpickling (See https://github.com/pytorch/pytorch/blob/main/SECURITY.md#untrusted-models for more details). In a future release, the default value for `weights_only` will be flipped to `True`. This limits the functions that could be executed during unpickling. Arbitrary objects will no longer be allowed to be loaded via this mode unless they are explicitly allowlisted by the user via `torch.serialization.add_safe_globals`. We recommend you start setting `weights_only=True` for any use case where you don't have full control of the loaded file. Please open an issue on GitHub for any issues related to this experimental feature.
  model.load_state_dict(torch.load(ck, map_location=device))
/home/ybahaddo/lrad/scripts/run_gridsearch.py:252: FutureWarning: You are using `torch.load` with `weights_only=False` (the current default value), which uses the default pickle module implicitly. It is possible to construct malicious pickle data which will execute arbitrary code during unpickling (See https://github.com/pytorch/pytorch/blob/main/SECURITY.md#untrusted-models for more details). In a future release, the default value for `weights_only` will be flipped to `True`. This limits the functions that could be executed during unpickling. Arbitrary objects will no longer be allowed to be loaded via this mode unless they are explicitly allowlisted by the user via `torch.serialization.add_safe_globals`. We recommend you start setting `weights_only=True` for any use case where you don't have full control of the loaded file. Please open an issue on GitHub for any issues related to this experimental feature.
  model.load_state_dict(torch.load(ck, map_location=device))
/home/ybahaddo/lrad/scripts/run_gridsearch.py:252: FutureWarning: You are using `torch.load` with `weights_only=False` (the current default value), which uses the default pickle module implicitly. It is possible to construct malicious pickle data which will execute arbitrary code during unpickling (See https://github.com/pytorch/pytorch/blob/main/SECURITY.md#untrusted-models for more details). In a future release, the default value for `weights_only` will be flipped to `True`. This limits the functions that could be executed during unpickling. Arbitrary objects will no longer be allowed to be loaded via this mode unless they are explicitly allowlisted by the user via `torch.serialization.add_safe_globals`. We recommend you start setting `weights_only=True` for any use case where you don't have full control of the loaded file. Please open an issue on GitHub for any issues related to this experimental feature.
  model.load_state_dict(torch.load(ck, map_location=device))
[decoders] epoch   1/8  train=0.0650  per_block(train)=[0.0044 0.0070 0.0097 0.0181 0.0257]  (57.7s)
[decoders] epoch   8/8  train=0.0298  per_block(train)=[0.0007 0.0020 0.0045 0.0081 0.0146]  (56.8s)
locfre reference stats fitted on 2048 in-dist images (blocks [1, 3])
-> fused=0.8225  cutpaste=0.6758  bias_p95=0.6383  locfre_b3=0.7520  energy=0.8056  gender_acc=0.980  (827s)
================================================================
[12/30] scar=0 area=(0.05, 0.15) p=0.5 w=2
CutPaste pretext on: {'prob': 0.5, 'area_range': (0.05, 0.15), 'aspect_range': (0.3, 3.3), 'scar_prob': 0.0}  loss_weight=2
No validation set — running the full 6-epoch schedule with no early stopping; final-epoch weights are kept.
epoch   1/6  train_loss=1.2475  train_gender_acc=91.9%  train_attr_acc=[75.0 86.8 88.2 80.2 80.1 82.4]%  (56.1s)
epoch   3/6  train_loss=0.7478  train_gender_acc=96.8%  train_attr_acc=[79.7 90.5 88.7 82.3 91.1 86.3]%  (55.6s)
epoch   6/6  train_loss=0.6477  train_gender_acc=97.9%  train_attr_acc=[81.5 91.3 89.2 83.4 92.2 87.7]%  (55.3s)
/home/ybahaddo/lrad/scripts/run_gridsearch.py:252: FutureWarning: You are using `torch.load` with `weights_only=False` (the current default value), which uses the default pickle module implicitly. It is possible to construct malicious pickle data which will execute arbitrary code during unpickling (See https://github.com/pytorch/pytorch/blob/main/SECURITY.md#untrusted-models for more details). In a future release, the default value for `weights_only` will be flipped to `True`. This limits the functions that could be executed during unpickling. Arbitrary objects will no longer be allowed to be loaded via this mode unless they are explicitly allowlisted by the user via `torch.serialization.add_safe_globals`. We recommend you start setting `weights_only=True` for any use case where you don't have full control of the loaded file. Please open an issue on GitHub for any issues related to this experimental feature.
  model.load_state_dict(torch.load(ck, map_location=device))
/home/ybahaddo/lrad/scripts/run_gridsearch.py:252: FutureWarning: You are using `torch.load` with `weights_only=False` (the current default value), which uses the default pickle module implicitly. It is possible to construct malicious pickle data which will execute arbitrary code during unpickling (See https://github.com/pytorch/pytorch/blob/main/SECURITY.md#untrusted-models for more details). In a future release, the default value for `weights_only` will be flipped to `True`. This limits the functions that could be executed during unpickling. Arbitrary objects will no longer be allowed to be loaded via this mode unless they are explicitly allowlisted by the user via `torch.serialization.add_safe_globals`. We recommend you start setting `weights_only=True` for any use case where you don't have full control of the loaded file. Please open an issue on GitHub for any issues related to this experimental feature.
  model.load_state_dict(torch.load(ck, map_location=device))
/home/ybahaddo/lrad/scripts/run_gridsearch.py:252: FutureWarning: You are using `torch.load` with `weights_only=False` (the current default value), which uses the default pickle module implicitly. It is possible to construct malicious pickle data which will execute arbitrary code during unpickling (See https://github.com/pytorch/pytorch/blob/main/SECURITY.md#untrusted-models for more details). In a future release, the default value for `weights_only` will be flipped to `True`. This limits the functions that could be executed during unpickling. Arbitrary objects will no longer be allowed to be loaded via this mode unless they are explicitly allowlisted by the user via `torch.serialization.add_safe_globals`. We recommend you start setting `weights_only=True` for any use case where you don't have full control of the loaded file. Please open an issue on GitHub for any issues related to this experimental feature.
  model.load_state_dict(torch.load(ck, map_location=device))
/home/ybahaddo/lrad/scripts/run_gridsearch.py:252: FutureWarning: You are using `torch.load` with `weights_only=False` (the current default value), which uses the default pickle module implicitly. It is possible to construct malicious pickle data which will execute arbitrary code during unpickling (See https://github.com/pytorch/pytorch/blob/main/SECURITY.md#untrusted-models for more details). In a future release, the default value for `weights_only` will be flipped to `True`. This limits the functions that could be executed during unpickling. Arbitrary objects will no longer be allowed to be loaded via this mode unless they are explicitly allowlisted by the user via `torch.serialization.add_safe_globals`. We recommend you start setting `weights_only=True` for any use case where you don't have full control of the loaded file. Please open an issue on GitHub for any issues related to this experimental feature.
  model.load_state_dict(torch.load(ck, map_location=device))
/home/ybahaddo/lrad/scripts/run_gridsearch.py:252: FutureWarning: You are using `torch.load` with `weights_only=False` (the current default value), which uses the default pickle module implicitly. It is possible to construct malicious pickle data which will execute arbitrary code during unpickling (See https://github.com/pytorch/pytorch/blob/main/SECURITY.md#untrusted-models for more details). In a future release, the default value for `weights_only` will be flipped to `True`. This limits the functions that could be executed during unpickling. Arbitrary objects will no longer be allowed to be loaded via this mode unless they are explicitly allowlisted by the user via `torch.serialization.add_safe_globals`. We recommend you start setting `weights_only=True` for any use case where you don't have full control of the loaded file. Please open an issue on GitHub for any issues related to this experimental feature.
  model.load_state_dict(torch.load(ck, map_location=device))
/home/ybahaddo/lrad/scripts/run_gridsearch.py:252: FutureWarning: You are using `torch.load` with `weights_only=False` (the current default value), which uses the default pickle module implicitly. It is possible to construct malicious pickle data which will execute arbitrary code during unpickling (See https://github.com/pytorch/pytorch/blob/main/SECURITY.md#untrusted-models for more details). In a future release, the default value for `weights_only` will be flipped to `True`. This limits the functions that could be executed during unpickling. Arbitrary objects will no longer be allowed to be loaded via this mode unless they are explicitly allowlisted by the user via `torch.serialization.add_safe_globals`. We recommend you start setting `weights_only=True` for any use case where you don't have full control of the loaded file. Please open an issue on GitHub for any issues related to this experimental feature.
  model.load_state_dict(torch.load(ck, map_location=device))
[decoders] epoch   1/8  train=0.0658  per_block(train)=[0.0044 0.0071 0.0099 0.0183 0.0261]  (57.3s)
[decoders] epoch   8/8  train=0.0302  per_block(train)=[0.0007 0.0020 0.0046 0.0082 0.0146]  (56.8s)
locfre reference stats fitted on 2048 in-dist images (blocks [1, 3])
-> fused=0.8046  cutpaste=0.6683  bias_p95=0.6404  locfre_b3=0.7568  energy=0.7865  gender_acc=0.979  (824s)
================================================================
[13/30] scar=0.5 area=(0.02, 0.08) p=0.3 w=0.5
CutPaste pretext on: {'prob': 0.3, 'area_range': (0.02, 0.08), 'aspect_range': (0.3, 3.3), 'scar_prob': 0.5}  loss_weight=0.5
No validation set — running the full 6-epoch schedule with no early stopping; final-epoch weights are kept.
epoch   1/6  train_loss=1.0597  train_gender_acc=93.6%  train_attr_acc=[76.2 87.7 88.1 80.6 84.2 83.5]%  (55.1s)
epoch   3/6  train_loss=0.7115  train_gender_acc=97.4%  train_attr_acc=[81.0 91.0 88.9 82.8 91.5 87.2]%  (55.3s)
epoch   6/6  train_loss=0.6158  train_gender_acc=98.4%  train_attr_acc=[82.8 91.7 89.6 83.9 92.6 88.8]%  (55.5s)
/home/ybahaddo/lrad/scripts/run_gridsearch.py:252: FutureWarning: You are using `torch.load` with `weights_only=False` (the current default value), which uses the default pickle module implicitly. It is possible to construct malicious pickle data which will execute arbitrary code during unpickling (See https://github.com/pytorch/pytorch/blob/main/SECURITY.md#untrusted-models for more details). In a future release, the default value for `weights_only` will be flipped to `True`. This limits the functions that could be executed during unpickling. Arbitrary objects will no longer be allowed to be loaded via this mode unless they are explicitly allowlisted by the user via `torch.serialization.add_safe_globals`. We recommend you start setting `weights_only=True` for any use case where you don't have full control of the loaded file. Please open an issue on GitHub for any issues related to this experimental feature.
  model.load_state_dict(torch.load(ck, map_location=device))
/home/ybahaddo/lrad/scripts/run_gridsearch.py:252: FutureWarning: You are using `torch.load` with `weights_only=False` (the current default value), which uses the default pickle module implicitly. It is possible to construct malicious pickle data which will execute arbitrary code during unpickling (See https://github.com/pytorch/pytorch/blob/main/SECURITY.md#untrusted-models for more details). In a future release, the default value for `weights_only` will be flipped to `True`. This limits the functions that could be executed during unpickling. Arbitrary objects will no longer be allowed to be loaded via this mode unless they are explicitly allowlisted by the user via `torch.serialization.add_safe_globals`. We recommend you start setting `weights_only=True` for any use case where you don't have full control of the loaded file. Please open an issue on GitHub for any issues related to this experimental feature.
  model.load_state_dict(torch.load(ck, map_location=device))
/home/ybahaddo/lrad/scripts/run_gridsearch.py:252: FutureWarning: You are using `torch.load` with `weights_only=False` (the current default value), which uses the default pickle module implicitly. It is possible to construct malicious pickle data which will execute arbitrary code during unpickling (See https://github.com/pytorch/pytorch/blob/main/SECURITY.md#untrusted-models for more details). In a future release, the default value for `weights_only` will be flipped to `True`. This limits the functions that could be executed during unpickling. Arbitrary objects will no longer be allowed to be loaded via this mode unless they are explicitly allowlisted by the user via `torch.serialization.add_safe_globals`. We recommend you start setting `weights_only=True` for any use case where you don't have full control of the loaded file. Please open an issue on GitHub for any issues related to this experimental feature.
  model.load_state_dict(torch.load(ck, map_location=device))
/home/ybahaddo/lrad/scripts/run_gridsearch.py:252: FutureWarning: You are using `torch.load` with `weights_only=False` (the current default value), which uses the default pickle module implicitly. It is possible to construct malicious pickle data which will execute arbitrary code during unpickling (See https://github.com/pytorch/pytorch/blob/main/SECURITY.md#untrusted-models for more details). In a future release, the default value for `weights_only` will be flipped to `True`. This limits the functions that could be executed during unpickling. Arbitrary objects will no longer be allowed to be loaded via this mode unless they are explicitly allowlisted by the user via `torch.serialization.add_safe_globals`. We recommend you start setting `weights_only=True` for any use case where you don't have full control of the loaded file. Please open an issue on GitHub for any issues related to this experimental feature.
  model.load_state_dict(torch.load(ck, map_location=device))
/home/ybahaddo/lrad/scripts/run_gridsearch.py:252: FutureWarning: You are using `torch.load` with `weights_only=False` (the current default value), which uses the default pickle module implicitly. It is possible to construct malicious pickle data which will execute arbitrary code during unpickling (See https://github.com/pytorch/pytorch/blob/main/SECURITY.md#untrusted-models for more details). In a future release, the default value for `weights_only` will be flipped to `True`. This limits the functions that could be executed during unpickling. Arbitrary objects will no longer be allowed to be loaded via this mode unless they are explicitly allowlisted by the user via `torch.serialization.add_safe_globals`. We recommend you start setting `weights_only=True` for any use case where you don't have full control of the loaded file. Please open an issue on GitHub for any issues related to this experimental feature.
  model.load_state_dict(torch.load(ck, map_location=device))
/home/ybahaddo/lrad/scripts/run_gridsearch.py:252: FutureWarning: You are using `torch.load` with `weights_only=False` (the current default value), which uses the default pickle module implicitly. It is possible to construct malicious pickle data which will execute arbitrary code during unpickling (See https://github.com/pytorch/pytorch/blob/main/SECURITY.md#untrusted-models for more details). In a future release, the default value for `weights_only` will be flipped to `True`. This limits the functions that could be executed during unpickling. Arbitrary objects will no longer be allowed to be loaded via this mode unless they are explicitly allowlisted by the user via `torch.serialization.add_safe_globals`. We recommend you start setting `weights_only=True` for any use case where you don't have full control of the loaded file. Please open an issue on GitHub for any issues related to this experimental feature.
  model.load_state_dict(torch.load(ck, map_location=device))
[decoders] epoch   1/8  train=0.0701  per_block(train)=[0.0080 0.0084 0.0114 0.0160 0.0264]  (57.1s)
[decoders] epoch   8/8  train=0.0302  per_block(train)=[0.0007 0.0020 0.0046 0.0081 0.0147]  (56.7s)
locfre reference stats fitted on 2048 in-dist images (blocks [1, 3])
-> fused=0.8119  cutpaste=0.7151  bias_p95=0.6450  locfre_b3=0.7803  energy=0.7802  gender_acc=0.984  (819s)
================================================================
[14/30] scar=0.5 area=(0.02, 0.08) p=0.3 w=1
CutPaste pretext on: {'prob': 0.3, 'area_range': (0.02, 0.08), 'aspect_range': (0.3, 3.3), 'scar_prob': 0.5}  loss_weight=1
No validation set — running the full 6-epoch schedule with no early stopping; final-epoch weights are kept.
epoch   1/6  train_loss=1.1889  train_gender_acc=93.2%  train_attr_acc=[75.9 87.3 88.0 80.4 83.2 83.1]%  (55.3s)
epoch   3/6  train_loss=0.7533  train_gender_acc=97.3%  train_attr_acc=[80.7 90.9 88.9 82.7 91.4 86.9]%  (55.0s)
epoch   6/6  train_loss=0.6433  train_gender_acc=98.3%  train_attr_acc=[82.5 91.6 89.6 83.8 92.4 88.6]%  (55.4s)
/home/ybahaddo/lrad/scripts/run_gridsearch.py:252: FutureWarning: You are using `torch.load` with `weights_only=False` (the current default value), which uses the default pickle module implicitly. It is possible to construct malicious pickle data which will execute arbitrary code during unpickling (See https://github.com/pytorch/pytorch/blob/main/SECURITY.md#untrusted-models for more details). In a future release, the default value for `weights_only` will be flipped to `True`. This limits the functions that could be executed during unpickling. Arbitrary objects will no longer be allowed to be loaded via this mode unless they are explicitly allowlisted by the user via `torch.serialization.add_safe_globals`. We recommend you start setting `weights_only=True` for any use case where you don't have full control of the loaded file. Please open an issue on GitHub for any issues related to this experimental feature.
  model.load_state_dict(torch.load(ck, map_location=device))
/home/ybahaddo/lrad/scripts/run_gridsearch.py:252: FutureWarning: You are using `torch.load` with `weights_only=False` (the current default value), which uses the default pickle module implicitly. It is possible to construct malicious pickle data which will execute arbitrary code during unpickling (See https://github.com/pytorch/pytorch/blob/main/SECURITY.md#untrusted-models for more details). In a future release, the default value for `weights_only` will be flipped to `True`. This limits the functions that could be executed during unpickling. Arbitrary objects will no longer be allowed to be loaded via this mode unless they are explicitly allowlisted by the user via `torch.serialization.add_safe_globals`. We recommend you start setting `weights_only=True` for any use case where you don't have full control of the loaded file. Please open an issue on GitHub for any issues related to this experimental feature.
  model.load_state_dict(torch.load(ck, map_location=device))
/home/ybahaddo/lrad/scripts/run_gridsearch.py:252: FutureWarning: You are using `torch.load` with `weights_only=False` (the current default value), which uses the default pickle module implicitly. It is possible to construct malicious pickle data which will execute arbitrary code during unpickling (See https://github.com/pytorch/pytorch/blob/main/SECURITY.md#untrusted-models for more details). In a future release, the default value for `weights_only` will be flipped to `True`. This limits the functions that could be executed during unpickling. Arbitrary objects will no longer be allowed to be loaded via this mode unless they are explicitly allowlisted by the user via `torch.serialization.add_safe_globals`. We recommend you start setting `weights_only=True` for any use case where you don't have full control of the loaded file. Please open an issue on GitHub for any issues related to this experimental feature.
  model.load_state_dict(torch.load(ck, map_location=device))
/home/ybahaddo/lrad/scripts/run_gridsearch.py:252: FutureWarning: You are using `torch.load` with `weights_only=False` (the current default value), which uses the default pickle module implicitly. It is possible to construct malicious pickle data which will execute arbitrary code during unpickling (See https://github.com/pytorch/pytorch/blob/main/SECURITY.md#untrusted-models for more details). In a future release, the default value for `weights_only` will be flipped to `True`. This limits the functions that could be executed during unpickling. Arbitrary objects will no longer be allowed to be loaded via this mode unless they are explicitly allowlisted by the user via `torch.serialization.add_safe_globals`. We recommend you start setting `weights_only=True` for any use case where you don't have full control of the loaded file. Please open an issue on GitHub for any issues related to this experimental feature.
  model.load_state_dict(torch.load(ck, map_location=device))
/home/ybahaddo/lrad/scripts/run_gridsearch.py:252: FutureWarning: You are using `torch.load` with `weights_only=False` (the current default value), which uses the default pickle module implicitly. It is possible to construct malicious pickle data which will execute arbitrary code during unpickling (See https://github.com/pytorch/pytorch/blob/main/SECURITY.md#untrusted-models for more details). In a future release, the default value for `weights_only` will be flipped to `True`. This limits the functions that could be executed during unpickling. Arbitrary objects will no longer be allowed to be loaded via this mode unless they are explicitly allowlisted by the user via `torch.serialization.add_safe_globals`. We recommend you start setting `weights_only=True` for any use case where you don't have full control of the loaded file. Please open an issue on GitHub for any issues related to this experimental feature.
  model.load_state_dict(torch.load(ck, map_location=device))
/home/ybahaddo/lrad/scripts/run_gridsearch.py:252: FutureWarning: You are using `torch.load` with `weights_only=False` (the current default value), which uses the default pickle module implicitly. It is possible to construct malicious pickle data which will execute arbitrary code during unpickling (See https://github.com/pytorch/pytorch/blob/main/SECURITY.md#untrusted-models for more details). In a future release, the default value for `weights_only` will be flipped to `True`. This limits the functions that could be executed during unpickling. Arbitrary objects will no longer be allowed to be loaded via this mode unless they are explicitly allowlisted by the user via `torch.serialization.add_safe_globals`. We recommend you start setting `weights_only=True` for any use case where you don't have full control of the loaded file. Please open an issue on GitHub for any issues related to this experimental feature.
  model.load_state_dict(torch.load(ck, map_location=device))
[decoders] epoch   1/8  train=0.0702  per_block(train)=[0.0082 0.0083 0.0114 0.0160 0.0263]  (57.4s)
[decoders] epoch   8/8  train=0.0306  per_block(train)=[0.0008 0.0020 0.0046 0.0083 0.0149]  (57.4s)
locfre reference stats fitted on 2048 in-dist images (blocks [1, 3])
-> fused=0.7935  cutpaste=0.6899  bias_p95=0.6424  locfre_b3=0.7552  energy=0.7362  gender_acc=0.983  (820s)
================================================================
[15/30] scar=0.5 area=(0.02, 0.08) p=0.3 w=2
CutPaste pretext on: {'prob': 0.3, 'area_range': (0.02, 0.08), 'aspect_range': (0.3, 3.3), 'scar_prob': 0.5}  loss_weight=2
No validation set — running the full 6-epoch schedule with no early stopping; final-epoch weights are kept.
epoch   1/6  train_loss=1.4240  train_gender_acc=92.4%  train_attr_acc=[75.3 86.7 88.0 80.1 81.3 82.6]%  (54.7s)
epoch   3/6  train_loss=0.8309  train_gender_acc=97.0%  train_attr_acc=[80.1 90.8 88.6 82.5 90.9 86.4]%  (55.4s)
epoch   6/6  train_loss=0.6935  train_gender_acc=98.1%  train_attr_acc=[82.1 91.4 89.3 83.7 92.2 88.2]%  (55.2s)
/home/ybahaddo/lrad/scripts/run_gridsearch.py:252: FutureWarning: You are using `torch.load` with `weights_only=False` (the current default value), which uses the default pickle module implicitly. It is possible to construct malicious pickle data which will execute arbitrary code during unpickling (See https://github.com/pytorch/pytorch/blob/main/SECURITY.md#untrusted-models for more details). In a future release, the default value for `weights_only` will be flipped to `True`. This limits the functions that could be executed during unpickling. Arbitrary objects will no longer be allowed to be loaded via this mode unless they are explicitly allowlisted by the user via `torch.serialization.add_safe_globals`. We recommend you start setting `weights_only=True` for any use case where you don't have full control of the loaded file. Please open an issue on GitHub for any issues related to this experimental feature.
  model.load_state_dict(torch.load(ck, map_location=device))
/home/ybahaddo/lrad/scripts/run_gridsearch.py:252: FutureWarning: You are using `torch.load` with `weights_only=False` (the current default value), which uses the default pickle module implicitly. It is possible to construct malicious pickle data which will execute arbitrary code during unpickling (See https://github.com/pytorch/pytorch/blob/main/SECURITY.md#untrusted-models for more details). In a future release, the default value for `weights_only` will be flipped to `True`. This limits the functions that could be executed during unpickling. Arbitrary objects will no longer be allowed to be loaded via this mode unless they are explicitly allowlisted by the user via `torch.serialization.add_safe_globals`. We recommend you start setting `weights_only=True` for any use case where you don't have full control of the loaded file. Please open an issue on GitHub for any issues related to this experimental feature.
  model.load_state_dict(torch.load(ck, map_location=device))
/home/ybahaddo/lrad/scripts/run_gridsearch.py:252: FutureWarning: You are using `torch.load` with `weights_only=False` (the current default value), which uses the default pickle module implicitly. It is possible to construct malicious pickle data which will execute arbitrary code during unpickling (See https://github.com/pytorch/pytorch/blob/main/SECURITY.md#untrusted-models for more details). In a future release, the default value for `weights_only` will be flipped to `True`. This limits the functions that could be executed during unpickling. Arbitrary objects will no longer be allowed to be loaded via this mode unless they are explicitly allowlisted by the user via `torch.serialization.add_safe_globals`. We recommend you start setting `weights_only=True` for any use case where you don't have full control of the loaded file. Please open an issue on GitHub for any issues related to this experimental feature.
  model.load_state_dict(torch.load(ck, map_location=device))
/home/ybahaddo/lrad/scripts/run_gridsearch.py:252: FutureWarning: You are using `torch.load` with `weights_only=False` (the current default value), which uses the default pickle module implicitly. It is possible to construct malicious pickle data which will execute arbitrary code during unpickling (See https://github.com/pytorch/pytorch/blob/main/SECURITY.md#untrusted-models for more details). In a future release, the default value for `weights_only` will be flipped to `True`. This limits the functions that could be executed during unpickling. Arbitrary objects will no longer be allowed to be loaded via this mode unless they are explicitly allowlisted by the user via `torch.serialization.add_safe_globals`. We recommend you start setting `weights_only=True` for any use case where you don't have full control of the loaded file. Please open an issue on GitHub for any issues related to this experimental feature.
  model.load_state_dict(torch.load(ck, map_location=device))
/home/ybahaddo/lrad/scripts/run_gridsearch.py:252: FutureWarning: You are using `torch.load` with `weights_only=False` (the current default value), which uses the default pickle module implicitly. It is possible to construct malicious pickle data which will execute arbitrary code during unpickling (See https://github.com/pytorch/pytorch/blob/main/SECURITY.md#untrusted-models for more details). In a future release, the default value for `weights_only` will be flipped to `True`. This limits the functions that could be executed during unpickling. Arbitrary objects will no longer be allowed to be loaded via this mode unless they are explicitly allowlisted by the user via `torch.serialization.add_safe_globals`. We recommend you start setting `weights_only=True` for any use case where you don't have full control of the loaded file. Please open an issue on GitHub for any issues related to this experimental feature.
  model.load_state_dict(torch.load(ck, map_location=device))
/home/ybahaddo/lrad/scripts/run_gridsearch.py:252: FutureWarning: You are using `torch.load` with `weights_only=False` (the current default value), which uses the default pickle module implicitly. It is possible to construct malicious pickle data which will execute arbitrary code during unpickling (See https://github.com/pytorch/pytorch/blob/main/SECURITY.md#untrusted-models for more details). In a future release, the default value for `weights_only` will be flipped to `True`. This limits the functions that could be executed during unpickling. Arbitrary objects will no longer be allowed to be loaded via this mode unless they are explicitly allowlisted by the user via `torch.serialization.add_safe_globals`. We recommend you start setting `weights_only=True` for any use case where you don't have full control of the loaded file. Please open an issue on GitHub for any issues related to this experimental feature.
  model.load_state_dict(torch.load(ck, map_location=device))
[decoders] epoch   1/8  train=0.0729  per_block(train)=[0.0082 0.0085 0.0116 0.0166 0.0279]  (57.5s)
[decoders] epoch   8/8  train=0.0321  per_block(train)=[0.0008 0.0021 0.0048 0.0087 0.0157]  (57.1s)
locfre reference stats fitted on 2048 in-dist images (blocks [1, 3])
-> fused=0.7456  cutpaste=0.6419  bias_p95=0.6427  locfre_b3=0.7506  energy=0.6130  gender_acc=0.981  (819s)
================================================================
[16/30] scar=0.5 area=(0.02, 0.08) p=0.5 w=0.5
CutPaste pretext on: {'prob': 0.5, 'area_range': (0.02, 0.08), 'aspect_range': (0.3, 3.3), 'scar_prob': 0.5}  loss_weight=0.5
No validation set — running the full 6-epoch schedule with no early stopping; final-epoch weights are kept.
epoch   1/6  train_loss=1.1075  train_gender_acc=93.0%  train_attr_acc=[75.8 87.5 88.1 80.5 83.1 83.2]%  (54.9s)
epoch   3/6  train_loss=0.7339  train_gender_acc=97.3%  train_attr_acc=[80.4 90.9 88.9 82.6 91.4 86.8]%  (55.5s)
epoch   6/6  train_loss=0.6436  train_gender_acc=98.1%  train_attr_acc=[82.3 91.5 89.5 83.7 92.4 88.2]%  (55.2s)
/home/ybahaddo/lrad/scripts/run_gridsearch.py:252: FutureWarning: You are using `torch.load` with `weights_only=False` (the current default value), which uses the default pickle module implicitly. It is possible to construct malicious pickle data which will execute arbitrary code during unpickling (See https://github.com/pytorch/pytorch/blob/main/SECURITY.md#untrusted-models for more details). In a future release, the default value for `weights_only` will be flipped to `True`. This limits the functions that could be executed during unpickling. Arbitrary objects will no longer be allowed to be loaded via this mode unless they are explicitly allowlisted by the user via `torch.serialization.add_safe_globals`. We recommend you start setting `weights_only=True` for any use case where you don't have full control of the loaded file. Please open an issue on GitHub for any issues related to this experimental feature.
  model.load_state_dict(torch.load(ck, map_location=device))
/home/ybahaddo/lrad/scripts/run_gridsearch.py:252: FutureWarning: You are using `torch.load` with `weights_only=False` (the current default value), which uses the default pickle module implicitly. It is possible to construct malicious pickle data which will execute arbitrary code during unpickling (See https://github.com/pytorch/pytorch/blob/main/SECURITY.md#untrusted-models for more details). In a future release, the default value for `weights_only` will be flipped to `True`. This limits the functions that could be executed during unpickling. Arbitrary objects will no longer be allowed to be loaded via this mode unless they are explicitly allowlisted by the user via `torch.serialization.add_safe_globals`. We recommend you start setting `weights_only=True` for any use case where you don't have full control of the loaded file. Please open an issue on GitHub for any issues related to this experimental feature.
  model.load_state_dict(torch.load(ck, map_location=device))
/home/ybahaddo/lrad/scripts/run_gridsearch.py:252: FutureWarning: You are using `torch.load` with `weights_only=False` (the current default value), which uses the default pickle module implicitly. It is possible to construct malicious pickle data which will execute arbitrary code during unpickling (See https://github.com/pytorch/pytorch/blob/main/SECURITY.md#untrusted-models for more details). In a future release, the default value for `weights_only` will be flipped to `True`. This limits the functions that could be executed during unpickling. Arbitrary objects will no longer be allowed to be loaded via this mode unless they are explicitly allowlisted by the user via `torch.serialization.add_safe_globals`. We recommend you start setting `weights_only=True` for any use case where you don't have full control of the loaded file. Please open an issue on GitHub for any issues related to this experimental feature.
  model.load_state_dict(torch.load(ck, map_location=device))
/home/ybahaddo/lrad/scripts/run_gridsearch.py:252: FutureWarning: You are using `torch.load` with `weights_only=False` (the current default value), which uses the default pickle module implicitly. It is possible to construct malicious pickle data which will execute arbitrary code during unpickling (See https://github.com/pytorch/pytorch/blob/main/SECURITY.md#untrusted-models for more details). In a future release, the default value for `weights_only` will be flipped to `True`. This limits the functions that could be executed during unpickling. Arbitrary objects will no longer be allowed to be loaded via this mode unless they are explicitly allowlisted by the user via `torch.serialization.add_safe_globals`. We recommend you start setting `weights_only=True` for any use case where you don't have full control of the loaded file. Please open an issue on GitHub for any issues related to this experimental feature.
  model.load_state_dict(torch.load(ck, map_location=device))
/home/ybahaddo/lrad/scripts/run_gridsearch.py:252: FutureWarning: You are using `torch.load` with `weights_only=False` (the current default value), which uses the default pickle module implicitly. It is possible to construct malicious pickle data which will execute arbitrary code during unpickling (See https://github.com/pytorch/pytorch/blob/main/SECURITY.md#untrusted-models for more details). In a future release, the default value for `weights_only` will be flipped to `True`. This limits the functions that could be executed during unpickling. Arbitrary objects will no longer be allowed to be loaded via this mode unless they are explicitly allowlisted by the user via `torch.serialization.add_safe_globals`. We recommend you start setting `weights_only=True` for any use case where you don't have full control of the loaded file. Please open an issue on GitHub for any issues related to this experimental feature.
  model.load_state_dict(torch.load(ck, map_location=device))
/home/ybahaddo/lrad/scripts/run_gridsearch.py:252: FutureWarning: You are using `torch.load` with `weights_only=False` (the current default value), which uses the default pickle module implicitly. It is possible to construct malicious pickle data which will execute arbitrary code during unpickling (See https://github.com/pytorch/pytorch/blob/main/SECURITY.md#untrusted-models for more details). In a future release, the default value for `weights_only` will be flipped to `True`. This limits the functions that could be executed during unpickling. Arbitrary objects will no longer be allowed to be loaded via this mode unless they are explicitly allowlisted by the user via `torch.serialization.add_safe_globals`. We recommend you start setting `weights_only=True` for any use case where you don't have full control of the loaded file. Please open an issue on GitHub for any issues related to this experimental feature.
  model.load_state_dict(torch.load(ck, map_location=device))
[decoders] epoch   1/8  train=0.0675  per_block(train)=[0.0063 0.0069 0.0113 0.0164 0.0267]  (57.1s)
[decoders] epoch   8/8  train=0.0301  per_block(train)=[0.0007 0.0021 0.0045 0.0082 0.0146]  (57.5s)
locfre reference stats fitted on 2048 in-dist images (blocks [1, 3])
-> fused=0.7979  cutpaste=0.6707  bias_p95=0.6426  locfre_b3=0.7692  energy=0.7688  gender_acc=0.981  (822s)
================================================================
[17/30] scar=0.5 area=(0.02, 0.08) p=0.5 w=1
CutPaste pretext on: {'prob': 0.5, 'area_range': (0.02, 0.08), 'aspect_range': (0.3, 3.3), 'scar_prob': 0.5}  loss_weight=1
No validation set — running the full 6-epoch schedule with no early stopping; final-epoch weights are kept.
epoch   1/6  train_loss=1.2486  train_gender_acc=92.6%  train_attr_acc=[75.6 87.2 88.1 80.3 82.1 82.9]%  (55.5s)
epoch   3/6  train_loss=0.7813  train_gender_acc=97.1%  train_attr_acc=[79.9 90.9 88.7 82.5 91.1 86.6]%  (55.4s)
epoch   6/6  train_loss=0.6747  train_gender_acc=98.0%  train_attr_acc=[82.0 91.4 89.3 83.7 92.1 88.0]%  (55.6s)
/home/ybahaddo/lrad/scripts/run_gridsearch.py:252: FutureWarning: You are using `torch.load` with `weights_only=False` (the current default value), which uses the default pickle module implicitly. It is possible to construct malicious pickle data which will execute arbitrary code during unpickling (See https://github.com/pytorch/pytorch/blob/main/SECURITY.md#untrusted-models for more details). In a future release, the default value for `weights_only` will be flipped to `True`. This limits the functions that could be executed during unpickling. Arbitrary objects will no longer be allowed to be loaded via this mode unless they are explicitly allowlisted by the user via `torch.serialization.add_safe_globals`. We recommend you start setting `weights_only=True` for any use case where you don't have full control of the loaded file. Please open an issue on GitHub for any issues related to this experimental feature.
  model.load_state_dict(torch.load(ck, map_location=device))
/home/ybahaddo/lrad/scripts/run_gridsearch.py:252: FutureWarning: You are using `torch.load` with `weights_only=False` (the current default value), which uses the default pickle module implicitly. It is possible to construct malicious pickle data which will execute arbitrary code during unpickling (See https://github.com/pytorch/pytorch/blob/main/SECURITY.md#untrusted-models for more details). In a future release, the default value for `weights_only` will be flipped to `True`. This limits the functions that could be executed during unpickling. Arbitrary objects will no longer be allowed to be loaded via this mode unless they are explicitly allowlisted by the user via `torch.serialization.add_safe_globals`. We recommend you start setting `weights_only=True` for any use case where you don't have full control of the loaded file. Please open an issue on GitHub for any issues related to this experimental feature.
  model.load_state_dict(torch.load(ck, map_location=device))
/home/ybahaddo/lrad/scripts/run_gridsearch.py:252: FutureWarning: You are using `torch.load` with `weights_only=False` (the current default value), which uses the default pickle module implicitly. It is possible to construct malicious pickle data which will execute arbitrary code during unpickling (See https://github.com/pytorch/pytorch/blob/main/SECURITY.md#untrusted-models for more details). In a future release, the default value for `weights_only` will be flipped to `True`. This limits the functions that could be executed during unpickling. Arbitrary objects will no longer be allowed to be loaded via this mode unless they are explicitly allowlisted by the user via `torch.serialization.add_safe_globals`. We recommend you start setting `weights_only=True` for any use case where you don't have full control of the loaded file. Please open an issue on GitHub for any issues related to this experimental feature.
  model.load_state_dict(torch.load(ck, map_location=device))
/home/ybahaddo/lrad/scripts/run_gridsearch.py:252: FutureWarning: You are using `torch.load` with `weights_only=False` (the current default value), which uses the default pickle module implicitly. It is possible to construct malicious pickle data which will execute arbitrary code during unpickling (See https://github.com/pytorch/pytorch/blob/main/SECURITY.md#untrusted-models for more details). In a future release, the default value for `weights_only` will be flipped to `True`. This limits the functions that could be executed during unpickling. Arbitrary objects will no longer be allowed to be loaded via this mode unless they are explicitly allowlisted by the user via `torch.serialization.add_safe_globals`. We recommend you start setting `weights_only=True` for any use case where you don't have full control of the loaded file. Please open an issue on GitHub for any issues related to this experimental feature.
  model.load_state_dict(torch.load(ck, map_location=device))
/home/ybahaddo/lrad/scripts/run_gridsearch.py:252: FutureWarning: You are using `torch.load` with `weights_only=False` (the current default value), which uses the default pickle module implicitly. It is possible to construct malicious pickle data which will execute arbitrary code during unpickling (See https://github.com/pytorch/pytorch/blob/main/SECURITY.md#untrusted-models for more details). In a future release, the default value for `weights_only` will be flipped to `True`. This limits the functions that could be executed during unpickling. Arbitrary objects will no longer be allowed to be loaded via this mode unless they are explicitly allowlisted by the user via `torch.serialization.add_safe_globals`. We recommend you start setting `weights_only=True` for any use case where you don't have full control of the loaded file. Please open an issue on GitHub for any issues related to this experimental feature.
  model.load_state_dict(torch.load(ck, map_location=device))
/home/ybahaddo/lrad/scripts/run_gridsearch.py:252: FutureWarning: You are using `torch.load` with `weights_only=False` (the current default value), which uses the default pickle module implicitly. It is possible to construct malicious pickle data which will execute arbitrary code during unpickling (See https://github.com/pytorch/pytorch/blob/main/SECURITY.md#untrusted-models for more details). In a future release, the default value for `weights_only` will be flipped to `True`. This limits the functions that could be executed during unpickling. Arbitrary objects will no longer be allowed to be loaded via this mode unless they are explicitly allowlisted by the user via `torch.serialization.add_safe_globals`. We recommend you start setting `weights_only=True` for any use case where you don't have full control of the loaded file. Please open an issue on GitHub for any issues related to this experimental feature.
  model.load_state_dict(torch.load(ck, map_location=device))
[decoders] epoch   1/8  train=0.0688  per_block(train)=[0.0063 0.0070 0.0114 0.0167 0.0274]  (57.2s)
[decoders] epoch   8/8  train=0.0311  per_block(train)=[0.0008 0.0021 0.0047 0.0085 0.0151]  (57.5s)
locfre reference stats fitted on 2048 in-dist images (blocks [1, 3])
-> fused=0.7775  cutpaste=0.6191  bias_p95=0.6378  locfre_b3=0.7565  energy=0.7472  gender_acc=0.980  (823s)
================================================================
[18/30] scar=0.5 area=(0.02, 0.08) p=0.5 w=2
CutPaste pretext on: {'prob': 0.5, 'area_range': (0.02, 0.08), 'aspect_range': (0.3, 3.3), 'scar_prob': 0.5}  loss_weight=2
No validation set — running the full 6-epoch schedule with no early stopping; final-epoch weights are kept.
epoch   1/6  train_loss=1.5138  train_gender_acc=91.8%  train_attr_acc=[75.0 86.6 88.1 80.1 80.1 82.4]%  (55.5s)
epoch   3/6  train_loss=0.8667  train_gender_acc=96.9%  train_attr_acc=[79.3 90.7 88.6 82.4 90.7 86.1]%  (55.2s)
epoch   6/6  train_loss=0.7307  train_gender_acc=97.8%  train_attr_acc=[81.5 91.3 89.3 83.5 91.9 87.6]%  (55.1s)
/home/ybahaddo/lrad/scripts/run_gridsearch.py:252: FutureWarning: You are using `torch.load` with `weights_only=False` (the current default value), which uses the default pickle module implicitly. It is possible to construct malicious pickle data which will execute arbitrary code during unpickling (See https://github.com/pytorch/pytorch/blob/main/SECURITY.md#untrusted-models for more details). In a future release, the default value for `weights_only` will be flipped to `True`. This limits the functions that could be executed during unpickling. Arbitrary objects will no longer be allowed to be loaded via this mode unless they are explicitly allowlisted by the user via `torch.serialization.add_safe_globals`. We recommend you start setting `weights_only=True` for any use case where you don't have full control of the loaded file. Please open an issue on GitHub for any issues related to this experimental feature.
  model.load_state_dict(torch.load(ck, map_location=device))
/home/ybahaddo/lrad/scripts/run_gridsearch.py:252: FutureWarning: You are using `torch.load` with `weights_only=False` (the current default value), which uses the default pickle module implicitly. It is possible to construct malicious pickle data which will execute arbitrary code during unpickling (See https://github.com/pytorch/pytorch/blob/main/SECURITY.md#untrusted-models for more details). In a future release, the default value for `weights_only` will be flipped to `True`. This limits the functions that could be executed during unpickling. Arbitrary objects will no longer be allowed to be loaded via this mode unless they are explicitly allowlisted by the user via `torch.serialization.add_safe_globals`. We recommend you start setting `weights_only=True` for any use case where you don't have full control of the loaded file. Please open an issue on GitHub for any issues related to this experimental feature.
  model.load_state_dict(torch.load(ck, map_location=device))
/home/ybahaddo/lrad/scripts/run_gridsearch.py:252: FutureWarning: You are using `torch.load` with `weights_only=False` (the current default value), which uses the default pickle module implicitly. It is possible to construct malicious pickle data which will execute arbitrary code during unpickling (See https://github.com/pytorch/pytorch/blob/main/SECURITY.md#untrusted-models for more details). In a future release, the default value for `weights_only` will be flipped to `True`. This limits the functions that could be executed during unpickling. Arbitrary objects will no longer be allowed to be loaded via this mode unless they are explicitly allowlisted by the user via `torch.serialization.add_safe_globals`. We recommend you start setting `weights_only=True` for any use case where you don't have full control of the loaded file. Please open an issue on GitHub for any issues related to this experimental feature.
  model.load_state_dict(torch.load(ck, map_location=device))
/home/ybahaddo/lrad/scripts/run_gridsearch.py:252: FutureWarning: You are using `torch.load` with `weights_only=False` (the current default value), which uses the default pickle module implicitly. It is possible to construct malicious pickle data which will execute arbitrary code during unpickling (See https://github.com/pytorch/pytorch/blob/main/SECURITY.md#untrusted-models for more details). In a future release, the default value for `weights_only` will be flipped to `True`. This limits the functions that could be executed during unpickling. Arbitrary objects will no longer be allowed to be loaded via this mode unless they are explicitly allowlisted by the user via `torch.serialization.add_safe_globals`. We recommend you start setting `weights_only=True` for any use case where you don't have full control of the loaded file. Please open an issue on GitHub for any issues related to this experimental feature.
  model.load_state_dict(torch.load(ck, map_location=device))
/home/ybahaddo/lrad/scripts/run_gridsearch.py:252: FutureWarning: You are using `torch.load` with `weights_only=False` (the current default value), which uses the default pickle module implicitly. It is possible to construct malicious pickle data which will execute arbitrary code during unpickling (See https://github.com/pytorch/pytorch/blob/main/SECURITY.md#untrusted-models for more details). In a future release, the default value for `weights_only` will be flipped to `True`. This limits the functions that could be executed during unpickling. Arbitrary objects will no longer be allowed to be loaded via this mode unless they are explicitly allowlisted by the user via `torch.serialization.add_safe_globals`. We recommend you start setting `weights_only=True` for any use case where you don't have full control of the loaded file. Please open an issue on GitHub for any issues related to this experimental feature.
  model.load_state_dict(torch.load(ck, map_location=device))
/home/ybahaddo/lrad/scripts/run_gridsearch.py:252: FutureWarning: You are using `torch.load` with `weights_only=False` (the current default value), which uses the default pickle module implicitly. It is possible to construct malicious pickle data which will execute arbitrary code during unpickling (See https://github.com/pytorch/pytorch/blob/main/SECURITY.md#untrusted-models for more details). In a future release, the default value for `weights_only` will be flipped to `True`. This limits the functions that could be executed during unpickling. Arbitrary objects will no longer be allowed to be loaded via this mode unless they are explicitly allowlisted by the user via `torch.serialization.add_safe_globals`. We recommend you start setting `weights_only=True` for any use case where you don't have full control of the loaded file. Please open an issue on GitHub for any issues related to this experimental feature.
  model.load_state_dict(torch.load(ck, map_location=device))
[decoders] epoch   1/8  train=0.0709  per_block(train)=[0.0063 0.0068 0.0115 0.0172 0.0292]  (57.5s)
[decoders] epoch   8/8  train=0.0324  per_block(train)=[0.0008 0.0020 0.0047 0.0088 0.0161]  (57.4s)
locfre reference stats fitted on 2048 in-dist images (blocks [1, 3])
-> fused=0.7473  cutpaste=0.5793  bias_p95=0.6432  locfre_b3=0.7493  energy=0.6790  gender_acc=0.978  (821s)
================================================================
[19/30] scar=0.5 area=(0.05, 0.15) p=0.3 w=0.5
CutPaste pretext on: {'prob': 0.3, 'area_range': (0.05, 0.15), 'aspect_range': (0.3, 3.3), 'scar_prob': 0.5}  loss_weight=0.5
No validation set — running the full 6-epoch schedule with no early stopping; final-epoch weights are kept.
epoch   1/6  train_loss=1.0470  train_gender_acc=93.5%  train_attr_acc=[76.3 87.7 88.1 80.5 84.2 83.4]%  (54.9s)
epoch   3/6  train_loss=0.7083  train_gender_acc=97.4%  train_attr_acc=[81.0 91.0 89.0 82.8 91.6 87.2]%  (55.4s)
epoch   6/6  train_loss=0.6138  train_gender_acc=98.4%  train_attr_acc=[82.8 91.8 89.6 83.9 92.7 88.8]%  (55.4s)
/home/ybahaddo/lrad/scripts/run_gridsearch.py:252: FutureWarning: You are using `torch.load` with `weights_only=False` (the current default value), which uses the default pickle module implicitly. It is possible to construct malicious pickle data which will execute arbitrary code during unpickling (See https://github.com/pytorch/pytorch/blob/main/SECURITY.md#untrusted-models for more details). In a future release, the default value for `weights_only` will be flipped to `True`. This limits the functions that could be executed during unpickling. Arbitrary objects will no longer be allowed to be loaded via this mode unless they are explicitly allowlisted by the user via `torch.serialization.add_safe_globals`. We recommend you start setting `weights_only=True` for any use case where you don't have full control of the loaded file. Please open an issue on GitHub for any issues related to this experimental feature.
  model.load_state_dict(torch.load(ck, map_location=device))
/home/ybahaddo/lrad/scripts/run_gridsearch.py:252: FutureWarning: You are using `torch.load` with `weights_only=False` (the current default value), which uses the default pickle module implicitly. It is possible to construct malicious pickle data which will execute arbitrary code during unpickling (See https://github.com/pytorch/pytorch/blob/main/SECURITY.md#untrusted-models for more details). In a future release, the default value for `weights_only` will be flipped to `True`. This limits the functions that could be executed during unpickling. Arbitrary objects will no longer be allowed to be loaded via this mode unless they are explicitly allowlisted by the user via `torch.serialization.add_safe_globals`. We recommend you start setting `weights_only=True` for any use case where you don't have full control of the loaded file. Please open an issue on GitHub for any issues related to this experimental feature.
  model.load_state_dict(torch.load(ck, map_location=device))
/home/ybahaddo/lrad/scripts/run_gridsearch.py:252: FutureWarning: You are using `torch.load` with `weights_only=False` (the current default value), which uses the default pickle module implicitly. It is possible to construct malicious pickle data which will execute arbitrary code during unpickling (See https://github.com/pytorch/pytorch/blob/main/SECURITY.md#untrusted-models for more details). In a future release, the default value for `weights_only` will be flipped to `True`. This limits the functions that could be executed during unpickling. Arbitrary objects will no longer be allowed to be loaded via this mode unless they are explicitly allowlisted by the user via `torch.serialization.add_safe_globals`. We recommend you start setting `weights_only=True` for any use case where you don't have full control of the loaded file. Please open an issue on GitHub for any issues related to this experimental feature.
  model.load_state_dict(torch.load(ck, map_location=device))
/home/ybahaddo/lrad/scripts/run_gridsearch.py:252: FutureWarning: You are using `torch.load` with `weights_only=False` (the current default value), which uses the default pickle module implicitly. It is possible to construct malicious pickle data which will execute arbitrary code during unpickling (See https://github.com/pytorch/pytorch/blob/main/SECURITY.md#untrusted-models for more details). In a future release, the default value for `weights_only` will be flipped to `True`. This limits the functions that could be executed during unpickling. Arbitrary objects will no longer be allowed to be loaded via this mode unless they are explicitly allowlisted by the user via `torch.serialization.add_safe_globals`. We recommend you start setting `weights_only=True` for any use case where you don't have full control of the loaded file. Please open an issue on GitHub for any issues related to this experimental feature.
  model.load_state_dict(torch.load(ck, map_location=device))
/home/ybahaddo/lrad/scripts/run_gridsearch.py:252: FutureWarning: You are using `torch.load` with `weights_only=False` (the current default value), which uses the default pickle module implicitly. It is possible to construct malicious pickle data which will execute arbitrary code during unpickling (See https://github.com/pytorch/pytorch/blob/main/SECURITY.md#untrusted-models for more details). In a future release, the default value for `weights_only` will be flipped to `True`. This limits the functions that could be executed during unpickling. Arbitrary objects will no longer be allowed to be loaded via this mode unless they are explicitly allowlisted by the user via `torch.serialization.add_safe_globals`. We recommend you start setting `weights_only=True` for any use case where you don't have full control of the loaded file. Please open an issue on GitHub for any issues related to this experimental feature.
  model.load_state_dict(torch.load(ck, map_location=device))
/home/ybahaddo/lrad/scripts/run_gridsearch.py:252: FutureWarning: You are using `torch.load` with `weights_only=False` (the current default value), which uses the default pickle module implicitly. It is possible to construct malicious pickle data which will execute arbitrary code during unpickling (See https://github.com/pytorch/pytorch/blob/main/SECURITY.md#untrusted-models for more details). In a future release, the default value for `weights_only` will be flipped to `True`. This limits the functions that could be executed during unpickling. Arbitrary objects will no longer be allowed to be loaded via this mode unless they are explicitly allowlisted by the user via `torch.serialization.add_safe_globals`. We recommend you start setting `weights_only=True` for any use case where you don't have full control of the loaded file. Please open an issue on GitHub for any issues related to this experimental feature.
  model.load_state_dict(torch.load(ck, map_location=device))
[decoders] epoch   1/8  train=0.0700  per_block(train)=[0.0081 0.0083 0.0113 0.0158 0.0266]  (57.4s)
[decoders] epoch   8/8  train=0.0301  per_block(train)=[0.0007 0.0020 0.0045 0.0080 0.0148]  (56.9s)
locfre reference stats fitted on 2048 in-dist images (blocks [1, 3])
-> fused=0.7870  cutpaste=0.6665  bias_p95=0.6418  locfre_b3=0.7671  energy=0.7487  gender_acc=0.984  (820s)
================================================================
[20/30] scar=0.5 area=(0.05, 0.15) p=0.3 w=1
CutPaste pretext on: {'prob': 0.3, 'area_range': (0.05, 0.15), 'aspect_range': (0.3, 3.3), 'scar_prob': 0.5}  loss_weight=1
No validation set — running the full 6-epoch schedule with no early stopping; final-epoch weights are kept.
epoch   1/6  train_loss=1.1666  train_gender_acc=93.1%  train_attr_acc=[75.9 87.3 88.0 80.4 83.2 83.1]%  (54.7s)
epoch   3/6  train_loss=0.7476  train_gender_acc=97.3%  train_attr_acc=[80.8 91.0 88.9 82.7 91.4 87.1]%  (55.3s)
epoch   6/6  train_loss=0.6400  train_gender_acc=98.3%  train_attr_acc=[82.6 91.6 89.6 83.8 92.5 88.6]%  (54.4s)
/home/ybahaddo/lrad/scripts/run_gridsearch.py:252: FutureWarning: You are using `torch.load` with `weights_only=False` (the current default value), which uses the default pickle module implicitly. It is possible to construct malicious pickle data which will execute arbitrary code during unpickling (See https://github.com/pytorch/pytorch/blob/main/SECURITY.md#untrusted-models for more details). In a future release, the default value for `weights_only` will be flipped to `True`. This limits the functions that could be executed during unpickling. Arbitrary objects will no longer be allowed to be loaded via this mode unless they are explicitly allowlisted by the user via `torch.serialization.add_safe_globals`. We recommend you start setting `weights_only=True` for any use case where you don't have full control of the loaded file. Please open an issue on GitHub for any issues related to this experimental feature.
  model.load_state_dict(torch.load(ck, map_location=device))
/home/ybahaddo/lrad/scripts/run_gridsearch.py:252: FutureWarning: You are using `torch.load` with `weights_only=False` (the current default value), which uses the default pickle module implicitly. It is possible to construct malicious pickle data which will execute arbitrary code during unpickling (See https://github.com/pytorch/pytorch/blob/main/SECURITY.md#untrusted-models for more details). In a future release, the default value for `weights_only` will be flipped to `True`. This limits the functions that could be executed during unpickling. Arbitrary objects will no longer be allowed to be loaded via this mode unless they are explicitly allowlisted by the user via `torch.serialization.add_safe_globals`. We recommend you start setting `weights_only=True` for any use case where you don't have full control of the loaded file. Please open an issue on GitHub for any issues related to this experimental feature.
  model.load_state_dict(torch.load(ck, map_location=device))
/home/ybahaddo/lrad/scripts/run_gridsearch.py:252: FutureWarning: You are using `torch.load` with `weights_only=False` (the current default value), which uses the default pickle module implicitly. It is possible to construct malicious pickle data which will execute arbitrary code during unpickling (See https://github.com/pytorch/pytorch/blob/main/SECURITY.md#untrusted-models for more details). In a future release, the default value for `weights_only` will be flipped to `True`. This limits the functions that could be executed during unpickling. Arbitrary objects will no longer be allowed to be loaded via this mode unless they are explicitly allowlisted by the user via `torch.serialization.add_safe_globals`. We recommend you start setting `weights_only=True` for any use case where you don't have full control of the loaded file. Please open an issue on GitHub for any issues related to this experimental feature.
  model.load_state_dict(torch.load(ck, map_location=device))
/home/ybahaddo/lrad/scripts/run_gridsearch.py:252: FutureWarning: You are using `torch.load` with `weights_only=False` (the current default value), which uses the default pickle module implicitly. It is possible to construct malicious pickle data which will execute arbitrary code during unpickling (See https://github.com/pytorch/pytorch/blob/main/SECURITY.md#untrusted-models for more details). In a future release, the default value for `weights_only` will be flipped to `True`. This limits the functions that could be executed during unpickling. Arbitrary objects will no longer be allowed to be loaded via this mode unless they are explicitly allowlisted by the user via `torch.serialization.add_safe_globals`. We recommend you start setting `weights_only=True` for any use case where you don't have full control of the loaded file. Please open an issue on GitHub for any issues related to this experimental feature.
  model.load_state_dict(torch.load(ck, map_location=device))
/home/ybahaddo/lrad/scripts/run_gridsearch.py:252: FutureWarning: You are using `torch.load` with `weights_only=False` (the current default value), which uses the default pickle module implicitly. It is possible to construct malicious pickle data which will execute arbitrary code during unpickling (See https://github.com/pytorch/pytorch/blob/main/SECURITY.md#untrusted-models for more details). In a future release, the default value for `weights_only` will be flipped to `True`. This limits the functions that could be executed during unpickling. Arbitrary objects will no longer be allowed to be loaded via this mode unless they are explicitly allowlisted by the user via `torch.serialization.add_safe_globals`. We recommend you start setting `weights_only=True` for any use case where you don't have full control of the loaded file. Please open an issue on GitHub for any issues related to this experimental feature.
  model.load_state_dict(torch.load(ck, map_location=device))
/home/ybahaddo/lrad/scripts/run_gridsearch.py:252: FutureWarning: You are using `torch.load` with `weights_only=False` (the current default value), which uses the default pickle module implicitly. It is possible to construct malicious pickle data which will execute arbitrary code during unpickling (See https://github.com/pytorch/pytorch/blob/main/SECURITY.md#untrusted-models for more details). In a future release, the default value for `weights_only` will be flipped to `True`. This limits the functions that could be executed during unpickling. Arbitrary objects will no longer be allowed to be loaded via this mode unless they are explicitly allowlisted by the user via `torch.serialization.add_safe_globals`. We recommend you start setting `weights_only=True` for any use case where you don't have full control of the loaded file. Please open an issue on GitHub for any issues related to this experimental feature.
  model.load_state_dict(torch.load(ck, map_location=device))
[decoders] epoch   1/8  train=0.0708  per_block(train)=[0.0080 0.0084 0.0115 0.0161 0.0268]  (58.1s)
[decoders] epoch   8/8  train=0.0308  per_block(train)=[0.0007 0.0021 0.0046 0.0083 0.0151]  (57.5s)
locfre reference stats fitted on 2048 in-dist images (blocks [1, 3])
-> fused=0.7777  cutpaste=0.6063  bias_p95=0.6398  locfre_b3=0.7667  energy=0.7447  gender_acc=0.983  (824s)
================================================================
[21/30] scar=0.5 area=(0.05, 0.15) p=0.3 w=2
CutPaste pretext on: {'prob': 0.3, 'area_range': (0.05, 0.15), 'aspect_range': (0.3, 3.3), 'scar_prob': 0.5}  loss_weight=2
No validation set — running the full 6-epoch schedule with no early stopping; final-epoch weights are kept.
epoch   1/6  train_loss=1.3869  train_gender_acc=92.3%  train_attr_acc=[75.3 86.7 88.0 80.1 81.4 82.6]%  (55.8s)
epoch   3/6  train_loss=0.8235  train_gender_acc=97.0%  train_attr_acc=[80.2 90.8 88.6 82.4 91.1 86.6]%  (55.2s)
epoch   6/6  train_loss=0.6896  train_gender_acc=98.1%  train_attr_acc=[82.1 91.5 89.4 83.6 92.2 88.2]%  (54.9s)
/home/ybahaddo/lrad/scripts/run_gridsearch.py:252: FutureWarning: You are using `torch.load` with `weights_only=False` (the current default value), which uses the default pickle module implicitly. It is possible to construct malicious pickle data which will execute arbitrary code during unpickling (See https://github.com/pytorch/pytorch/blob/main/SECURITY.md#untrusted-models for more details). In a future release, the default value for `weights_only` will be flipped to `True`. This limits the functions that could be executed during unpickling. Arbitrary objects will no longer be allowed to be loaded via this mode unless they are explicitly allowlisted by the user via `torch.serialization.add_safe_globals`. We recommend you start setting `weights_only=True` for any use case where you don't have full control of the loaded file. Please open an issue on GitHub for any issues related to this experimental feature.
  model.load_state_dict(torch.load(ck, map_location=device))
/home/ybahaddo/lrad/scripts/run_gridsearch.py:252: FutureWarning: You are using `torch.load` with `weights_only=False` (the current default value), which uses the default pickle module implicitly. It is possible to construct malicious pickle data which will execute arbitrary code during unpickling (See https://github.com/pytorch/pytorch/blob/main/SECURITY.md#untrusted-models for more details). In a future release, the default value for `weights_only` will be flipped to `True`. This limits the functions that could be executed during unpickling. Arbitrary objects will no longer be allowed to be loaded via this mode unless they are explicitly allowlisted by the user via `torch.serialization.add_safe_globals`. We recommend you start setting `weights_only=True` for any use case where you don't have full control of the loaded file. Please open an issue on GitHub for any issues related to this experimental feature.
  model.load_state_dict(torch.load(ck, map_location=device))
/home/ybahaddo/lrad/scripts/run_gridsearch.py:252: FutureWarning: You are using `torch.load` with `weights_only=False` (the current default value), which uses the default pickle module implicitly. It is possible to construct malicious pickle data which will execute arbitrary code during unpickling (See https://github.com/pytorch/pytorch/blob/main/SECURITY.md#untrusted-models for more details). In a future release, the default value for `weights_only` will be flipped to `True`. This limits the functions that could be executed during unpickling. Arbitrary objects will no longer be allowed to be loaded via this mode unless they are explicitly allowlisted by the user via `torch.serialization.add_safe_globals`. We recommend you start setting `weights_only=True` for any use case where you don't have full control of the loaded file. Please open an issue on GitHub for any issues related to this experimental feature.
  model.load_state_dict(torch.load(ck, map_location=device))
/home/ybahaddo/lrad/scripts/run_gridsearch.py:252: FutureWarning: You are using `torch.load` with `weights_only=False` (the current default value), which uses the default pickle module implicitly. It is possible to construct malicious pickle data which will execute arbitrary code during unpickling (See https://github.com/pytorch/pytorch/blob/main/SECURITY.md#untrusted-models for more details). In a future release, the default value for `weights_only` will be flipped to `True`. This limits the functions that could be executed during unpickling. Arbitrary objects will no longer be allowed to be loaded via this mode unless they are explicitly allowlisted by the user via `torch.serialization.add_safe_globals`. We recommend you start setting `weights_only=True` for any use case where you don't have full control of the loaded file. Please open an issue on GitHub for any issues related to this experimental feature.
  model.load_state_dict(torch.load(ck, map_location=device))
/home/ybahaddo/lrad/scripts/run_gridsearch.py:252: FutureWarning: You are using `torch.load` with `weights_only=False` (the current default value), which uses the default pickle module implicitly. It is possible to construct malicious pickle data which will execute arbitrary code during unpickling (See https://github.com/pytorch/pytorch/blob/main/SECURITY.md#untrusted-models for more details). In a future release, the default value for `weights_only` will be flipped to `True`. This limits the functions that could be executed during unpickling. Arbitrary objects will no longer be allowed to be loaded via this mode unless they are explicitly allowlisted by the user via `torch.serialization.add_safe_globals`. We recommend you start setting `weights_only=True` for any use case where you don't have full control of the loaded file. Please open an issue on GitHub for any issues related to this experimental feature.
  model.load_state_dict(torch.load(ck, map_location=device))
/home/ybahaddo/lrad/scripts/run_gridsearch.py:252: FutureWarning: You are using `torch.load` with `weights_only=False` (the current default value), which uses the default pickle module implicitly. It is possible to construct malicious pickle data which will execute arbitrary code during unpickling (See https://github.com/pytorch/pytorch/blob/main/SECURITY.md#untrusted-models for more details). In a future release, the default value for `weights_only` will be flipped to `True`. This limits the functions that could be executed during unpickling. Arbitrary objects will no longer be allowed to be loaded via this mode unless they are explicitly allowlisted by the user via `torch.serialization.add_safe_globals`. We recommend you start setting `weights_only=True` for any use case where you don't have full control of the loaded file. Please open an issue on GitHub for any issues related to this experimental feature.
  model.load_state_dict(torch.load(ck, map_location=device))
[decoders] epoch   1/8  train=0.0720  per_block(train)=[0.0082 0.0084 0.0114 0.0165 0.0275]  (57.0s)
[decoders] epoch   8/8  train=0.0315  per_block(train)=[0.0008 0.0020 0.0047 0.0085 0.0154]  (57.4s)
locfre reference stats fitted on 2048 in-dist images (blocks [1, 3])
-> fused=0.7833  cutpaste=0.6073  bias_p95=0.6470  locfre_b3=0.7433  energy=0.7709  gender_acc=0.981  (824s)
================================================================
[22/30] scar=0.5 area=(0.05, 0.15) p=0.5 w=0.5
CutPaste pretext on: {'prob': 0.5, 'area_range': (0.05, 0.15), 'aspect_range': (0.3, 3.3), 'scar_prob': 0.5}  loss_weight=0.5
No validation set — running the full 6-epoch schedule with no early stopping; final-epoch weights are kept.
epoch   1/6  train_loss=1.0924  train_gender_acc=93.0%  train_attr_acc=[75.8 87.5 88.1 80.5 83.1 83.2]%  (55.7s)
epoch   3/6  train_loss=0.7312  train_gender_acc=97.3%  train_attr_acc=[80.5 90.9 88.9 82.6 91.3 86.8]%  (55.5s)
epoch   6/6  train_loss=0.6421  train_gender_acc=98.2%  train_attr_acc=[82.3 91.5 89.5 83.7 92.4 88.2]%  (55.6s)
/home/ybahaddo/lrad/scripts/run_gridsearch.py:252: FutureWarning: You are using `torch.load` with `weights_only=False` (the current default value), which uses the default pickle module implicitly. It is possible to construct malicious pickle data which will execute arbitrary code during unpickling (See https://github.com/pytorch/pytorch/blob/main/SECURITY.md#untrusted-models for more details). In a future release, the default value for `weights_only` will be flipped to `True`. This limits the functions that could be executed during unpickling. Arbitrary objects will no longer be allowed to be loaded via this mode unless they are explicitly allowlisted by the user via `torch.serialization.add_safe_globals`. We recommend you start setting `weights_only=True` for any use case where you don't have full control of the loaded file. Please open an issue on GitHub for any issues related to this experimental feature.
  model.load_state_dict(torch.load(ck, map_location=device))
/home/ybahaddo/lrad/scripts/run_gridsearch.py:252: FutureWarning: You are using `torch.load` with `weights_only=False` (the current default value), which uses the default pickle module implicitly. It is possible to construct malicious pickle data which will execute arbitrary code during unpickling (See https://github.com/pytorch/pytorch/blob/main/SECURITY.md#untrusted-models for more details). In a future release, the default value for `weights_only` will be flipped to `True`. This limits the functions that could be executed during unpickling. Arbitrary objects will no longer be allowed to be loaded via this mode unless they are explicitly allowlisted by the user via `torch.serialization.add_safe_globals`. We recommend you start setting `weights_only=True` for any use case where you don't have full control of the loaded file. Please open an issue on GitHub for any issues related to this experimental feature.
  model.load_state_dict(torch.load(ck, map_location=device))
/home/ybahaddo/lrad/scripts/run_gridsearch.py:252: FutureWarning: You are using `torch.load` with `weights_only=False` (the current default value), which uses the default pickle module implicitly. It is possible to construct malicious pickle data which will execute arbitrary code during unpickling (See https://github.com/pytorch/pytorch/blob/main/SECURITY.md#untrusted-models for more details). In a future release, the default value for `weights_only` will be flipped to `True`. This limits the functions that could be executed during unpickling. Arbitrary objects will no longer be allowed to be loaded via this mode unless they are explicitly allowlisted by the user via `torch.serialization.add_safe_globals`. We recommend you start setting `weights_only=True` for any use case where you don't have full control of the loaded file. Please open an issue on GitHub for any issues related to this experimental feature.
  model.load_state_dict(torch.load(ck, map_location=device))
/home/ybahaddo/lrad/scripts/run_gridsearch.py:252: FutureWarning: You are using `torch.load` with `weights_only=False` (the current default value), which uses the default pickle module implicitly. It is possible to construct malicious pickle data which will execute arbitrary code during unpickling (See https://github.com/pytorch/pytorch/blob/main/SECURITY.md#untrusted-models for more details). In a future release, the default value for `weights_only` will be flipped to `True`. This limits the functions that could be executed during unpickling. Arbitrary objects will no longer be allowed to be loaded via this mode unless they are explicitly allowlisted by the user via `torch.serialization.add_safe_globals`. We recommend you start setting `weights_only=True` for any use case where you don't have full control of the loaded file. Please open an issue on GitHub for any issues related to this experimental feature.
  model.load_state_dict(torch.load(ck, map_location=device))
/home/ybahaddo/lrad/scripts/run_gridsearch.py:252: FutureWarning: You are using `torch.load` with `weights_only=False` (the current default value), which uses the default pickle module implicitly. It is possible to construct malicious pickle data which will execute arbitrary code during unpickling (See https://github.com/pytorch/pytorch/blob/main/SECURITY.md#untrusted-models for more details). In a future release, the default value for `weights_only` will be flipped to `True`. This limits the functions that could be executed during unpickling. Arbitrary objects will no longer be allowed to be loaded via this mode unless they are explicitly allowlisted by the user via `torch.serialization.add_safe_globals`. We recommend you start setting `weights_only=True` for any use case where you don't have full control of the loaded file. Please open an issue on GitHub for any issues related to this experimental feature.
  model.load_state_dict(torch.load(ck, map_location=device))
/home/ybahaddo/lrad/scripts/run_gridsearch.py:252: FutureWarning: You are using `torch.load` with `weights_only=False` (the current default value), which uses the default pickle module implicitly. It is possible to construct malicious pickle data which will execute arbitrary code during unpickling (See https://github.com/pytorch/pytorch/blob/main/SECURITY.md#untrusted-models for more details). In a future release, the default value for `weights_only` will be flipped to `True`. This limits the functions that could be executed during unpickling. Arbitrary objects will no longer be allowed to be loaded via this mode unless they are explicitly allowlisted by the user via `torch.serialization.add_safe_globals`. We recommend you start setting `weights_only=True` for any use case where you don't have full control of the loaded file. Please open an issue on GitHub for any issues related to this experimental feature.
  model.load_state_dict(torch.load(ck, map_location=device))
[decoders] epoch   1/8  train=0.0680  per_block(train)=[0.0062 0.0069 0.0113 0.0164 0.0272]  (56.6s)
[decoders] epoch   8/8  train=0.0303  per_block(train)=[0.0007 0.0020 0.0045 0.0082 0.0148]  (57.5s)
locfre reference stats fitted on 2048 in-dist images (blocks [1, 3])
-> fused=0.7903  cutpaste=0.6669  bias_p95=0.6405  locfre_b3=0.7614  energy=0.7568  gender_acc=0.982  (826s)
================================================================
[23/30] scar=0.5 area=(0.05, 0.15) p=0.5 w=1
CutPaste pretext on: {'prob': 0.5, 'area_range': (0.05, 0.15), 'aspect_range': (0.3, 3.3), 'scar_prob': 0.5}  loss_weight=1
No validation set — running the full 6-epoch schedule with no early stopping; final-epoch weights are kept.
epoch   1/6  train_loss=1.2268  train_gender_acc=92.6%  train_attr_acc=[75.5 87.2 88.1 80.3 82.1 82.9]%  (55.9s)
epoch   3/6  train_loss=0.7764  train_gender_acc=97.1%  train_attr_acc=[80.1 90.9 88.8 82.5 91.2 86.6]%  (55.8s)
epoch   6/6  train_loss=0.6714  train_gender_acc=98.0%  train_attr_acc=[82.0 91.4 89.4 83.6 92.2 88.1]%  (55.5s)
/home/ybahaddo/lrad/scripts/run_gridsearch.py:252: FutureWarning: You are using `torch.load` with `weights_only=False` (the current default value), which uses the default pickle module implicitly. It is possible to construct malicious pickle data which will execute arbitrary code during unpickling (See https://github.com/pytorch/pytorch/blob/main/SECURITY.md#untrusted-models for more details). In a future release, the default value for `weights_only` will be flipped to `True`. This limits the functions that could be executed during unpickling. Arbitrary objects will no longer be allowed to be loaded via this mode unless they are explicitly allowlisted by the user via `torch.serialization.add_safe_globals`. We recommend you start setting `weights_only=True` for any use case where you don't have full control of the loaded file. Please open an issue on GitHub for any issues related to this experimental feature.
  model.load_state_dict(torch.load(ck, map_location=device))
/home/ybahaddo/lrad/scripts/run_gridsearch.py:252: FutureWarning: You are using `torch.load` with `weights_only=False` (the current default value), which uses the default pickle module implicitly. It is possible to construct malicious pickle data which will execute arbitrary code during unpickling (See https://github.com/pytorch/pytorch/blob/main/SECURITY.md#untrusted-models for more details). In a future release, the default value for `weights_only` will be flipped to `True`. This limits the functions that could be executed during unpickling. Arbitrary objects will no longer be allowed to be loaded via this mode unless they are explicitly allowlisted by the user via `torch.serialization.add_safe_globals`. We recommend you start setting `weights_only=True` for any use case where you don't have full control of the loaded file. Please open an issue on GitHub for any issues related to this experimental feature.
  model.load_state_dict(torch.load(ck, map_location=device))
/home/ybahaddo/lrad/scripts/run_gridsearch.py:252: FutureWarning: You are using `torch.load` with `weights_only=False` (the current default value), which uses the default pickle module implicitly. It is possible to construct malicious pickle data which will execute arbitrary code during unpickling (See https://github.com/pytorch/pytorch/blob/main/SECURITY.md#untrusted-models for more details). In a future release, the default value for `weights_only` will be flipped to `True`. This limits the functions that could be executed during unpickling. Arbitrary objects will no longer be allowed to be loaded via this mode unless they are explicitly allowlisted by the user via `torch.serialization.add_safe_globals`. We recommend you start setting `weights_only=True` for any use case where you don't have full control of the loaded file. Please open an issue on GitHub for any issues related to this experimental feature.
  model.load_state_dict(torch.load(ck, map_location=device))
/home/ybahaddo/lrad/scripts/run_gridsearch.py:252: FutureWarning: You are using `torch.load` with `weights_only=False` (the current default value), which uses the default pickle module implicitly. It is possible to construct malicious pickle data which will execute arbitrary code during unpickling (See https://github.com/pytorch/pytorch/blob/main/SECURITY.md#untrusted-models for more details). In a future release, the default value for `weights_only` will be flipped to `True`. This limits the functions that could be executed during unpickling. Arbitrary objects will no longer be allowed to be loaded via this mode unless they are explicitly allowlisted by the user via `torch.serialization.add_safe_globals`. We recommend you start setting `weights_only=True` for any use case where you don't have full control of the loaded file. Please open an issue on GitHub for any issues related to this experimental feature.
  model.load_state_dict(torch.load(ck, map_location=device))
/home/ybahaddo/lrad/scripts/run_gridsearch.py:252: FutureWarning: You are using `torch.load` with `weights_only=False` (the current default value), which uses the default pickle module implicitly. It is possible to construct malicious pickle data which will execute arbitrary code during unpickling (See https://github.com/pytorch/pytorch/blob/main/SECURITY.md#untrusted-models for more details). In a future release, the default value for `weights_only` will be flipped to `True`. This limits the functions that could be executed during unpickling. Arbitrary objects will no longer be allowed to be loaded via this mode unless they are explicitly allowlisted by the user via `torch.serialization.add_safe_globals`. We recommend you start setting `weights_only=True` for any use case where you don't have full control of the loaded file. Please open an issue on GitHub for any issues related to this experimental feature.
  model.load_state_dict(torch.load(ck, map_location=device))
/home/ybahaddo/lrad/scripts/run_gridsearch.py:252: FutureWarning: You are using `torch.load` with `weights_only=False` (the current default value), which uses the default pickle module implicitly. It is possible to construct malicious pickle data which will execute arbitrary code during unpickling (See https://github.com/pytorch/pytorch/blob/main/SECURITY.md#untrusted-models for more details). In a future release, the default value for `weights_only` will be flipped to `True`. This limits the functions that could be executed during unpickling. Arbitrary objects will no longer be allowed to be loaded via this mode unless they are explicitly allowlisted by the user via `torch.serialization.add_safe_globals`. We recommend you start setting `weights_only=True` for any use case where you don't have full control of the loaded file. Please open an issue on GitHub for any issues related to this experimental feature.
  model.load_state_dict(torch.load(ck, map_location=device))
[decoders] epoch   1/8  train=0.0690  per_block(train)=[0.0063 0.0069 0.0114 0.0166 0.0278]  (59.3s)
[decoders] epoch   8/8  train=0.0312  per_block(train)=[0.0007 0.0021 0.0046 0.0085 0.0153]  (57.8s)
locfre reference stats fitted on 2048 in-dist images (blocks [1, 3])
-> fused=0.7656  cutpaste=0.6178  bias_p95=0.6438  locfre_b3=0.7565  energy=0.6807  gender_acc=0.980  (828s)
================================================================
[24/30] scar=0.5 area=(0.05, 0.15) p=0.5 w=2
CutPaste pretext on: {'prob': 0.5, 'area_range': (0.05, 0.15), 'aspect_range': (0.3, 3.3), 'scar_prob': 0.5}  loss_weight=2
No validation set — running the full 6-epoch schedule with no early stopping; final-epoch weights are kept.
epoch   1/6  train_loss=1.4761  train_gender_acc=91.8%  train_attr_acc=[75.0 86.7 88.1 80.1 80.1 82.4]%  (62.1s)
epoch   3/6  train_loss=0.8604  train_gender_acc=96.9%  train_attr_acc=[79.6 90.7 88.6 82.3 90.9 86.1]%  (58.9s)
epoch   6/6  train_loss=0.7245  train_gender_acc=97.8%  train_attr_acc=[81.6 91.2 89.2 83.5 91.9 87.7]%  (55.7s)
/home/ybahaddo/lrad/scripts/run_gridsearch.py:252: FutureWarning: You are using `torch.load` with `weights_only=False` (the current default value), which uses the default pickle module implicitly. It is possible to construct malicious pickle data which will execute arbitrary code during unpickling (See https://github.com/pytorch/pytorch/blob/main/SECURITY.md#untrusted-models for more details). In a future release, the default value for `weights_only` will be flipped to `True`. This limits the functions that could be executed during unpickling. Arbitrary objects will no longer be allowed to be loaded via this mode unless they are explicitly allowlisted by the user via `torch.serialization.add_safe_globals`. We recommend you start setting `weights_only=True` for any use case where you don't have full control of the loaded file. Please open an issue on GitHub for any issues related to this experimental feature.
  model.load_state_dict(torch.load(ck, map_location=device))
/home/ybahaddo/lrad/scripts/run_gridsearch.py:252: FutureWarning: You are using `torch.load` with `weights_only=False` (the current default value), which uses the default pickle module implicitly. It is possible to construct malicious pickle data which will execute arbitrary code during unpickling (See https://github.com/pytorch/pytorch/blob/main/SECURITY.md#untrusted-models for more details). In a future release, the default value for `weights_only` will be flipped to `True`. This limits the functions that could be executed during unpickling. Arbitrary objects will no longer be allowed to be loaded via this mode unless they are explicitly allowlisted by the user via `torch.serialization.add_safe_globals`. We recommend you start setting `weights_only=True` for any use case where you don't have full control of the loaded file. Please open an issue on GitHub for any issues related to this experimental feature.
  model.load_state_dict(torch.load(ck, map_location=device))
/home/ybahaddo/lrad/scripts/run_gridsearch.py:252: FutureWarning: You are using `torch.load` with `weights_only=False` (the current default value), which uses the default pickle module implicitly. It is possible to construct malicious pickle data which will execute arbitrary code during unpickling (See https://github.com/pytorch/pytorch/blob/main/SECURITY.md#untrusted-models for more details). In a future release, the default value for `weights_only` will be flipped to `True`. This limits the functions that could be executed during unpickling. Arbitrary objects will no longer be allowed to be loaded via this mode unless they are explicitly allowlisted by the user via `torch.serialization.add_safe_globals`. We recommend you start setting `weights_only=True` for any use case where you don't have full control of the loaded file. Please open an issue on GitHub for any issues related to this experimental feature.
  model.load_state_dict(torch.load(ck, map_location=device))
/home/ybahaddo/lrad/scripts/run_gridsearch.py:252: FutureWarning: You are using `torch.load` with `weights_only=False` (the current default value), which uses the default pickle module implicitly. It is possible to construct malicious pickle data which will execute arbitrary code during unpickling (See https://github.com/pytorch/pytorch/blob/main/SECURITY.md#untrusted-models for more details). In a future release, the default value for `weights_only` will be flipped to `True`. This limits the functions that could be executed during unpickling. Arbitrary objects will no longer be allowed to be loaded via this mode unless they are explicitly allowlisted by the user via `torch.serialization.add_safe_globals`. We recommend you start setting `weights_only=True` for any use case where you don't have full control of the loaded file. Please open an issue on GitHub for any issues related to this experimental feature.
  model.load_state_dict(torch.load(ck, map_location=device))
/home/ybahaddo/lrad/scripts/run_gridsearch.py:252: FutureWarning: You are using `torch.load` with `weights_only=False` (the current default value), which uses the default pickle module implicitly. It is possible to construct malicious pickle data which will execute arbitrary code during unpickling (See https://github.com/pytorch/pytorch/blob/main/SECURITY.md#untrusted-models for more details). In a future release, the default value for `weights_only` will be flipped to `True`. This limits the functions that could be executed during unpickling. Arbitrary objects will no longer be allowed to be loaded via this mode unless they are explicitly allowlisted by the user via `torch.serialization.add_safe_globals`. We recommend you start setting `weights_only=True` for any use case where you don't have full control of the loaded file. Please open an issue on GitHub for any issues related to this experimental feature.
  model.load_state_dict(torch.load(ck, map_location=device))
/home/ybahaddo/lrad/scripts/run_gridsearch.py:252: FutureWarning: You are using `torch.load` with `weights_only=False` (the current default value), which uses the default pickle module implicitly. It is possible to construct malicious pickle data which will execute arbitrary code during unpickling (See https://github.com/pytorch/pytorch/blob/main/SECURITY.md#untrusted-models for more details). In a future release, the default value for `weights_only` will be flipped to `True`. This limits the functions that could be executed during unpickling. Arbitrary objects will no longer be allowed to be loaded via this mode unless they are explicitly allowlisted by the user via `torch.serialization.add_safe_globals`. We recommend you start setting `weights_only=True` for any use case where you don't have full control of the loaded file. Please open an issue on GitHub for any issues related to this experimental feature.
  model.load_state_dict(torch.load(ck, map_location=device))
[decoders] epoch   1/8  train=0.0705  per_block(train)=[0.0063 0.0068 0.0114 0.0169 0.0291]  (57.8s)
[decoders] epoch   8/8  train=0.0320  per_block(train)=[0.0008 0.0020 0.0047 0.0087 0.0159]  (58.7s)
locfre reference stats fitted on 2048 in-dist images (blocks [1, 3])
-> fused=0.7916  cutpaste=0.6685  bias_p95=0.6443  locfre_b3=0.7565  energy=0.7476  gender_acc=0.978  (851s)
================================================================
[25/30] scar=1 area=(0.02, 0.08) p=0.3 w=0.5
CutPaste pretext on: {'prob': 0.3, 'area_range': (0.02, 0.08), 'aspect_range': (0.3, 3.3), 'scar_prob': 1.0}  loss_weight=0.5
No validation set — running the full 6-epoch schedule with no early stopping; final-epoch weights are kept.
epoch   1/6  train_loss=1.0853  train_gender_acc=93.5%  train_attr_acc=[76.3 87.7 88.1 80.5 84.1 83.4]%  (57.8s)
epoch   3/6  train_loss=0.7220  train_gender_acc=97.5%  train_attr_acc=[81.1 91.0 88.9 82.9 91.7 87.2]%  (55.2s)
epoch   6/6  train_loss=0.6247  train_gender_acc=98.5%  train_attr_acc=[82.9 91.7 89.7 83.8 92.6 88.7]%  (55.6s)
/home/ybahaddo/lrad/scripts/run_gridsearch.py:252: FutureWarning: You are using `torch.load` with `weights_only=False` (the current default value), which uses the default pickle module implicitly. It is possible to construct malicious pickle data which will execute arbitrary code during unpickling (See https://github.com/pytorch/pytorch/blob/main/SECURITY.md#untrusted-models for more details). In a future release, the default value for `weights_only` will be flipped to `True`. This limits the functions that could be executed during unpickling. Arbitrary objects will no longer be allowed to be loaded via this mode unless they are explicitly allowlisted by the user via `torch.serialization.add_safe_globals`. We recommend you start setting `weights_only=True` for any use case where you don't have full control of the loaded file. Please open an issue on GitHub for any issues related to this experimental feature.
  model.load_state_dict(torch.load(ck, map_location=device))
/home/ybahaddo/lrad/scripts/run_gridsearch.py:252: FutureWarning: You are using `torch.load` with `weights_only=False` (the current default value), which uses the default pickle module implicitly. It is possible to construct malicious pickle data which will execute arbitrary code during unpickling (See https://github.com/pytorch/pytorch/blob/main/SECURITY.md#untrusted-models for more details). In a future release, the default value for `weights_only` will be flipped to `True`. This limits the functions that could be executed during unpickling. Arbitrary objects will no longer be allowed to be loaded via this mode unless they are explicitly allowlisted by the user via `torch.serialization.add_safe_globals`. We recommend you start setting `weights_only=True` for any use case where you don't have full control of the loaded file. Please open an issue on GitHub for any issues related to this experimental feature.
  model.load_state_dict(torch.load(ck, map_location=device))
/home/ybahaddo/lrad/scripts/run_gridsearch.py:252: FutureWarning: You are using `torch.load` with `weights_only=False` (the current default value), which uses the default pickle module implicitly. It is possible to construct malicious pickle data which will execute arbitrary code during unpickling (See https://github.com/pytorch/pytorch/blob/main/SECURITY.md#untrusted-models for more details). In a future release, the default value for `weights_only` will be flipped to `True`. This limits the functions that could be executed during unpickling. Arbitrary objects will no longer be allowed to be loaded via this mode unless they are explicitly allowlisted by the user via `torch.serialization.add_safe_globals`. We recommend you start setting `weights_only=True` for any use case where you don't have full control of the loaded file. Please open an issue on GitHub for any issues related to this experimental feature.
  model.load_state_dict(torch.load(ck, map_location=device))
/home/ybahaddo/lrad/scripts/run_gridsearch.py:252: FutureWarning: You are using `torch.load` with `weights_only=False` (the current default value), which uses the default pickle module implicitly. It is possible to construct malicious pickle data which will execute arbitrary code during unpickling (See https://github.com/pytorch/pytorch/blob/main/SECURITY.md#untrusted-models for more details). In a future release, the default value for `weights_only` will be flipped to `True`. This limits the functions that could be executed during unpickling. Arbitrary objects will no longer be allowed to be loaded via this mode unless they are explicitly allowlisted by the user via `torch.serialization.add_safe_globals`. We recommend you start setting `weights_only=True` for any use case where you don't have full control of the loaded file. Please open an issue on GitHub for any issues related to this experimental feature.
  model.load_state_dict(torch.load(ck, map_location=device))
/home/ybahaddo/lrad/scripts/run_gridsearch.py:252: FutureWarning: You are using `torch.load` with `weights_only=False` (the current default value), which uses the default pickle module implicitly. It is possible to construct malicious pickle data which will execute arbitrary code during unpickling (See https://github.com/pytorch/pytorch/blob/main/SECURITY.md#untrusted-models for more details). In a future release, the default value for `weights_only` will be flipped to `True`. This limits the functions that could be executed during unpickling. Arbitrary objects will no longer be allowed to be loaded via this mode unless they are explicitly allowlisted by the user via `torch.serialization.add_safe_globals`. We recommend you start setting `weights_only=True` for any use case where you don't have full control of the loaded file. Please open an issue on GitHub for any issues related to this experimental feature.
  model.load_state_dict(torch.load(ck, map_location=device))
/home/ybahaddo/lrad/scripts/run_gridsearch.py:252: FutureWarning: You are using `torch.load` with `weights_only=False` (the current default value), which uses the default pickle module implicitly. It is possible to construct malicious pickle data which will execute arbitrary code during unpickling (See https://github.com/pytorch/pytorch/blob/main/SECURITY.md#untrusted-models for more details). In a future release, the default value for `weights_only` will be flipped to `True`. This limits the functions that could be executed during unpickling. Arbitrary objects will no longer be allowed to be loaded via this mode unless they are explicitly allowlisted by the user via `torch.serialization.add_safe_globals`. We recommend you start setting `weights_only=True` for any use case where you don't have full control of the loaded file. Please open an issue on GitHub for any issues related to this experimental feature.
  model.load_state_dict(torch.load(ck, map_location=device))
[decoders] epoch   1/8  train=0.0675  per_block(train)=[0.0052 0.0061 0.0118 0.0163 0.0281]  (57.8s)
[decoders] epoch   8/8  train=0.0300  per_block(train)=[0.0007 0.0021 0.0047 0.0082 0.0143]  (62.5s)
locfre reference stats fitted on 2048 in-dist images (blocks [1, 3])
-> fused=0.7897  cutpaste=0.6077  bias_p95=0.6442  locfre_b3=0.7621  energy=0.7820  gender_acc=0.985  (838s)
================================================================
[26/30] scar=1 area=(0.02, 0.08) p=0.3 w=1
CutPaste pretext on: {'prob': 0.3, 'area_range': (0.02, 0.08), 'aspect_range': (0.3, 3.3), 'scar_prob': 1.0}  loss_weight=1
No validation set — running the full 6-epoch schedule with no early stopping; final-epoch weights are kept.
epoch   1/6  train_loss=1.2283  train_gender_acc=93.2%  train_attr_acc=[75.9 87.4 88.1 80.2 83.1 83.1]%  (60.4s)
epoch   3/6  train_loss=0.7699  train_gender_acc=97.3%  train_attr_acc=[80.7 91.0 88.8 82.7 91.5 87.0]%  (59.3s)
epoch   6/6  train_loss=0.6567  train_gender_acc=98.3%  train_attr_acc=[82.6 91.6 89.6 83.7 92.5 88.5]%  (60.7s)
/home/ybahaddo/lrad/scripts/run_gridsearch.py:252: FutureWarning: You are using `torch.load` with `weights_only=False` (the current default value), which uses the default pickle module implicitly. It is possible to construct malicious pickle data which will execute arbitrary code during unpickling (See https://github.com/pytorch/pytorch/blob/main/SECURITY.md#untrusted-models for more details). In a future release, the default value for `weights_only` will be flipped to `True`. This limits the functions that could be executed during unpickling. Arbitrary objects will no longer be allowed to be loaded via this mode unless they are explicitly allowlisted by the user via `torch.serialization.add_safe_globals`. We recommend you start setting `weights_only=True` for any use case where you don't have full control of the loaded file. Please open an issue on GitHub for any issues related to this experimental feature.
  model.load_state_dict(torch.load(ck, map_location=device))
/home/ybahaddo/lrad/scripts/run_gridsearch.py:252: FutureWarning: You are using `torch.load` with `weights_only=False` (the current default value), which uses the default pickle module implicitly. It is possible to construct malicious pickle data which will execute arbitrary code during unpickling (See https://github.com/pytorch/pytorch/blob/main/SECURITY.md#untrusted-models for more details). In a future release, the default value for `weights_only` will be flipped to `True`. This limits the functions that could be executed during unpickling. Arbitrary objects will no longer be allowed to be loaded via this mode unless they are explicitly allowlisted by the user via `torch.serialization.add_safe_globals`. We recommend you start setting `weights_only=True` for any use case where you don't have full control of the loaded file. Please open an issue on GitHub for any issues related to this experimental feature.
  model.load_state_dict(torch.load(ck, map_location=device))
/home/ybahaddo/lrad/scripts/run_gridsearch.py:252: FutureWarning: You are using `torch.load` with `weights_only=False` (the current default value), which uses the default pickle module implicitly. It is possible to construct malicious pickle data which will execute arbitrary code during unpickling (See https://github.com/pytorch/pytorch/blob/main/SECURITY.md#untrusted-models for more details). In a future release, the default value for `weights_only` will be flipped to `True`. This limits the functions that could be executed during unpickling. Arbitrary objects will no longer be allowed to be loaded via this mode unless they are explicitly allowlisted by the user via `torch.serialization.add_safe_globals`. We recommend you start setting `weights_only=True` for any use case where you don't have full control of the loaded file. Please open an issue on GitHub for any issues related to this experimental feature.
  model.load_state_dict(torch.load(ck, map_location=device))
/home/ybahaddo/lrad/scripts/run_gridsearch.py:252: FutureWarning: You are using `torch.load` with `weights_only=False` (the current default value), which uses the default pickle module implicitly. It is possible to construct malicious pickle data which will execute arbitrary code during unpickling (See https://github.com/pytorch/pytorch/blob/main/SECURITY.md#untrusted-models for more details). In a future release, the default value for `weights_only` will be flipped to `True`. This limits the functions that could be executed during unpickling. Arbitrary objects will no longer be allowed to be loaded via this mode unless they are explicitly allowlisted by the user via `torch.serialization.add_safe_globals`. We recommend you start setting `weights_only=True` for any use case where you don't have full control of the loaded file. Please open an issue on GitHub for any issues related to this experimental feature.
  model.load_state_dict(torch.load(ck, map_location=device))
/home/ybahaddo/lrad/scripts/run_gridsearch.py:252: FutureWarning: You are using `torch.load` with `weights_only=False` (the current default value), which uses the default pickle module implicitly. It is possible to construct malicious pickle data which will execute arbitrary code during unpickling (See https://github.com/pytorch/pytorch/blob/main/SECURITY.md#untrusted-models for more details). In a future release, the default value for `weights_only` will be flipped to `True`. This limits the functions that could be executed during unpickling. Arbitrary objects will no longer be allowed to be loaded via this mode unless they are explicitly allowlisted by the user via `torch.serialization.add_safe_globals`. We recommend you start setting `weights_only=True` for any use case where you don't have full control of the loaded file. Please open an issue on GitHub for any issues related to this experimental feature.
  model.load_state_dict(torch.load(ck, map_location=device))
/home/ybahaddo/lrad/scripts/run_gridsearch.py:252: FutureWarning: You are using `torch.load` with `weights_only=False` (the current default value), which uses the default pickle module implicitly. It is possible to construct malicious pickle data which will execute arbitrary code during unpickling (See https://github.com/pytorch/pytorch/blob/main/SECURITY.md#untrusted-models for more details). In a future release, the default value for `weights_only` will be flipped to `True`. This limits the functions that could be executed during unpickling. Arbitrary objects will no longer be allowed to be loaded via this mode unless they are explicitly allowlisted by the user via `torch.serialization.add_safe_globals`. We recommend you start setting `weights_only=True` for any use case where you don't have full control of the loaded file. Please open an issue on GitHub for any issues related to this experimental feature.
  model.load_state_dict(torch.load(ck, map_location=device))
[decoders] epoch   1/8  train=0.0679  per_block(train)=[0.0052 0.0062 0.0117 0.0165 0.0283]  (63.1s)
[decoders] epoch   8/8  train=0.0304  per_block(train)=[0.0007 0.0021 0.0047 0.0083 0.0146]  (62.4s)
locfre reference stats fitted on 2048 in-dist images (blocks [1, 3])
-> fused=0.7670  cutpaste=0.5191  bias_p95=0.6487  locfre_b3=0.7636  energy=0.7898  gender_acc=0.983  (893s)
================================================================
[27/30] scar=1 area=(0.02, 0.08) p=0.3 w=2
CutPaste pretext on: {'prob': 0.3, 'area_range': (0.02, 0.08), 'aspect_range': (0.3, 3.3), 'scar_prob': 1.0}  loss_weight=2
No validation set — running the full 6-epoch schedule with no early stopping; final-epoch weights are kept.
epoch   1/6  train_loss=1.4940  train_gender_acc=92.4%  train_attr_acc=[75.4 86.9 88.1 80.0 81.3 82.6]%  (59.9s)
epoch   3/6  train_loss=0.8660  train_gender_acc=97.0%  train_attr_acc=[80.1 90.8 88.5 82.5 91.1 86.4]%  (59.8s)
epoch   6/6  train_loss=0.7194  train_gender_acc=98.1%  train_attr_acc=[82.0 91.4 89.4 83.6 92.2 88.1]%  (59.6s)
/home/ybahaddo/lrad/scripts/run_gridsearch.py:252: FutureWarning: You are using `torch.load` with `weights_only=False` (the current default value), which uses the default pickle module implicitly. It is possible to construct malicious pickle data which will execute arbitrary code during unpickling (See https://github.com/pytorch/pytorch/blob/main/SECURITY.md#untrusted-models for more details). In a future release, the default value for `weights_only` will be flipped to `True`. This limits the functions that could be executed during unpickling. Arbitrary objects will no longer be allowed to be loaded via this mode unless they are explicitly allowlisted by the user via `torch.serialization.add_safe_globals`. We recommend you start setting `weights_only=True` for any use case where you don't have full control of the loaded file. Please open an issue on GitHub for any issues related to this experimental feature.
  model.load_state_dict(torch.load(ck, map_location=device))
/home/ybahaddo/lrad/scripts/run_gridsearch.py:252: FutureWarning: You are using `torch.load` with `weights_only=False` (the current default value), which uses the default pickle module implicitly. It is possible to construct malicious pickle data which will execute arbitrary code during unpickling (See https://github.com/pytorch/pytorch/blob/main/SECURITY.md#untrusted-models for more details). In a future release, the default value for `weights_only` will be flipped to `True`. This limits the functions that could be executed during unpickling. Arbitrary objects will no longer be allowed to be loaded via this mode unless they are explicitly allowlisted by the user via `torch.serialization.add_safe_globals`. We recommend you start setting `weights_only=True` for any use case where you don't have full control of the loaded file. Please open an issue on GitHub for any issues related to this experimental feature.
  model.load_state_dict(torch.load(ck, map_location=device))
/home/ybahaddo/lrad/scripts/run_gridsearch.py:252: FutureWarning: You are using `torch.load` with `weights_only=False` (the current default value), which uses the default pickle module implicitly. It is possible to construct malicious pickle data which will execute arbitrary code during unpickling (See https://github.com/pytorch/pytorch/blob/main/SECURITY.md#untrusted-models for more details). In a future release, the default value for `weights_only` will be flipped to `True`. This limits the functions that could be executed during unpickling. Arbitrary objects will no longer be allowed to be loaded via this mode unless they are explicitly allowlisted by the user via `torch.serialization.add_safe_globals`. We recommend you start setting `weights_only=True` for any use case where you don't have full control of the loaded file. Please open an issue on GitHub for any issues related to this experimental feature.
  model.load_state_dict(torch.load(ck, map_location=device))
/home/ybahaddo/lrad/scripts/run_gridsearch.py:252: FutureWarning: You are using `torch.load` with `weights_only=False` (the current default value), which uses the default pickle module implicitly. It is possible to construct malicious pickle data which will execute arbitrary code during unpickling (See https://github.com/pytorch/pytorch/blob/main/SECURITY.md#untrusted-models for more details). In a future release, the default value for `weights_only` will be flipped to `True`. This limits the functions that could be executed during unpickling. Arbitrary objects will no longer be allowed to be loaded via this mode unless they are explicitly allowlisted by the user via `torch.serialization.add_safe_globals`. We recommend you start setting `weights_only=True` for any use case where you don't have full control of the loaded file. Please open an issue on GitHub for any issues related to this experimental feature.
  model.load_state_dict(torch.load(ck, map_location=device))
/home/ybahaddo/lrad/scripts/run_gridsearch.py:252: FutureWarning: You are using `torch.load` with `weights_only=False` (the current default value), which uses the default pickle module implicitly. It is possible to construct malicious pickle data which will execute arbitrary code during unpickling (See https://github.com/pytorch/pytorch/blob/main/SECURITY.md#untrusted-models for more details). In a future release, the default value for `weights_only` will be flipped to `True`. This limits the functions that could be executed during unpickling. Arbitrary objects will no longer be allowed to be loaded via this mode unless they are explicitly allowlisted by the user via `torch.serialization.add_safe_globals`. We recommend you start setting `weights_only=True` for any use case where you don't have full control of the loaded file. Please open an issue on GitHub for any issues related to this experimental feature.
  model.load_state_dict(torch.load(ck, map_location=device))
/home/ybahaddo/lrad/scripts/run_gridsearch.py:252: FutureWarning: You are using `torch.load` with `weights_only=False` (the current default value), which uses the default pickle module implicitly. It is possible to construct malicious pickle data which will execute arbitrary code during unpickling (See https://github.com/pytorch/pytorch/blob/main/SECURITY.md#untrusted-models for more details). In a future release, the default value for `weights_only` will be flipped to `True`. This limits the functions that could be executed during unpickling. Arbitrary objects will no longer be allowed to be loaded via this mode unless they are explicitly allowlisted by the user via `torch.serialization.add_safe_globals`. We recommend you start setting `weights_only=True` for any use case where you don't have full control of the loaded file. Please open an issue on GitHub for any issues related to this experimental feature.
  model.load_state_dict(torch.load(ck, map_location=device))
[decoders] epoch   1/8  train=0.0684  per_block(train)=[0.0052 0.0061 0.0118 0.0166 0.0287]  (62.4s)
[decoders] epoch   8/8  train=0.0313  per_block(train)=[0.0008 0.0021 0.0048 0.0086 0.0150]  (61.6s)
locfre reference stats fitted on 2048 in-dist images (blocks [1, 3])
-> fused=0.7781  cutpaste=0.6065  bias_p95=0.6431  locfre_b3=0.7672  energy=0.7848  gender_acc=0.981  (887s)
================================================================
[28/30] scar=1 area=(0.02, 0.08) p=0.5 w=0.5
CutPaste pretext on: {'prob': 0.5, 'area_range': (0.02, 0.08), 'aspect_range': (0.3, 3.3), 'scar_prob': 1.0}  loss_weight=0.5
No validation set — running the full 6-epoch schedule with no early stopping; final-epoch weights are kept.
epoch   1/6  train_loss=1.1319  train_gender_acc=93.2%  train_attr_acc=[75.9 87.4 88.0 80.5 83.3 83.2]%  (60.0s)
epoch   3/6  train_loss=0.7517  train_gender_acc=97.2%  train_attr_acc=[80.4 90.9 88.9 82.6 91.4 86.8]%  (62.0s)
epoch   6/6  train_loss=0.6520  train_gender_acc=98.1%  train_attr_acc=[82.3 91.5 89.6 83.7 92.3 88.2]%  (60.8s)
/home/ybahaddo/lrad/scripts/run_gridsearch.py:252: FutureWarning: You are using `torch.load` with `weights_only=False` (the current default value), which uses the default pickle module implicitly. It is possible to construct malicious pickle data which will execute arbitrary code during unpickling (See https://github.com/pytorch/pytorch/blob/main/SECURITY.md#untrusted-models for more details). In a future release, the default value for `weights_only` will be flipped to `True`. This limits the functions that could be executed during unpickling. Arbitrary objects will no longer be allowed to be loaded via this mode unless they are explicitly allowlisted by the user via `torch.serialization.add_safe_globals`. We recommend you start setting `weights_only=True` for any use case where you don't have full control of the loaded file. Please open an issue on GitHub for any issues related to this experimental feature.
  model.load_state_dict(torch.load(ck, map_location=device))
/home/ybahaddo/lrad/scripts/run_gridsearch.py:252: FutureWarning: You are using `torch.load` with `weights_only=False` (the current default value), which uses the default pickle module implicitly. It is possible to construct malicious pickle data which will execute arbitrary code during unpickling (See https://github.com/pytorch/pytorch/blob/main/SECURITY.md#untrusted-models for more details). In a future release, the default value for `weights_only` will be flipped to `True`. This limits the functions that could be executed during unpickling. Arbitrary objects will no longer be allowed to be loaded via this mode unless they are explicitly allowlisted by the user via `torch.serialization.add_safe_globals`. We recommend you start setting `weights_only=True` for any use case where you don't have full control of the loaded file. Please open an issue on GitHub for any issues related to this experimental feature.
  model.load_state_dict(torch.load(ck, map_location=device))
/home/ybahaddo/lrad/scripts/run_gridsearch.py:252: FutureWarning: You are using `torch.load` with `weights_only=False` (the current default value), which uses the default pickle module implicitly. It is possible to construct malicious pickle data which will execute arbitrary code during unpickling (See https://github.com/pytorch/pytorch/blob/main/SECURITY.md#untrusted-models for more details). In a future release, the default value for `weights_only` will be flipped to `True`. This limits the functions that could be executed during unpickling. Arbitrary objects will no longer be allowed to be loaded via this mode unless they are explicitly allowlisted by the user via `torch.serialization.add_safe_globals`. We recommend you start setting `weights_only=True` for any use case where you don't have full control of the loaded file. Please open an issue on GitHub for any issues related to this experimental feature.
  model.load_state_dict(torch.load(ck, map_location=device))
/home/ybahaddo/lrad/scripts/run_gridsearch.py:252: FutureWarning: You are using `torch.load` with `weights_only=False` (the current default value), which uses the default pickle module implicitly. It is possible to construct malicious pickle data which will execute arbitrary code during unpickling (See https://github.com/pytorch/pytorch/blob/main/SECURITY.md#untrusted-models for more details). In a future release, the default value for `weights_only` will be flipped to `True`. This limits the functions that could be executed during unpickling. Arbitrary objects will no longer be allowed to be loaded via this mode unless they are explicitly allowlisted by the user via `torch.serialization.add_safe_globals`. We recommend you start setting `weights_only=True` for any use case where you don't have full control of the loaded file. Please open an issue on GitHub for any issues related to this experimental feature.
  model.load_state_dict(torch.load(ck, map_location=device))
/home/ybahaddo/lrad/scripts/run_gridsearch.py:252: FutureWarning: You are using `torch.load` with `weights_only=False` (the current default value), which uses the default pickle module implicitly. It is possible to construct malicious pickle data which will execute arbitrary code during unpickling (See https://github.com/pytorch/pytorch/blob/main/SECURITY.md#untrusted-models for more details). In a future release, the default value for `weights_only` will be flipped to `True`. This limits the functions that could be executed during unpickling. Arbitrary objects will no longer be allowed to be loaded via this mode unless they are explicitly allowlisted by the user via `torch.serialization.add_safe_globals`. We recommend you start setting `weights_only=True` for any use case where you don't have full control of the loaded file. Please open an issue on GitHub for any issues related to this experimental feature.
  model.load_state_dict(torch.load(ck, map_location=device))
/home/ybahaddo/lrad/scripts/run_gridsearch.py:252: FutureWarning: You are using `torch.load` with `weights_only=False` (the current default value), which uses the default pickle module implicitly. It is possible to construct malicious pickle data which will execute arbitrary code during unpickling (See https://github.com/pytorch/pytorch/blob/main/SECURITY.md#untrusted-models for more details). In a future release, the default value for `weights_only` will be flipped to `True`. This limits the functions that could be executed during unpickling. Arbitrary objects will no longer be allowed to be loaded via this mode unless they are explicitly allowlisted by the user via `torch.serialization.add_safe_globals`. We recommend you start setting `weights_only=True` for any use case where you don't have full control of the loaded file. Please open an issue on GitHub for any issues related to this experimental feature.
  model.load_state_dict(torch.load(ck, map_location=device))
[decoders] epoch   1/8  train=0.0671  per_block(train)=[0.0064 0.0074 0.0105 0.0169 0.0258]  (62.7s)
[decoders] epoch   8/8  train=0.0309  per_block(train)=[0.0007 0.0021 0.0047 0.0084 0.0150]  (61.8s)
locfre reference stats fitted on 2048 in-dist images (blocks [1, 3])
-> fused=0.6591  cutpaste=0.5924  bias_p95=0.6390  locfre_b3=0.7583  energy=0.4057  gender_acc=0.981  (901s)
================================================================
[29/30] scar=1 area=(0.02, 0.08) p=0.5 w=1
CutPaste pretext on: {'prob': 0.5, 'area_range': (0.02, 0.08), 'aspect_range': (0.3, 3.3), 'scar_prob': 1.0}  loss_weight=1
No validation set — running the full 6-epoch schedule with no early stopping; final-epoch weights are kept.
epoch   1/6  train_loss=1.2954  train_gender_acc=92.9%  train_attr_acc=[75.5 87.1 88.0 80.3 82.3 82.8]%  (60.7s)
epoch   3/6  train_loss=0.8067  train_gender_acc=97.1%  train_attr_acc=[80.2 90.9 88.9 82.5 91.1 86.7]%  (59.9s)
epoch   6/6  train_loss=0.6862  train_gender_acc=97.9%  train_attr_acc=[82.1 91.4 89.5 83.7 92.2 88.1]%  (59.8s)
/home/ybahaddo/lrad/scripts/run_gridsearch.py:252: FutureWarning: You are using `torch.load` with `weights_only=False` (the current default value), which uses the default pickle module implicitly. It is possible to construct malicious pickle data which will execute arbitrary code during unpickling (See https://github.com/pytorch/pytorch/blob/main/SECURITY.md#untrusted-models for more details). In a future release, the default value for `weights_only` will be flipped to `True`. This limits the functions that could be executed during unpickling. Arbitrary objects will no longer be allowed to be loaded via this mode unless they are explicitly allowlisted by the user via `torch.serialization.add_safe_globals`. We recommend you start setting `weights_only=True` for any use case where you don't have full control of the loaded file. Please open an issue on GitHub for any issues related to this experimental feature.
  model.load_state_dict(torch.load(ck, map_location=device))
/home/ybahaddo/lrad/scripts/run_gridsearch.py:252: FutureWarning: You are using `torch.load` with `weights_only=False` (the current default value), which uses the default pickle module implicitly. It is possible to construct malicious pickle data which will execute arbitrary code during unpickling (See https://github.com/pytorch/pytorch/blob/main/SECURITY.md#untrusted-models for more details). In a future release, the default value for `weights_only` will be flipped to `True`. This limits the functions that could be executed during unpickling. Arbitrary objects will no longer be allowed to be loaded via this mode unless they are explicitly allowlisted by the user via `torch.serialization.add_safe_globals`. We recommend you start setting `weights_only=True` for any use case where you don't have full control of the loaded file. Please open an issue on GitHub for any issues related to this experimental feature.
  model.load_state_dict(torch.load(ck, map_location=device))
/home/ybahaddo/lrad/scripts/run_gridsearch.py:252: FutureWarning: You are using `torch.load` with `weights_only=False` (the current default value), which uses the default pickle module implicitly. It is possible to construct malicious pickle data which will execute arbitrary code during unpickling (See https://github.com/pytorch/pytorch/blob/main/SECURITY.md#untrusted-models for more details). In a future release, the default value for `weights_only` will be flipped to `True`. This limits the functions that could be executed during unpickling. Arbitrary objects will no longer be allowed to be loaded via this mode unless they are explicitly allowlisted by the user via `torch.serialization.add_safe_globals`. We recommend you start setting `weights_only=True` for any use case where you don't have full control of the loaded file. Please open an issue on GitHub for any issues related to this experimental feature.
  model.load_state_dict(torch.load(ck, map_location=device))
/home/ybahaddo/lrad/scripts/run_gridsearch.py:252: FutureWarning: You are using `torch.load` with `weights_only=False` (the current default value), which uses the default pickle module implicitly. It is possible to construct malicious pickle data which will execute arbitrary code during unpickling (See https://github.com/pytorch/pytorch/blob/main/SECURITY.md#untrusted-models for more details). In a future release, the default value for `weights_only` will be flipped to `True`. This limits the functions that could be executed during unpickling. Arbitrary objects will no longer be allowed to be loaded via this mode unless they are explicitly allowlisted by the user via `torch.serialization.add_safe_globals`. We recommend you start setting `weights_only=True` for any use case where you don't have full control of the loaded file. Please open an issue on GitHub for any issues related to this experimental feature.
  model.load_state_dict(torch.load(ck, map_location=device))
/home/ybahaddo/lrad/scripts/run_gridsearch.py:252: FutureWarning: You are using `torch.load` with `weights_only=False` (the current default value), which uses the default pickle module implicitly. It is possible to construct malicious pickle data which will execute arbitrary code during unpickling (See https://github.com/pytorch/pytorch/blob/main/SECURITY.md#untrusted-models for more details). In a future release, the default value for `weights_only` will be flipped to `True`. This limits the functions that could be executed during unpickling. Arbitrary objects will no longer be allowed to be loaded via this mode unless they are explicitly allowlisted by the user via `torch.serialization.add_safe_globals`. We recommend you start setting `weights_only=True` for any use case where you don't have full control of the loaded file. Please open an issue on GitHub for any issues related to this experimental feature.
  model.load_state_dict(torch.load(ck, map_location=device))
/home/ybahaddo/lrad/scripts/run_gridsearch.py:252: FutureWarning: You are using `torch.load` with `weights_only=False` (the current default value), which uses the default pickle module implicitly. It is possible to construct malicious pickle data which will execute arbitrary code during unpickling (See https://github.com/pytorch/pytorch/blob/main/SECURITY.md#untrusted-models for more details). In a future release, the default value for `weights_only` will be flipped to `True`. This limits the functions that could be executed during unpickling. Arbitrary objects will no longer be allowed to be loaded via this mode unless they are explicitly allowlisted by the user via `torch.serialization.add_safe_globals`. We recommend you start setting `weights_only=True` for any use case where you don't have full control of the loaded file. Please open an issue on GitHub for any issues related to this experimental feature.
  model.load_state_dict(torch.load(ck, map_location=device))
[decoders] epoch   1/8  train=0.0675  per_block(train)=[0.0064 0.0074 0.0105 0.0169 0.0263]  (62.8s)
[decoders] epoch   8/8  train=0.0313  per_block(train)=[0.0008 0.0022 0.0047 0.0084 0.0153]  (62.0s)
locfre reference stats fitted on 2048 in-dist images (blocks [1, 3])
-> fused=0.7214  cutpaste=0.6246  bias_p95=0.6419  locfre_b3=0.7678  energy=0.5508  gender_acc=0.979  (891s)
================================================================
[30/30] scar=1 area=(0.02, 0.08) p=0.5 w=2
CutPaste pretext on: {'prob': 0.5, 'area_range': (0.02, 0.08), 'aspect_range': (0.3, 3.3), 'scar_prob': 1.0}  loss_weight=2
No validation set — running the full 6-epoch schedule with no early stopping; final-epoch weights are kept.
epoch   1/6  train_loss=1.6013  train_gender_acc=92.0%  train_attr_acc=[75.0 86.6 88.0 80.1 80.3 82.4]%  (60.3s)
epoch   3/6  train_loss=0.9096  train_gender_acc=96.9%  train_attr_acc=[79.6 90.7 88.8 82.4 90.8 86.0]%  (59.9s)
epoch   6/6  train_loss=0.7545  train_gender_acc=97.8%  train_attr_acc=[81.6 91.2 89.4 83.5 91.9 87.7]%  (55.9s)
/home/ybahaddo/lrad/scripts/run_gridsearch.py:252: FutureWarning: You are using `torch.load` with `weights_only=False` (the current default value), which uses the default pickle module implicitly. It is possible to construct malicious pickle data which will execute arbitrary code during unpickling (See https://github.com/pytorch/pytorch/blob/main/SECURITY.md#untrusted-models for more details). In a future release, the default value for `weights_only` will be flipped to `True`. This limits the functions that could be executed during unpickling. Arbitrary objects will no longer be allowed to be loaded via this mode unless they are explicitly allowlisted by the user via `torch.serialization.add_safe_globals`. We recommend you start setting `weights_only=True` for any use case where you don't have full control of the loaded file. Please open an issue on GitHub for any issues related to this experimental feature.
  model.load_state_dict(torch.load(ck, map_location=device))
/home/ybahaddo/lrad/scripts/run_gridsearch.py:252: FutureWarning: You are using `torch.load` with `weights_only=False` (the current default value), which uses the default pickle module implicitly. It is possible to construct malicious pickle data which will execute arbitrary code during unpickling (See https://github.com/pytorch/pytorch/blob/main/SECURITY.md#untrusted-models for more details). In a future release, the default value for `weights_only` will be flipped to `True`. This limits the functions that could be executed during unpickling. Arbitrary objects will no longer be allowed to be loaded via this mode unless they are explicitly allowlisted by the user via `torch.serialization.add_safe_globals`. We recommend you start setting `weights_only=True` for any use case where you don't have full control of the loaded file. Please open an issue on GitHub for any issues related to this experimental feature.
  model.load_state_dict(torch.load(ck, map_location=device))
/home/ybahaddo/lrad/scripts/run_gridsearch.py:252: FutureWarning: You are using `torch.load` with `weights_only=False` (the current default value), which uses the default pickle module implicitly. It is possible to construct malicious pickle data which will execute arbitrary code during unpickling (See https://github.com/pytorch/pytorch/blob/main/SECURITY.md#untrusted-models for more details). In a future release, the default value for `weights_only` will be flipped to `True`. This limits the functions that could be executed during unpickling. Arbitrary objects will no longer be allowed to be loaded via this mode unless they are explicitly allowlisted by the user via `torch.serialization.add_safe_globals`. We recommend you start setting `weights_only=True` for any use case where you don't have full control of the loaded file. Please open an issue on GitHub for any issues related to this experimental feature.
  model.load_state_dict(torch.load(ck, map_location=device))
/home/ybahaddo/lrad/scripts/run_gridsearch.py:252: FutureWarning: You are using `torch.load` with `weights_only=False` (the current default value), which uses the default pickle module implicitly. It is possible to construct malicious pickle data which will execute arbitrary code during unpickling (See https://github.com/pytorch/pytorch/blob/main/SECURITY.md#untrusted-models for more details). In a future release, the default value for `weights_only` will be flipped to `True`. This limits the functions that could be executed during unpickling. Arbitrary objects will no longer be allowed to be loaded via this mode unless they are explicitly allowlisted by the user via `torch.serialization.add_safe_globals`. We recommend you start setting `weights_only=True` for any use case where you don't have full control of the loaded file. Please open an issue on GitHub for any issues related to this experimental feature.
  model.load_state_dict(torch.load(ck, map_location=device))
/home/ybahaddo/lrad/scripts/run_gridsearch.py:252: FutureWarning: You are using `torch.load` with `weights_only=False` (the current default value), which uses the default pickle module implicitly. It is possible to construct malicious pickle data which will execute arbitrary code during unpickling (See https://github.com/pytorch/pytorch/blob/main/SECURITY.md#untrusted-models for more details). In a future release, the default value for `weights_only` will be flipped to `True`. This limits the functions that could be executed during unpickling. Arbitrary objects will no longer be allowed to be loaded via this mode unless they are explicitly allowlisted by the user via `torch.serialization.add_safe_globals`. We recommend you start setting `weights_only=True` for any use case where you don't have full control of the loaded file. Please open an issue on GitHub for any issues related to this experimental feature.
  model.load_state_dict(torch.load(ck, map_location=device))
/home/ybahaddo/lrad/scripts/run_gridsearch.py:252: FutureWarning: You are using `torch.load` with `weights_only=False` (the current default value), which uses the default pickle module implicitly. It is possible to construct malicious pickle data which will execute arbitrary code during unpickling (See https://github.com/pytorch/pytorch/blob/main/SECURITY.md#untrusted-models for more details). In a future release, the default value for `weights_only` will be flipped to `True`. This limits the functions that could be executed during unpickling. Arbitrary objects will no longer be allowed to be loaded via this mode unless they are explicitly allowlisted by the user via `torch.serialization.add_safe_globals`. We recommend you start setting `weights_only=True` for any use case where you don't have full control of the loaded file. Please open an issue on GitHub for any issues related to this experimental feature.
  model.load_state_dict(torch.load(ck, map_location=device))
[decoders] epoch   1/8  train=0.0685  per_block(train)=[0.0064 0.0073 0.0104 0.0171 0.0273]  (58.0s)
[decoders] epoch   8/8  train=0.0321  per_block(train)=[0.0008 0.0021 0.0047 0.0087 0.0158]  (57.7s)
locfre reference stats fitted on 2048 in-dist images (blocks [1, 3])
-> fused=0.7112  cutpaste=0.6594  bias_p95=0.6352  locfre_b3=0.7475  energy=0.5232  gender_acc=0.978  (845s)
================================================================
BEST (by fused AUROC=0.8270): paste into training.cutpaste:
  cutpaste:
    prob: 0.5
    area_range: [0.05, 0.15]
    aspect_range: [0.3, 3.3]
    scar_prob: 0
    loss_weight: 0.5
Wrote outputs/celeba_ood/gridsearch_6781780/gridsearch_results.json, gridsearch_auroc.png, gridsearch_epochs.png
